game_date,game_id,player_name,actual_prop_total_passing_plus_rushing_yards,pick,pick_prob,over_prob,under_prob,prop_engine_pr,prop_engine_pr_low,prop_engine_pr_high,espn_player_id,prop_engine_player_id,actual_prop_total_rushing_plus_receiving_yards,prop_engine_rr,prop_engine_rr_low,prop_engine_rr_high,actual_prop_total_tackles,prop_engine_tackles,prop_engine_tackles_low,prop_engine_tackles_high,actual_prop_total_kicking_points,prop_engine_kicking_points,prop_engine_kicking_points_low,prop_engine_kicking_points_high,actual_prop_total_passing_yards,prop_engine_passing_yards,prop_engine_passing_yards_low,prop_engine_passing_yards_high,actual_prop_total_receiving_yards,prop_engine_receiving_yards,prop_engine_receiving_yards_low,prop_engine_receiving_yards_high,actual_prop_total_rushing_yards,prop_engine_rushing_yards,prop_engine_rushing_yards_low,prop_engine_rushing_yards_high,week,prop_type,final_stat,grade,grade_reason
2026-09-10,401872656,Sam Darnold,236.5,under,0.5644,0.4356,0.5644,220.8,114.5,344.9,3912547,00-0034869,,,,,,,,,,,,,,,,,,,,,,,,,1,passing_rushing_yards,13,win,
2026-09-11,401872657,Brock Purdy,265.5,under,0.5619,0.4381,0.5619,250.4,144.3,374.7,4361741,00-0037834,,,,,,,,,,,,,,,,,,,,,,,,,1,passing_rushing_yards,,ungraded,game_not_final
2026-09-13,401872658,Aaron Rodgers,218.5,over,0.5976,0.5976,0.4024,238.6,134.4,359.9,8439,00-0023459,,,,,,,,,,,,,,,,,,,,,,,,,1,passing_rushing_yards,,ungraded,game_not_final
2026-09-13,401872659,Daniel Jones,246.5,under,0.5961,0.4039,0.5961,223.5,119.3,344.7,3917792,00-0035710,,,,,,,,,,,,,,,,,,,,,,,,,1,passing_rushing_yards,,ungraded,game_not_final
2026-09-13,401872660,C.J. Stroud,232.5,over,0.5188,0.5188,0.4812,236.4,130.1,360.5,4432577,00-0039163,,,,,,,,,,,,,,,,,,,,,,,,,1,passing_rushing_yards,,ungraded,game_not_final
2026-09-13,401872660,Josh Allen,260.5,under,0.5830,0.4170,0.5830,240.2,134,364.4,3918298,00-0034857,,,,,,,,,,,,,,,,,,,,,,,,,1,passing_rushing_yards,,ungraded,game_not_final
2026-09-13,401872661,Bryce Young,223.5,under,0.5358,0.4642,0.5358,214.8,108.5,338.9,4685720,00-0039150,,,,,,,,,,,,,,,,,,,,,,,,,1,passing_rushing_yards,,ungraded,game_not_final
2026-09-13,401872661,Caleb Williams,250.5,under,0.5370,0.4630,0.5370,241.5,135.4,365.7,4431611,00-0039918,,,,,,,,,,,,,,,,,,,,,,,,,1,passing_rushing_yards,,ungraded,game_not_final
2026-09-13,401872922,Deshaun Watson,197.5,over,0.6448,0.6448,0.3552,228.3,122,352.4,3122840,00-0033537,,,,,,,,,,,,,,,,,,,,,,,,,1,passing_rushing_yards,,ungraded,game_not_final
2026-09-13,401872922,Trevor Lawrence,254.5,under,0.5382,0.4618,0.5382,245.2,139,369.4,4360310,00-0036971,,,,,,,,,,,,,,,,,,,,,,,,,1,passing_rushing_yards,,ungraded,game_not_final
2026-09-13,401872923,Tyler Shough,266.5,under,0.6763,0.3237,0.6763,222.2,116,346.3,4360689,00-0040743,,,,,,,,,,,,,,,,,,,,,,,,,1,passing_rushing_yards,,ungraded,game_not_final
2026-09-13,401872924,Cam Ward,216.5,over,0.5308,0.5308,0.4692,222.9,116.7,347.1,4688380,00-0040676,,,,,,,,,,,,,,,,,,,,,,,,,1,passing_rushing_yards,,ungraded,game_not_final
2026-09-13,401872924,Geno Smith,212.5,over,0.5191,0.5191,0.4809,216.4,112.2,337.7,15864,00-0030565,,,,,,,,,,,,,,,,,,,,,,,,,1,passing_rushing_yards,,ungraded,game_not_final
2026-09-13,401872925,Baker Mayfield,248.5,over,0.5437,0.5437,0.4563,257.6,151.3,381.7,3052587,00-0034855,,,,,,,,,,,,,,,,,,,,,,,,,1,passing_rushing_yards,,ungraded,game_not_final
2026-09-13,401872925,Joe Burrow,276.5,under,0.5346,0.4654,0.5346,268.1,161.8,392.2,3915511,00-0036442,,,,,,,,,,,,,,,,,,,,,,,,,1,passing_rushing_yards,,ungraded,game_not_final
2026-09-13,401872926,Jacoby Brissett,235.5,under,0.6127,0.3873,0.6127,208.4,104.2,329.7,2578570,00-0033119,,,,,,,,,,,,,,,,,,,,,,,,,1,passing_rushing_yards,,ungraded,game_not_final
2026-09-13,401872926,Justin Herbert,264.5,over,0.5331,0.5331,0.4669,271.4,165.1,395.5,4038941,00-0036355,,,,,,,,,,,,,,,,,,,,,,,,,1,passing_rushing_yards,,ungraded,game_not_final
2026-09-13,401872927,Jordan Love,252.5,under,0.6634,0.3366,0.6634,212.6,108.4,333.8,4036378,00-0036264,,,,,,,,,,,,,,,,,,,,,,,,,1,passing_rushing_yards,,ungraded,game_not_final
2026-09-13,401872927,Kyler Murray,248.5,under,0.5652,0.4348,0.5652,232.6,126.5,356.8,3917315,00-0035228,,,,,,,,,,,,,,,,,,,,,,,,,1,passing_rushing_yards,,ungraded,game_not_final
2026-09-13,401872928,Malik Willis,227.5,under,0.6691,0.3309,0.6691,185.1,78.9,309.3,4242512,00-0038128,,,,,,,,,,,,,,,,,,,,,,,,,1,passing_rushing_yards,,ungraded,game_not_final
2026-09-13,401872929,Jayden Daniels,240.5,under,0.6666,0.3334,0.6666,198.8,92.5,322.9,4426348,00-0039910,,,,,,,,,,,,,,,,,,,,,,,,,1,passing_rushing_yards,,ungraded,game_not_final
2026-09-14,401872930,Dak Prescott,273.5,under,0.5341,0.4659,0.5341,265.2,159.1,389.5,2577417,00-0033077,,,,,,,,,,,,,,,,,,,,,,,,,1,passing_rushing_yards,,ungraded,game_not_final
2026-09-14,401872930,Jaxson Dart,250.5,under,0.6094,0.3906,0.6094,223.6,117.3,347.7,4689114,00-0040691,,,,,,,,,,,,,,,,,,,,,,,,,1,passing_rushing_yards,,ungraded,game_not_final
2026-09-15,401872931,Bo Nix,250.5,over,0.5202,0.5202,0.4798,254.7,148.5,378.9,4426338,00-0039732,,,,,,,,,,,,,,,,,,,,,,,,,1,passing_rushing_yards,,ungraded,game_not_final
2026-09-15,401872931,Patrick Mahomes,252.5,under,0.5887,0.4113,0.5887,230.8,124.5,354.9,3139477,00-0033873,,,,,,,,,,,,,,,,,,,,,,,,,1,passing_rushing_yards,,ungraded,game_not_final
2026-09-10,401872656,Drake Maye,261.5,under,0.6192,0.3808,0.6192,232.1,125.9,356.3,4431452,00-0039851,,,,,,,,,,,,,,,,,,,,,,,,,1,passing_rushing_yards,225,win,
2026-09-13,401872658,Tua Tagovailoa,213.5,under,0.5160,0.4840,0.5160,209.7,105.5,330.9,4241479,00-0036212,,,,,,,,,,,,,,,,,,,,,,,,,1,passing_rushing_yards,,ungraded,game_not_final
2026-09-13,401872659,Lamar Jackson,260.5,under,0.7047,0.2953,0.7047,208.4,102.1,332.5,3916387,00-0034796,,,,,,,,,,,,,,,,,,,,,,,,,1,passing_rushing_yards,,ungraded,game_not_final
2026-09-10,401872656,George Holani,,under,0.7120,0.2880,0.7120,,,,4429835,00-0039299,34.5,8.4,-30.7,68.2,,,,,,,,,,,,,,,,,,,,,1,rushing_receiving_yards,29,win,
2026-09-10,401872656,Rhamondre Stevenson,,under,0.6957,0.3043,0.6957,,,,4569173,00-0036875,88.5,64.6,25.4,124.4,,,,,,,,,,,,,,,,,,,,,1,rushing_receiving_yards,95,loss,
2026-09-11,401872657,Christian McCaffrey,,under,0.5299,0.4701,0.5299,,,,3117251,00-0033280,105.5,102,62.9,161.7,,,,,,,,,,,,,,,,,,,,,1,rushing_receiving_yards,,ungraded,game_not_final
2026-09-11,401872657,Kyren Williams,,over,0.5443,0.5443,0.4557,,,,4430737,00-0037840,70.5,73.9,34.7,133.6,,,,,,,,,,,,,,,,,,,,,1,rushing_receiving_yards,,ungraded,game_not_final
2026-09-13,401872658,Bijan Robinson,,under,0.6662,0.3338,0.6662,,,,4430807,00-0038542,117.5,97.5,58.3,157.2,,,,,,,,,,,,,,,,,,,,,1,rushing_receiving_yards,,ungraded,game_not_final
2026-09-13,401872658,Jaylen Warren,,under,0.6083,0.3917,0.6083,,,,4569987,00-0037228,64.5,51.7,12.5,111.4,,,,,,,,,,,,,,,,,,,,,1,rushing_receiving_yards,,ungraded,game_not_final
2026-09-13,401872658,Rico Dowdle,,under,0.6105,0.3895,0.6105,,,,4038815,00-0036139,58.5,45.4,6.2,105.2,,,,,,,,,,,,,,,,,,,,,1,rushing_receiving_yards,,ungraded,game_not_final
2026-09-13,401872659,Derrick Henry,,under,0.5248,0.4752,0.5248,,,,3043078,00-0032764,89.5,86.6,47.4,146.4,,,,,,,,,,,,,,,,,,,,,1,rushing_receiving_yards,,ungraded,game_not_final
2026-09-13,401872659,Jonathan Taylor,,under,0.6171,0.3829,0.6171,,,,4242335,00-0036223,98.5,84.6,45.4,144.4,,,,,,,,,,,,,,,,,,,,,1,rushing_receiving_yards,,ungraded,game_not_final
2026-09-13,401872659,Justice Hill,,under,0.6036,0.3964,0.6036,,,,4038441,00-0034975,23.5,14.5,-13.4,58.4,,,,,,,,,,,,,,,,,,,,,1,rushing_receiving_yards,,ungraded,game_not_final
2026-09-13,401872660,David Montgomery,,under,0.7179,0.2821,0.7179,,,,4035538,00-0035685,67.5,40.6,1.5,100.4,,,,,,,,,,,,,,,,,,,,,1,rushing_receiving_yards,,ungraded,game_not_final
2026-09-13,401872660,James Cook III,,under,0.6496,0.3504,0.6496,,,,4379399,00-0037248,93.5,75.6,36.4,135.3,,,,,,,,,,,,,,,,,,,,,1,rushing_receiving_yards,,ungraded,game_not_final
2026-09-13,401872660,Woody Marks,,over,0.5170,0.5170,0.4830,,,,4429059,00-0040583,44.5,45.8,6.6,105.5,,,,,,,,,,,,,,,,,,,,,1,rushing_receiving_yards,,ungraded,game_not_final
2026-09-13,401872922,Bhayshul Tuten,,under,0.8384,0.1616,0.8384,,,,4882093,00-0040719,65.5,19.4,-19.8,79.2,,,,,,,,,,,,,,,,,,,,,1,rushing_receiving_yards,,ungraded,game_not_final
2026-09-13,401872922,Quinshon Judkins,,under,0.7106,0.2894,0.7106,,,,4685702,00-0040784,72.5,46.6,7.4,106.4,,,,,,,,,,,,,,,,,,,,,1,rushing_receiving_yards,,ungraded,game_not_final
2026-09-13,401872923,Jahmyr Gibbs,,under,0.7261,0.2739,0.7261,,,,4429795,00-0039139,120.5,92.5,53.3,152.2,,,,,,,,,,,,,,,,,,,,,1,rushing_receiving_yards,,ungraded,game_not_final
2026-09-13,401872923,Travis Etienne Jr.,,under,0.6398,0.3602,0.6398,,,,4239996,00-0036973,78.5,61.8,22.7,121.6,,,,,,,,,,,,,,,,,,,,,1,rushing_receiving_yards,,ungraded,game_not_final
2026-09-13,401872924,Breece Hall,,under,0.5965,0.4035,0.5965,,,,4427366,00-0038120,89.5,78.1,38.9,137.9,,,,,,,,,,,,,,,,,,,,,1,rushing_receiving_yards,,ungraded,game_not_final
2026-09-13,401872924,Tony Pollard,,over,0.5261,0.5261,0.4739,,,,3916148,00-0035261,65.5,67.5,28.3,127.2,,,,,,,,,,,,,,,,,,,,,1,rushing_receiving_yards,,ungraded,game_not_final
2026-09-13,401872924,Tyjae Spears,,under,0.5732,0.4268,0.5732,,,,4428557,00-0039032,43.5,34.9,-4.3,94.6,,,,,,,,,,,,,,,,,,,,,1,rushing_receiving_yards,,ungraded,game_not_final
2026-09-13,401872925,Bucky Irving,,under,0.5623,0.4377,0.5623,,,,4596448,00-0039361,75.5,68.2,29.1,127.9,,,,,,,,,,,,,,,,,,,,,1,rushing_receiving_yards,,ungraded,game_not_final
2026-09-13,401872925,Chase Brown,,under,0.5665,0.4335,0.5665,,,,4362238,00-0038597,88.5,80.7,41.5,140.4,,,,,,,,,,,,,,,,,,,,,1,rushing_receiving_yards,,ungraded,game_not_final
2026-09-13,401872925,Kenny Gainwell,,under,0.5623,0.4377,0.5623,,,,4371733,00-0036919,48.5,41.2,2,100.9,,,,,,,,,,,,,,,,,,,,,1,rushing_receiving_yards,,ungraded,game_not_final
2026-09-13,401872925,Samaje Perine,,under,0.5555,0.4445,0.5555,,,,3116389,00-0033526,30.5,24,-15.2,83.7,,,,,,,,,,,,,,,,,,,,,1,rushing_receiving_yards,,ungraded,game_not_final
2026-09-13,401872926,Omarion Hampton,,over,0.5546,0.5546,0.4454,,,,4685382,00-0040666,85.5,89.7,50.5,149.4,,,,,,,,,,,,,,,,,,,,,1,rushing_receiving_yards,,ungraded,game_not_final
2026-09-13,401872927,Aaron Jones Sr.,,over,0.8804,0.8804,0.1196,,,,3042519,00-0033293,46.5,82.5,43.3,142.2,,,,,,,,,,,,,,,,,,,,,1,rushing_receiving_yards,,ungraded,game_not_final
2026-09-13,401872927,MarShawn Lloyd,,under,0.7363,0.2637,0.7363,,,,4429023,00-0039811,57.5,25,-17.8,90.9,,,,,,,,,,,,,,,,,,,,,1,rushing_receiving_yards,,ungraded,game_not_final
2026-09-13,401872928,De'Von Achane,,under,0.6488,0.3512,0.6488,,,,4429160,00-0039040,104.5,86.7,47.5,146.4,,,,,,,,,,,,,,,,,,,,,1,rushing_receiving_yards,,ungraded,game_not_final
2026-09-13,401872929,Rachaad White,,under,0.5832,0.4168,0.5832,,,,4697815,00-0037256,42.5,32.7,-6.4,92.5,,,,,,,,,,,,,,,,,,,,,1,rushing_receiving_yards,,ungraded,game_not_final
2026-09-13,401872929,Saquon Barkley,,under,0.6496,0.3504,0.6496,,,,3929630,00-0034844,98.5,80.6,41.4,140.3,,,,,,,,,,,,,,,,,,,,,1,rushing_receiving_yards,,ungraded,game_not_final
2026-09-14,401872930,Cam Skattebo,,under,0.6374,0.3626,0.6374,,,,4696981,00-0040715,69.5,53.1,13.9,112.9,,,,,,,,,,,,,,,,,,,,,1,rushing_receiving_yards,,ungraded,game_not_final
2026-09-14,401872930,Javonte Williams,,under,0.7035,0.2965,0.7035,,,,4361579,00-0036997,86.5,61.6,22.4,121.3,,,,,,,,,,,,,,,,,,,,,1,rushing_receiving_yards,,ungraded,game_not_final
2026-09-15,401872931,J.K. Dobbins,,over,0.5739,0.5739,0.4261,,,,4241985,00-0036158,58.5,64.2,25,124,,,,,,,,,,,,,,,,,,,,,1,rushing_receiving_yards,,ungraded,game_not_final
2026-09-15,401872931,Kenneth Walker III,,under,0.6990,0.3010,0.6990,,,,4567048,00-0038134,81.5,57.2,18,116.9,,,,,,,,,,,,,,,,,,,,,1,rushing_receiving_yards,,ungraded,game_not_final
2026-09-15,401872931,RJ Harvey,,over,0.5805,0.5805,0.4195,,,,4568490,00-0040730,39.5,45.7,6.6,105.4,,,,,,,,,,,,,,,,,,,,,1,rushing_receiving_yards,,ungraded,game_not_final
2026-09-10,401872656,Christian Gonzalez,,over,0.5298,0.5298,0.4702,,,,4686772,00-0039147,,,,,3.5,4.0,1.3,7.5,,,,,,,,,,,,,,,,,1,tackles,2,loss,
2026-09-10,401872656,Craig Woodson,,over,0.8027,0.8027,0.1973,,,,4428930,00-0040716,,,,,2.5,4.6,1.9,8.1,,,,,,,,,,,,,,,,,1,tackles,5,win,
2026-09-10,401872656,Devon Witherspoon,,over,0.7013,0.7013,0.2987,,,,4575431,00-0039169,,,,,4.5,5.9,3.3,9.4,,,,,,,,,,,,,,,,,1,tackles,5,win,
2026-09-10,401872656,Josh Jobe,,under,0.5843,0.4157,0.5843,,,,4372020,00-0037137,,,,,3.5,3.4,0.8,7.0,,,,,,,,,,,,,,,,,1,tackles,6,loss,
2026-09-10,401872656,Julian Love,,over,0.7941,0.7941,0.2059,,,,4046675,00-0034974,,,,,3.5,5.5,2.9,9.0,,,,,,,,,,,,,,,,,1,tackles,6,win,
2026-09-10,401872656,Kevin Byard,,over,0.8200,0.8200,0.1800,,,,2574056,00-0033132,,,,,3.5,5.7,3.0,9.1,,,,,,,,,,,,,,,,,1,tackles,5,win,
2026-09-11,401872657,Deommodore Lenoir,,over,0.7047,0.7047,0.2953,,,,4242488,00-0036563,,,,,2.5,4.0,1.3,7.5,,,,,,,,,,,,,,,,,1,tackles,,ungraded,game_not_final
2026-09-11,401872657,Fred Warner,,under,0.6610,0.3390,0.6610,,,,3138826,00-0034815,,,,,5.5,4.7,1.6,8.6,,,,,,,,,,,,,,,,,1,tackles,,ungraded,game_not_final
2026-09-11,401872657,Ji'Ayir Brown,,over,0.7128,0.7128,0.2872,,,,4693644,00-0038554,,,,,3.5,5.0,2.2,8.4,,,,,,,,,,,,,,,,,1,tackles,,ungraded,game_not_final
2026-09-11,401872657,Kam Curl,,over,0.8288,0.8288,0.1712,,,,4242154,00-0036349,,,,,3.5,5.8,3.1,9.3,,,,,,,,,,,,,,,,,1,tackles,,ungraded,game_not_final
2026-09-11,401872657,Myles Garrett,,over,0.6327,0.6327,0.3673,,,,3122132,00-0033868,,,,,1.5,2.9,0.0,6.9,,,,,,,,,,,,,,,,,1,tackles,,ungraded,game_not_final
2026-09-11,401872657,Quentin Lake,,over,0.7450,0.7450,0.2550,,,,4249128,00-0037841,,,,,3.5,5.2,2.5,8.7,,,,,,,,,,,,,,,,,1,tackles,,ungraded,game_not_final
2026-09-11,401872657,Trent McDuffie,,over,0.7311,0.7311,0.2689,,,,4426405,00-0037191,,,,,2.5,3.8,1.6,6.5,,,,,,,,,,,,,,,,,1,tackles,,ungraded,game_not_final
2026-09-14,401872930,Caleb Downs,,over,0.6251,0.6251,0.3749,,,,4870706,00-0040865,,,,,2.5,3.7,0.8,7.5,,,,,,,,,,,,,,,,,1,tackles,,ungraded,game_not_final
2026-09-14,401872930,DaRon Bland,,over,0.8866,0.8866,0.1134,,,,4248911,00-0037275,,,,,2.5,5.3,2.6,8.8,,,,,,,,,,,,,,,,,1,tackles,,ungraded,game_not_final
2026-09-14,401872930,Jalen Thompson,,over,0.8163,0.8163,0.1837,,,,4043089,00-0035705,,,,,3.5,5.7,3.0,9.2,,,,,,,,,,,,,,,,,1,tackles,,ungraded,game_not_final
2026-09-10,401872656,Andy Borregales,,over,0.5664,0.5664,0.4336,,,,4569923,00-0040200,,,,,,,,,6.5,7.1,2.5,12.3,,,,,,,,,,,,,1,kicking_points,4,loss,
2026-09-10,401872656,Jason Myers,,under,0.5352,0.4648,0.5352,,,,2473037,00-0031492,,,,,,,,,7.5,7.1,2.0,12.9,,,,,,,,,,,,,1,kicking_points,7,win,
2026-09-11,401872657,Eddy Pineiro,,over,0.5901,0.5901,0.4099,,,,4034949,00-0034173,,,,,,,,,6.5,7.3,2.8,12.6,,,,,,,,,,,,,1,kicking_points,,ungraded,game_not_final
2026-09-13,401872661,Cairo Santos,,under,0.5481,0.4519,0.5481,,,,17427,00-0031203,,,,,,,,,7.5,7.0,2.5,12.3,,,,,,,,,,,,,1,kicking_points,,ungraded,game_not_final
2026-09-13,401872661,Ryan Fitzgerald,,over,0.5542,0.5542,0.4458,,,,4568263,00-0040279,,,,,,,,,6.5,7.0,2.3,12.4,,,,,,,,,,,,,1,kicking_points,,ungraded,game_not_final
2026-09-13,401872923,Jake Bates,,under,0.6195,0.3805,0.6195,,,,4689936,00-0039172,,,,,,,,,8.5,7.1,2.1,13.0,,,,,,,,,,,,,1,kicking_points,,ungraded,game_not_final
2026-09-13,401872925,Chase McLaughlin,,under,0.5604,0.4396,0.5604,,,,3150744,00-0035358,,,,,,,,,7.5,6.8,1.7,12.7,,,,,,,,,,,,,1,kicking_points,,ungraded,game_not_final
2026-09-13,401872925,Evan McPherson,,under,0.5788,0.4212,0.5788,,,,4360234,00-0036854,,,,,,,,,8.5,7.6,2.5,13.4,,,,,,,,,,,,,1,kicking_points,,ungraded,game_not_final
2026-09-13,401872658,Chris Boswell,,under,0.6028,0.3972,0.6028,,,,17372,00-0031136,,,,,,,,,8.5,7.3,2.2,13.2,,,,,,,,,,,,,1,kicking_points,,ungraded,game_not_final
2026-09-13,401872658,Nick Folk,,over,0.5109,0.5109,0.4891,,,,10621,00-0025565,,,,,,,,,6.5,6.6,1.9,12.1,,,,,,,,,,,,,1,kicking_points,,ungraded,game_not_final
2026-09-13,401872659,Spencer Shrader,,over,0.5599,0.5599,0.4401,,,,4571557,00-0039576,,,,,,,,,6.5,7.1,2.0,12.9,,,,,,,,,,,,,1,kicking_points,,ungraded,game_not_final
2026-09-13,401872659,Tyler Loop,,under,0.5393,0.4607,0.5393,,,,4697745,00-0040074,,,,,,,,,7.5,7.1,2.5,12.3,,,,,,,,,,,,,1,kicking_points,,ungraded,game_not_final
2026-09-13,401872660,Ka'imi Fairbairn,,under,0.5289,0.4711,0.5289,,,,2971573,00-0032726,,,,,,,,,7.5,7.2,2.7,12.5,,,,,,,,,,,,,1,kicking_points,,ungraded,game_not_final
2026-09-13,401872660,Tyler Bass,,under,0.5702,0.4298,0.5702,,,,3917232,00-0036162,,,,,,,,,7.5,6.7,1.6,12.5,,,,,,,,,,,,,1,kicking_points,,ungraded,game_not_final
2026-09-13,401872923,Daniel Carlson,,over,0.5425,0.5425,0.4575,,,,3051909,00-0034161,,,,,,,,,6.5,6.9,2.1,12.3,,,,,,,,,,,,,1,kicking_points,,ungraded,game_not_final
2026-09-10,401872656,Drake Maye,,under,0.5930,0.4070,0.5930,,,,4431452,00-0039851,,,,,,,,,,,,,231.5,212.0,118.5,318.2,,,,,,,,,1,passing_yards,178,win,
2026-09-11,401872657,Brock Purdy,,under,0.5183,0.4817,0.5183,,,,4361741,00-0037834,,,,,,,,,,,,,242.5,238.7,145.3,345.0,,,,,,,,,1,passing_yards,,ungraded,game_not_final
2026-09-11,401872657,Matthew Stafford,,over,0.5164,0.5164,0.4836,,,,12483,00-0026498,,,,,,,,,,,,,263.5,266.5,173.0,372.7,,,,,,,,,1,passing_yards,,ungraded,game_not_final
2026-09-13,401872658,Aaron Rodgers,,over,0.6085,0.6085,0.3915,,,,8439,00-0023459,,,,,,,,,,,,,213.5,233.6,140.1,339.8,,,,,,,,,1,passing_yards,,ungraded,game_not_final
2026-09-13,401872658,Tua Tagovailoa,,under,0.5159,0.4841,0.5159,,,,4241479,00-0036212,,,,,,,,,,,,,208.5,205.2,111.7,311.4,,,,,,,,,1,passing_yards,,ungraded,game_not_final
2026-09-13,401872659,Daniel Jones,,under,0.5935,0.4065,0.5935,,,,3917792,00-0035710,,,,,,,,,,,,,231.5,211.9,118.4,318.1,,,,,,,,,1,passing_yards,,ungraded,game_not_final
2026-09-13,401872660,C.J. Stroud,,over,0.5360,0.5360,0.4640,,,,4432577,00-0039163,,,,,,,,,,,,,219.5,226.1,132.6,332.3,,,,,,,,,1,passing_yards,,ungraded,game_not_final
2026-09-13,401872660,Josh Allen,,under,0.5766,0.4234,0.5766,,,,3918298,00-0034857,,,,,,,,,,,,,223.5,207.5,114.0,313.7,,,,,,,,,1,passing_yards,,ungraded,game_not_final
2026-09-13,401872661,Bryce Young,,under,0.5356,0.4644,0.5356,,,,4685720,00-0039150,,,,,,,,,,,,,206.5,199.1,105.6,305.3,,,,,,,,,1,passing_yards,,ungraded,game_not_final
2026-09-13,401872922,Trevor Lawrence,,under,0.5144,0.4856,0.5144,,,,4360310,00-0036971,,,,,,,,,,,,,232.5,229.5,136.1,335.8,,,,,,,,,1,passing_yards,,ungraded,game_not_final
2026-09-13,401872923,Jared Goff,,under,0.6400,0.3600,0.6400,,,,3046779,00-0033106,,,,,,,,,,,,,262.5,232.8,139.3,339.0,,,,,,,,,1,passing_yards,,ungraded,game_not_final
2026-09-13,401872923,Tyler Shough,,under,0.6750,0.3250,0.6750,,,,4360689,00-0040743,,,,,,,,,,,,,246.5,208.9,115.5,315.1,,,,,,,,,1,passing_yards,,ungraded,game_not_final
2026-09-13,401872924,Geno Smith,,over,0.5393,0.5393,0.4607,,,,15864,00-0030565,,,,,,,,,,,,,203.5,210.7,117.2,316.9,,,,,,,,,1,passing_yards,,ungraded,game_not_final
2026-09-13,401872925,Baker Mayfield,,over,0.5836,0.5836,0.4164,,,,3052587,00-0034855,,,,,,,,,,,,,230.5,245.9,152.4,352.1,,,,,,,,,1,passing_yards,,ungraded,game_not_final
2026-09-13,401872925,Joe Burrow,,under,0.5212,0.4788,0.5212,,,,3915511,00-0036442,,,,,,,,,,,,,266.5,262.1,168.6,368.3,,,,,,,,,1,passing_yards,,ungraded,game_not_final
2026-09-13,401872926,Jacoby Brissett,,under,0.5893,0.4107,0.5893,,,,2578570,00-0033119,,,,,,,,,,,,,222.5,203.8,110.3,310.0,,,,,,,,,1,passing_yards,,ungraded,game_not_final
2026-09-13,401872926,Justin Herbert,,over,0.5911,0.5911,0.4089,,,,4038941,00-0036355,,,,,,,,,,,,,239.5,256.3,162.8,362.5,,,,,,,,,1,passing_yards,,ungraded,game_not_final
2026-09-13,401872927,Jordan Love,,under,0.6605,0.3395,0.6605,,,,4036378,00-0036264,,,,,,,,,,,,,238.5,204.2,110.7,310.4,,,,,,,,,1,passing_yards,,ungraded,game_not_final
2026-09-13,401872927,Kyler Murray,,under,0.5614,0.4386,0.5614,,,,3917315,00-0035228,,,,,,,,,,,,,222.5,209.7,116.3,315.9,,,,,,,,,1,passing_yards,,ungraded,game_not_final
2026-09-13,401872928,Kirk Cousins,,under,0.5289,0.4711,0.5289,,,,14880,00-0029604,,,,,,,,,,,,,209.5,203.5,110.0,309.7,,,,,,,,,1,passing_yards,,ungraded,game_not_final
2026-09-13,401872928,Malik Willis,,under,0.5652,0.4348,0.5652,,,,4242512,00-0038128,,,,,,,,,,,,,183.5,169.9,76.4,276.1,,,,,,,,,1,passing_yards,,ungraded,game_not_final
2026-09-13,401872929,Jalen Hurts,,under,0.5159,0.4841,0.5159,,,,4040715,00-0036389,,,,,,,,,,,,,209.5,206.2,112.7,312.4,,,,,,,,,1,passing_yards,,ungraded,game_not_final
2026-09-13,401872929,Jayden Daniels,,under,0.6728,0.3272,0.6728,,,,4426348,00-0039910,,,,,,,,,,,,,200.5,163.4,69.9,269.6,,,,,,,,,1,passing_yards,,ungraded,game_not_final
2026-09-14,401872930,Dak Prescott,,under,0.5399,0.4601,0.5399,,,,2577417,00-0033077,,,,,,,,,,,,,262.5,254.2,160.8,360.5,,,,,,,,,1,passing_yards,,ungraded,game_not_final
2026-09-14,401872930,Jaxson Dart,,under,0.5728,0.4272,0.5728,,,,4689114,00-0040691,,,,,,,,,,,,,214.5,199.3,105.8,305.5,,,,,,,,,1,passing_yards,,ungraded,game_not_final
2026-09-15,401872931,Bo Nix,,over,0.5098,0.5098,0.4902,,,,4426338,00-0039732,,,,,,,,,,,,,230.5,232.3,138.8,338.5,,,,,,,,,1,passing_yards,,ungraded,game_not_final
2026-09-15,401872931,Patrick Mahomes,,under,0.5742,0.4258,0.5742,,,,3139477,00-0033873,,,,,,,,,,,,,233.5,218.0,124.5,324.2,,,,,,,,,1,passing_yards,,ungraded,game_not_final
2026-09-13,401872661,Caleb Williams,,under,0.5014,0.4986,0.5014,,,,4431611,00-0039918,,,,,,,,,,,,,227.5,227.2,133.8,333.5,,,,,,,,,1,passing_yards,,ungraded,game_not_final
2026-09-13,401872924,Cam Ward,,over,0.5772,0.5772,0.4228,,,,4688380,00-0040676,,,,,,,,,,,,,202.5,216.7,123.2,322.9,,,,,,,,,1,passing_yards,,ungraded,game_not_final
2026-09-10,401872656,Sam Darnold,,under,0.5789,0.4211,0.5789,,,,3912547,00-0034869,,,,,,,,,,,,,228.5,212.0,118.5,318.2,,,,,,,,,1,passing_yards,13,win,
2026-09-13,401872659,Lamar Jackson,,under,0.6654,0.3346,0.6654,,,,3916387,00-0034796,,,,,,,,,,,,,219.5,184.1,90.6,290.3,,,,,,,,,1,passing_yards,,ungraded,game_not_final
2026-09-13,401872922,Deshaun Watson,,over,0.7016,0.7016,0.2984,,,,3122840,00-0033537,,,,,,,,,,,,,173.5,212.1,118.6,318.3,,,,,,,,,1,passing_yards,,ungraded,game_not_final
2026-09-10,401872656,A.J. Brown,,under,0.5436,0.4564,0.5436,,,,4047646,00-0035676,,,,,,,,,,,,,,,,,63.5,59.3,32.7,108.5,,,,,1,receiving_yards,26,win,
2026-09-10,401872656,AJ Barner,,over,0.6709,0.6709,0.3291,,,,4576297,00-0039793,,,,,,,,,,,,,,,,,25.5,32.3,12.6,66.6,,,,,1,receiving_yards,13,loss,
2026-09-10,401872656,Cooper Kupp,,over,0.5384,0.5384,0.4616,,,,2977187,00-0033908,,,,,,,,,,,,,,,,,29.5,31.5,4.9,80.7,,,,,1,receiving_yards,35,win,
2026-09-10,401872656,DeMario Douglas,,under,0.7033,0.2967,0.7033,,,,4427095,00-0038621,,,,,,,,,,,,,,,,,20.5,8.5,-8.6,37.3,,,,,1,receiving_yards,20,win,
2026-09-10,401872656,George Holani,,under,0.6584,0.3416,0.6584,,,,4429835,00-0039299,,,,,,,,,,,,,,,,,10.5,1.3,-15.8,30.2,,,,,1,receiving_yards,0,win,
2026-09-10,401872656,Hunter Henry,,under,0.5962,0.4038,0.5962,,,,3046439,00-0033090,,,,,,,,,,,,,,,,,34.5,28.0,8.3,62.2,,,,,1,receiving_yards,26,win,
2026-09-10,401872656,Jadarian Price,,under,0.5327,0.4673,0.5327,,,,4685512,00-0041512,,,,,,,,,,,,,,,,,8.5,5.9,-16.7,46.5,,,,,1,receiving_yards,6,win,
2026-09-10,401872656,Jaxon Smith-Njigba,,under,0.5104,0.4896,0.5104,,,,4430878,00-0038543,,,,,,,,,,,,,,,,,81.5,80.5,53.8,129.7,,,,,1,receiving_yards,122,loss,
2026-09-10,401872656,Mack Hollins,,over,0.7469,0.7469,0.2531,,,,2991662,00-0033555,,,,,,,,,,,,,,,,,11.5,25.3,-1.3,74.5,,,,,1,receiving_yards,51,win,
2026-09-10,401872656,Rashid Shaheed,,under,0.7889,0.2111,0.7889,,,,4032473,00-0037545,,,,,,,,,,,,,,,,,31.5,13.4,-3.7,42.3,,,,,1,receiving_yards,4,win,
2026-09-10,401872656,Rhamondre Stevenson,,under,0.5706,0.4294,0.5706,,,,4569173,00-0036875,,,,,,,,,,,,,,,,,23.5,19.5,2.3,48.3,,,,,1,receiving_yards,44,loss,
2026-09-10,401872656,Romeo Doubs,,under,0.5997,0.4003,0.5997,,,,4361432,00-0037816,,,,,,,,,,,,,,,,,35.5,25.8,-0.9,75.0,,,,,1,receiving_yards,0,win,
2026-09-11,401872657,Christian McCaffrey,,over,0.5358,0.5358,0.4642,,,,3117251,00-0033280,,,,,,,,,,,,,,,,,40.5,41.7,24.6,70.5,,,,,1,receiving_yards,,ungraded,game_not_final
2026-09-11,401872657,Colby Parkinson,,over,0.6502,0.6502,0.3498,,,,4242557,00-0036244,,,,,,,,,,,,,,,,,19.5,25.4,5.8,59.7,,,,,1,receiving_yards,,ungraded,game_not_final
2026-09-11,401872657,Davante Adams,,under,0.5715,0.4285,0.5715,,,,16800,00-0031381,,,,,,,,,,,,,,,,,51.5,44.6,17.9,93.7,,,,,1,receiving_yards,,ungraded,game_not_final
2026-09-11,401872657,De'Zhaun Stribling,,under,0.8056,0.1944,0.8056,,,,4710714,00-0041035,,,,,,,,,,,,,,,,,35.5,8.2,-14.4,48.8,,,,,1,receiving_yards,,ungraded,game_not_final
2026-09-11,401872657,Deebo Samuel Sr.,,over,0.6229,0.6229,0.3771,,,,3126486,00-0035719,,,,,,,,,,,,,,,,,29.5,36.0,9.4,85.2,,,,,1,receiving_yards,,ungraded,game_not_final
2026-09-11,401872657,Demarcus Robinson,,over,0.5299,0.5299,0.4701,,,,3043116,00-0032775,,,,,,,,,,,,,,,,,11.5,12.5,-4.6,41.3,,,,,1,receiving_yards,,ungraded,game_not_final
2026-09-11,401872657,George Kittle,,over,0.9408,0.9408,0.0592,,,,3040151,00-0033288,,,,,,,,,,,,,,,,,34.5,58.5,38.8,92.7,,,,,1,receiving_yards,,ungraded,game_not_final
2026-09-11,401872657,Kyle Juszczyk,,over,0.7016,0.7016,0.2984,,,,16002,00-0029892,,,,,,,,,,,,,,,,,4.5,11.6,-5.6,40.4,,,,,1,receiving_yards,,ungraded,game_not_final
2026-09-11,401872657,Kyren Williams,,over,0.6535,0.6535,0.3465,,,,4430737,00-0037840,,,,,,,,,,,,,,,,,11.5,16.8,-0.4,45.6,,,,,1,receiving_yards,,ungraded,game_not_final
2026-09-11,401872657,Mike Evans,,over,0.5933,0.5933,0.4067,,,,16737,00-0031408,,,,,,,,,,,,,,,,,49.5,54.4,27.8,103.6,,,,,1,receiving_yards,,ungraded,game_not_final
2026-09-11,401872657,Puka Nacua,,under,0.5786,0.4214,0.5786,,,,4426515,00-0039075,,,,,,,,,,,,,,,,,90.5,82.9,56.2,132.0,,,,,1,receiving_yards,,ungraded,game_not_final
2026-09-11,401872657,Terrance Ferguson,,under,0.7064,0.2936,0.7064,,,,4570037,00-0040737,,,,,,,,,,,,,,,,,24.5,12.3,-4.9,41.1,,,,,1,receiving_yards,,ungraded,game_not_final
2026-09-11,401872657,Tyler Higbee,,over,0.5358,0.5358,0.4642,,,,2573401,00-0033110,,,,,,,,,,,,,,,,,17.5,18.7,1.6,47.5,,,,,1,receiving_yards,,ungraded,game_not_final
2026-09-13,401872658,Bijan Robinson,,under,0.5776,0.4224,0.5776,,,,4430807,00-0038542,,,,,,,,,,,,,,,,,36.5,32.1,14.9,60.9,,,,,1,receiving_yards,,ungraded,game_not_final
2026-09-13,401872658,DK Metcalf,,over,0.6247,0.6247,0.3753,,,,4047650,00-0035640,,,,,,,,,,,,,,,,,50.5,57.1,30.5,106.3,,,,,1,receiving_yards,,ungraded,game_not_final
2026-09-13,401872658,Darnell Washington,,under,0.6307,0.3693,0.6307,,,,4430802,00-0038558,,,,,,,,,,,,,,,,,17.5,10.0,-7.2,38.8,,,,,1,receiving_yards,,ungraded,game_not_final
2026-09-13,401872658,Drake London,,under,0.5083,0.4917,0.5083,,,,4426502,00-0037238,,,,,,,,,,,,,,,,,63.5,62.7,36.1,111.9,,,,,1,receiving_yards,,ungraded,game_not_final
2026-09-13,401872658,Jahan Dotson,,under,0.5863,0.4137,0.5863,,,,4361409,00-0037741,,,,,,,,,,,,,,,,,18.5,13.6,-3.6,42.4,,,,,1,receiving_yards,,ungraded,game_not_final
2026-09-13,401872658,Jaylen Warren,,under,0.6172,0.3828,0.6172,,,,4569987,00-0037228,,,,,,,,,,,,,,,,,16.5,9.8,-7.4,38.6,,,,,1,receiving_yards,,ungraded,game_not_final
2026-09-13,401872658,Kyle Pitts Sr.,,under,0.5149,0.4851,0.5149,,,,4360248,00-0036970,,,,,,,,,,,,,,,,,44.5,43.5,23.8,77.7,,,,,1,receiving_yards,,ungraded,game_not_final
2026-09-13,401872658,Michael Pittman Jr.,,under,0.6130,0.3870,0.6130,,,,4035687,00-0036252,,,,,,,,,,,,,,,,,40.5,29.5,2.8,78.6,,,,,1,receiving_yards,,ungraded,game_not_final
2026-09-13,401872658,Pat Freiermuth,,over,0.5803,0.5803,0.4197,,,,4361411,00-0036894,,,,,,,,,,,,,,,,,25.5,28.6,9.0,62.9,,,,,1,receiving_yards,,ungraded,game_not_final
2026-09-13,401872658,Rico Dowdle,,over,0.5768,0.5768,0.4232,,,,4038815,00-0036139,,,,,,,,,,,,,,,,,9.5,12.1,-5.1,40.9,,,,,1,receiving_yards,,ungraded,game_not_final
2026-09-13,401872659,Alec Pierce,,under,0.5967,0.4033,0.5967,,,,4360078,00-0037664,,,,,,,,,,,,,,,,,45.5,40.0,22.9,68.8,,,,,1,receiving_yards,,ungraded,game_not_final
2026-09-13,401872659,Derrick Henry,,over,0.6172,0.6172,0.3828,,,,3043078,00-0032764,,,,,,,,,,,,,,,,,6.5,10.5,-6.7,39.3,,,,,1,receiving_yards,,ungraded,game_not_final
2026-09-13,401872659,Ja'Kobi Lane,,under,0.6464,0.3536,0.6464,,,,4870847,00-0040870,,,,,,,,,,,,,,,,,20.5,8.6,-14.0,49.2,,,,,1,receiving_yards,,ungraded,game_not_final
2026-09-13,401872659,Jonathan Taylor,,over,0.5089,0.5089,0.4911,,,,4242335,00-0036223,,,,,,,,,,,,,,,,,17.5,17.8,0.6,46.6,,,,,1,receiving_yards,,ungraded,game_not_final
2026-09-13,401872659,Josh Downs,,under,0.6676,0.3324,0.6676,,,,4688813,00-0038997,,,,,,,,,,,,,,,,,44.5,27.9,1.2,77.0,,,,,1,receiving_yards,,ungraded,game_not_final
2026-09-13,401872659,Justice Hill,,under,0.5302,0.4698,0.5302,,,,4038441,00-0034975,,,,,,,,,,,,,,,,,10.5,8.8,-8.4,37.6,,,,,1,receiving_yards,,ungraded,game_not_final
2026-09-13,401872659,Mark Andrews,,over,0.6912,0.6912,0.3088,,,,3116365,00-0034753,,,,,,,,,,,,,,,,,34.5,41.2,24.0,70.0,,,,,1,receiving_yards,,ungraded,game_not_final
2026-09-13,401872659,Rashod Bateman,,under,0.6686,0.3314,0.6686,,,,4360939,00-0036550,,,,,,,,,,,,,,,,,26.5,16.7,-0.5,45.5,,,,,1,receiving_yards,,ungraded,game_not_final
2026-09-13,401872659,Tyler Warren,,over,0.6077,0.6077,0.3923,,,,4431459,00-0040128,,,,,,,,,,,,,,,,,47.5,51.7,32.0,85.9,,,,,1,receiving_yards,,ungraded,game_not_final
2026-09-13,401872659,Zay Flowers,,under,0.7078,0.2922,0.7078,,,,4429615,00-0039064,,,,,,,,,,,,,,,,,65.5,44.5,17.8,93.7,,,,,1,receiving_yards,,ungraded,game_not_final
2026-09-13,401872660,DJ Moore,,under,0.5156,0.4844,0.5156,,,,3915416,00-0034827,,,,,,,,,,,,,,,,,49.5,48.0,21.4,97.2,,,,,1,receiving_yards,,ungraded,game_not_final
2026-09-13,401872660,Dalton Kincaid,,under,0.6507,0.3493,0.6507,,,,4385690,00-0038933,,,,,,,,,,,,,,,,,36.5,27.8,10.7,56.6,,,,,1,receiving_yards,,ungraded,game_not_final
2026-09-13,401872660,Dalton Schultz,,under,0.5625,0.4375,0.5625,,,,3117256,00-0034383,,,,,,,,,,,,,,,,,32.5,28.3,8.6,62.5,,,,,1,receiving_yards,,ungraded,game_not_final
2026-09-13,401872660,David Montgomery,,under,0.5265,0.4735,0.5265,,,,4035538,00-0035685,,,,,,,,,,,,,,,,,8.5,7.0,-10.1,35.9,,,,,1,receiving_yards,,ungraded,game_not_final
2026-09-13,401872660,Dawson Knox,,over,0.6313,0.6313,0.3687,,,,3930086,00-0035689,,,,,,,,,,,,,,,,,14.5,19.0,1.8,47.8,,,,,1,receiving_yards,,ungraded,game_not_final
2026-09-13,401872660,James Cook III,,over,0.5089,0.5089,0.4911,,,,4379399,00-0037248,,,,,,,,,,,,,,,,,14.5,14.8,-2.4,43.6,,,,,1,receiving_yards,,ungraded,game_not_final
2026-09-13,401872660,Kayshon Boutte,,under,0.5880,0.4120,0.5880,,,,4429022,00-0038608,,,,,,,,,,,,,,,,,26.5,21.5,4.3,50.3,,,,,1,receiving_yards,,ungraded,game_not_final
2026-09-13,401872660,Khalil Shakir,,under,0.5559,0.4441,0.5559,,,,4373678,00-0037261,,,,,,,,,,,,,,,,,36.5,31.1,4.5,80.3,,,,,1,receiving_yards,,ungraded,game_not_final
2026-09-13,401872660,Nico Collins,,over,0.5707,0.5707,0.4293,,,,4258173,00-0036554,,,,,,,,,,,,,,,,,68.5,72.2,45.6,121.4,,,,,1,receiving_yards,,ungraded,game_not_final
2026-09-13,401872660,Woody Marks,,under,0.5355,0.4645,0.5355,,,,4429059,00-0040583,,,,,,,,,,,,,,,,,9.5,7.5,-9.7,36.3,,,,,1,receiving_yards,,ungraded,game_not_final
2026-09-13,401872660,Xavier Hutchinson,,under,0.5619,0.4381,0.5619,,,,4686422,00-0038618,,,,,,,,,,,,,,,,,17.5,14.0,-3.1,42.8,,,,,1,receiving_yards,,ungraded,game_not_final
2026-09-13,401872661,Cole Kmet,,over,0.5533,0.5533,0.4467,,,,4258595,00-0036290,,,,,,,,,,,,,,,,,15.5,17.3,0.1,46.1,,,,,1,receiving_yards,,ungraded,game_not_final
2026-09-13,401872661,Jalen Coker,,under,0.6971,0.3029,0.6971,,,,4695883,00-0039491,,,,,,,,,,,,,,,,,40.5,28.9,11.7,57.7,,,,,1,receiving_yards,,ungraded,game_not_final
2026-09-13,401872661,Kalif Raymond,,under,0.6257,0.3743,0.6257,,,,2973405,00-0032464,,,,,,,,,,,,,,,,,16.5,9.3,-7.9,38.1,,,,,1,receiving_yards,,ungraded,game_not_final
2026-09-13,401872661,Luther Burden III,,under,0.7069,0.2931,0.7069,,,,4685278,00-0040735,,,,,,,,,,,,,,,,,55.5,34.6,8.0,83.8,,,,,1,receiving_yards,,ungraded,game_not_final
2026-09-13,401872661,Rome Odunze,,under,0.5967,0.4033,0.5967,,,,4431299,00-0039919,,,,,,,,,,,,,,,,,44.5,35.1,8.4,84.3,,,,,1,receiving_yards,,ungraded,game_not_final
2026-09-13,401872661,Tetairoa McMillan,,under,0.6187,0.3813,0.6187,,,,4685472,00-0040124,,,,,,,,,,,,,,,,,59.5,47.9,21.3,97.1,,,,,1,receiving_yards,,ungraded,game_not_final
2026-09-13,401872661,Tommy Tremble,,over,0.5090,0.5090,0.4910,,,,4372780,00-0037005,,,,,,,,,,,,,,,,,11.5,11.8,-5.3,40.6,,,,,1,receiving_yards,,ungraded,game_not_final
2026-09-13,401872661,Xavier Legette,,under,0.5478,0.4522,0.5478,,,,4430034,00-0039342,,,,,,,,,,,,,,,,,18.5,15.8,-1.4,44.6,,,,,1,receiving_yards,,ungraded,game_not_final
2026-09-13,401872922,Bhayshul Tuten,,under,0.6341,0.3659,0.6341,,,,4882093,00-0040719,,,,,,,,,,,,,,,,,11.5,3.8,-13.4,32.6,,,,,1,receiving_yards,,ungraded,game_not_final
2026-09-13,401872922,Brenton Strange,,under,0.6161,0.3839,0.6161,,,,4430539,00-0038935,,,,,,,,,,,,,,,,,34.5,26.6,7.0,60.9,,,,,1,receiving_yards,,ungraded,game_not_final
2026-09-13,401872922,Brian Thomas Jr.,,over,0.6536,0.6536,0.3464,,,,4432773,00-0039893,,,,,,,,,,,,,,,,,38.5,46.7,20.1,95.9,,,,,1,receiving_yards,,ungraded,game_not_final
2026-09-13,401872922,Denzel Boston,,under,0.7086,0.2914,0.7086,,,,4832800,00-0041037,,,,,,,,,,,,,,,,,23.5,6.1,-16.5,46.7,,,,,1,receiving_yards,,ungraded,game_not_final
2026-09-13,401872922,Harold Fannin Jr.,,over,0.7423,0.7423,0.2577,,,,5083076,00-0040663,,,,,,,,,,,,,,,,,32.5,42.5,22.8,76.7,,,,,1,receiving_yards,,ungraded,game_not_final
2026-09-13,401872922,Jakobi Meyers,,over,0.5382,0.5382,0.4618,,,,3916433,00-0034960,,,,,,,,,,,,,,,,,35.5,37.5,10.8,86.7,,,,,1,receiving_yards,,ungraded,game_not_final
2026-09-13,401872922,Jerry Jeudy,,over,0.6918,0.6918,0.3082,,,,4241463,00-0036407,,,,,,,,,,,,,,,,,29.5,39.9,13.3,89.1,,,,,1,receiving_yards,,ungraded,game_not_final
2026-09-13,401872922,KC Concepcion,,under,0.7714,0.2286,0.7714,,,,4870653,00-0041547,,,,,,,,,,,,,,,,,32.5,9.0,-13.7,49.5,,,,,1,receiving_yards,,ungraded,game_not_final
2026-09-13,401872922,Parker Washington,,under,0.6571,0.3429,0.6571,,,,4432620,00-0038606,,,,,,,,,,,,,,,,,53.5,38.0,11.3,87.1,,,,,1,receiving_yards,,ungraded,game_not_final
2026-09-13,401872922,Quinshon Judkins,,over,0.5971,0.5971,0.4029,,,,4685702,00-0040784,,,,,,,,,,,,,,,,,9.5,12.8,-4.4,41.6,,,,,1,receiving_yards,,ungraded,game_not_final
2026-09-13,401872923,Amon-Ra St. Brown,,under,0.6666,0.3334,0.6666,,,,4374302,00-0036963,,,,,,,,,,,,,,,,,77.5,61.0,34.3,110.1,,,,,1,receiving_yards,,ungraded,game_not_final
2026-09-13,401872923,Chris Olave,,over,0.6660,0.6660,0.3340,,,,4361370,00-0037239,,,,,,,,,,,,,,,,,76.5,85.4,58.8,134.6,,,,,1,receiving_yards,,ungraded,game_not_final
2026-09-13,401872923,Devaughn Vele,,under,0.6358,0.3642,0.6358,,,,4569559,00-0039424,,,,,,,,,,,,,,,,,39.5,26.2,-0.5,75.3,,,,,1,receiving_yards,,ungraded,game_not_final
2026-09-13,401872923,Isaac TeSlaa,,under,0.5228,0.4772,0.5228,,,,5123663,00-0040669,,,,,,,,,,,,,,,,,17.5,15.3,-11.4,64.5,,,,,1,receiving_yards,,ungraded,game_not_final
2026-09-13,401872923,Jahmyr Gibbs,,over,0.6341,0.6341,0.3659,,,,4429795,00-0039139,,,,,,,,,,,,,,,,,30.5,35.1,17.9,63.9,,,,,1,receiving_yards,,ungraded,game_not_final
2026-09-13,401872923,Jameson Williams,,under,0.6804,0.3196,0.6804,,,,4426388,00-0037240,,,,,,,,,,,,,,,,,59.5,41.5,14.9,90.7,,,,,1,receiving_yards,,ungraded,game_not_final
2026-09-13,401872923,Sam LaPorta,,over,0.5620,0.5620,0.4380,,,,4430027,00-0039065,,,,,,,,,,,,,,,,,40.5,42.9,23.2,77.2,,,,,1,receiving_yards,,ungraded,game_not_final
2026-09-13,401872923,Travis Etienne Jr.,,under,0.5284,0.4716,0.5284,,,,4239996,00-0036973,,,,,,,,,,,,,,,,,17.5,15.9,-1.2,44.7,,,,,1,receiving_yards,,ungraded,game_not_final
2026-09-13,401872924,Breece Hall,,over,0.5030,0.5030,0.4970,,,,4427366,00-0038120,,,,,,,,,,,,,,,,,19.5,19.6,2.4,48.4,,,,,1,receiving_yards,,ungraded,game_not_final
2026-09-13,401872924,Calvin Ridley,,under,0.5353,0.4647,0.5353,,,,3925357,00-0034837,,,,,,,,,,,,,,,,,27.5,24.1,-2.5,73.3,,,,,1,receiving_yards,,ungraded,game_not_final
2026-09-13,401872924,Carnell Tate,,under,0.7553,0.2447,0.7553,,,,4871023,00-0041438,,,,,,,,,,,,,,,,,38.5,16.6,-6.1,57.2,,,,,1,receiving_yards,,ungraded,game_not_final
2026-09-13,401872924,Garrett Wilson,,under,0.6780,0.3220,0.6780,,,,4569618,00-0037740,,,,,,,,,,,,,,,,,58.5,40.8,14.1,89.9,,,,,1,receiving_yards,,ungraded,game_not_final
2026-09-13,401872924,Gunnar Helm,,over,0.6057,0.6057,0.3943,,,,4686728,00-0040584,,,,,,,,,,,,,,,,,21.5,25.1,7.9,53.9,,,,,1,receiving_yards,,ungraded,game_not_final
2026-09-13,401872924,Mason Taylor,,over,0.6709,0.6709,0.3291,,,,4808766,00-0040736,,,,,,,,,,,,,,,,,19.5,26.3,6.6,60.6,,,,,1,receiving_yards,,ungraded,game_not_final
2026-09-13,401872924,Tony Pollard,,over,0.5327,0.5327,0.4673,,,,3916148,00-0035261,,,,,,,,,,,,,,,,,9.5,10.6,-6.6,39.4,,,,,1,receiving_yards,,ungraded,game_not_final
2026-09-13,401872924,Tyjae Spears,,under,0.5089,0.4911,0.5089,,,,4428557,00-0039032,,,,,,,,,,,,,,,,,17.5,17.0,-0.2,45.8,,,,,1,receiving_yards,,ungraded,game_not_final
2026-09-13,401872924,Wan'Dale Robinson,,under,0.6128,0.3872,0.6128,,,,4569587,00-0038117,,,,,,,,,,,,,,,,,42.5,31.5,4.9,80.7,,,,,1,receiving_yards,,ungraded,game_not_final
2026-09-13,401872925,Bucky Irving,,over,0.5684,0.5684,0.4316,,,,4596448,00-0039361,,,,,,,,,,,,,,,,,14.5,16.8,-0.3,45.6,,,,,1,receiving_yards,,ungraded,game_not_final
2026-09-13,401872925,Cade Otton,,under,0.5124,0.4876,0.5124,,,,4243331,00-0038129,,,,,,,,,,,,,,,,,27.5,26.8,9.6,55.6,,,,,1,receiving_yards,,ungraded,game_not_final
2026-09-13,401872925,Chase Brown,,under,0.5018,0.4982,0.5018,,,,4362238,00-0038597,,,,,,,,,,,,,,,,,23.5,23.4,6.2,52.2,,,,,1,receiving_yards,,ungraded,game_not_final
2026-09-13,401872925,Chris Godwin Jr.,,over,0.6393,0.6393,0.3607,,,,3116165,00-0033921,,,,,,,,,,,,,,,,,41.5,48.9,22.3,98.1,,,,,1,receiving_yards,,ungraded,game_not_final
2026-09-13,401872925,Emeka Egbuka,,under,0.5197,0.4803,0.5197,,,,4567750,00-0040129,,,,,,,,,,,,,,,,,53.5,51.6,25.0,100.8,,,,,1,receiving_yards,,ungraded,game_not_final
2026-09-13,401872925,Ja'Marr Chase,,under,0.5662,0.4338,0.5662,,,,4362628,00-0036900,,,,,,,,,,,,,,,,,86.5,80.1,53.4,129.3,,,,,1,receiving_yards,,ungraded,game_not_final
2026-09-13,401872925,Jalen McMillan,,under,0.5539,0.4461,0.5539,,,,4430834,00-0039855,,,,,,,,,,,,,,,,,34.5,29.3,2.6,78.5,,,,,1,receiving_yards,,ungraded,game_not_final
2026-09-13,401872925,Kenny Gainwell,,under,0.5880,0.4120,0.5880,,,,4371733,00-0036919,,,,,,,,,,,,,,,,,21.5,16.5,-0.7,45.3,,,,,1,receiving_yards,,ungraded,game_not_final
2026-09-13,401872925,Mike Gesicki,,over,0.5059,0.5059,0.4941,,,,3116164,00-0034829,,,,,,,,,,,,,,,,,20.5,20.7,3.5,49.5,,,,,1,receiving_yards,,ungraded,game_not_final
2026-09-13,401872925,Samaje Perine,,over,0.5415,0.5415,0.4585,,,,3116389,00-0033526,,,,,,,,,,,,,,,,,6.5,7.9,-9.3,36.7,,,,,1,receiving_yards,,ungraded,game_not_final
2026-09-13,401872925,Tee Higgins,,under,0.6906,0.3094,0.6906,,,,4239993,00-0036410,,,,,,,,,,,,,,,,,65.5,46.4,19.8,95.6,,,,,1,receiving_yards,,ungraded,game_not_final
2026-09-13,401872926,Charlie Kolar,,under,0.6374,0.3626,0.6374,,,,4241263,00-0038046,,,,,,,,,,,,,,,,,16.5,8.6,-8.5,37.4,,,,,1,receiving_yards,,ungraded,game_not_final
2026-09-13,401872926,Kendrick Bourne,,under,0.5949,0.4051,0.5949,,,,3045523,00-0033307,,,,,,,,,,,,,,,,,18.5,13.1,-4.0,41.9,,,,,1,receiving_yards,,ungraded,game_not_final
2026-09-13,401872926,Ladd McConkey,,under,0.5689,0.4311,0.5689,,,,4612826,00-0039915,,,,,,,,,,,,,,,,,54.5,50.6,33.5,79.4,,,,,1,receiving_yards,,ungraded,game_not_final
2026-09-13,401872926,Marvin Harrison Jr.,,under,0.7884,0.2116,0.7884,,,,4432708,00-0039849,,,,,,,,,,,,,,,,,47.5,29.5,12.3,58.3,,,,,1,receiving_yards,,ungraded,game_not_final
2026-09-13,401872926,Michael Wilson,,over,0.5517,0.5517,0.4483,,,,4360761,00-0038559,,,,,,,,,,,,,,,,,40.5,43.2,16.6,92.4,,,,,1,receiving_yards,,ungraded,game_not_final
2026-09-13,401872926,Omarion Hampton,,over,0.8697,0.8697,0.1303,,,,4685382,00-0040666,,,,,,,,,,,,,,,,,13.5,28.6,11.4,57.4,,,,,1,receiving_yards,,ungraded,game_not_final
2026-09-13,401872926,Quentin Johnston,,under,0.6028,0.3972,0.6028,,,,4429025,00-0038544,,,,,,,,,,,,,,,,,42.5,32.5,5.9,81.7,,,,,1,receiving_yards,,ungraded,game_not_final
2026-09-13,401872926,Tre' Harris,,under,0.7118,0.2882,0.7118,,,,4686612,00-0040727,,,,,,,,,,,,,,,,,26.5,13.9,-3.2,42.8,,,,,1,receiving_yards,,ungraded,game_not_final
2026-09-13,401872926,Trey McBride,,over,0.5774,0.5774,0.4226,,,,4361307,00-0037744,,,,,,,,,,,,,,,,,56.5,59.5,39.8,93.7,,,,,1,receiving_yards,,ungraded,game_not_final
2026-09-13,401872927,Aaron Jones Sr.,,over,0.6886,0.6886,0.3114,,,,3042519,00-0033293,,,,,,,,,,,,,,,,,14.5,21.1,3.9,49.9,,,,,1,receiving_yards,,ungraded,game_not_final
2026-09-13,401872927,Christian Watson,,under,0.5021,0.4979,0.5021,,,,4248528,00-0038124,,,,,,,,,,,,,,,,,54.5,54.3,27.6,103.5,,,,,1,receiving_yards,,ungraded,game_not_final
2026-09-13,401872927,Jayden Reed,,under,0.5612,0.4388,0.5612,,,,4362249,00-0039146,,,,,,,,,,,,,,,,,39.5,33.6,6.9,82.7,,,,,1,receiving_yards,,ungraded,game_not_final
2026-09-13,401872927,Jordan Addison,,under,0.7435,0.2565,0.7435,,,,4429205,00-0038994,,,,,,,,,,,,,,,,,43.5,28.8,11.6,57.6,,,,,1,receiving_yards,,ungraded,game_not_final
2026-09-13,401872927,Justin Jefferson,,under,0.6704,0.3296,0.6704,,,,4262921,00-0036322,,,,,,,,,,,,,,,,,75.5,58.6,31.9,107.7,,,,,1,receiving_yards,,ungraded,game_not_final
2026-09-13,401872927,MarShawn Lloyd,,under,0.5496,0.4504,0.5496,,,,4429023,00-0039811,,,,,,,,,,,,,,,,,9.5,6.4,-12.2,38.3,,,,,1,receiving_yards,,ungraded,game_not_final
2026-09-13,401872927,Matthew Golden,,under,0.8384,0.1616,0.8384,,,,4701936,00-0040667,,,,,,,,,,,,,,,,,38.5,16.3,-0.8,45.1,,,,,1,receiving_yards,,ungraded,game_not_final
2026-09-13,401872927,T.J. Hockenson,,over,0.7865,0.7865,0.2135,,,,4036133,00-0035229,,,,,,,,,,,,,,,,,27.5,38.1,21.0,66.9,,,,,1,receiving_yards,,ungraded,game_not_final
2026-09-13,401872927,Tucker Kraft,,under,0.5728,0.4272,0.5728,,,,4572680,00-0038996,,,,,,,,,,,,,,,,,44.5,39.6,19.9,73.8,,,,,1,receiving_yards,,ungraded,game_not_final
2026-09-13,401872928,Brock Bowers,,under,0.7078,0.2922,0.7078,,,,4432665,00-0039338,,,,,,,,,,,,,,,,,65.5,50.9,31.2,85.1,,,,,1,receiving_yards,,ungraded,game_not_final
2026-09-13,401872928,Caleb Douglas,,under,0.7240,0.2760,0.7240,,,,4869645,00-0041523,,,,,,,,,,,,,,,,,28.5,9.7,-13.0,50.2,,,,,1,receiving_yards,,ungraded,game_not_final
2026-09-13,401872928,De'Von Achane,,under,0.5319,0.4681,0.5319,,,,4429160,00-0039040,,,,,,,,,,,,,,,,,28.5,26.7,9.5,55.5,,,,,1,receiving_yards,,ungraded,game_not_final
2026-09-13,401872928,Greg Dulcich,,over,0.7231,0.7231,0.2769,,,,4367209,00-0037252,,,,,,,,,,,,,,,,,27.5,35.4,18.3,64.2,,,,,1,receiving_yards,,ungraded,game_not_final
2026-09-13,401872928,Jack Bech,,under,0.5021,0.4979,0.5021,,,,4603186,00-0040729,,,,,,,,,,,,,,,,,17.5,17.3,-9.4,66.5,,,,,1,receiving_yards,,ungraded,game_not_final
2026-09-13,401872928,Jalen Nailor,,under,0.8438,0.1562,0.8438,,,,4382466,00-0037291,,,,,,,,,,,,,,,,,37.5,14.8,-2.3,43.6,,,,,1,receiving_yards,,ungraded,game_not_final
2026-09-13,401872928,Malik Washington,,under,0.6189,0.3811,0.6189,,,,4569603,00-0039880,,,,,,,,,,,,,,,,,27.5,20.7,3.5,49.5,,,,,1,receiving_yards,,ungraded,game_not_final
2026-09-13,401872928,Michael Mayer,,under,0.7476,0.2524,0.7476,,,,4429086,00-0039066,,,,,,,,,,,,,,,,,40.5,22.7,3.0,56.9,,,,,1,receiving_yards,,ungraded,game_not_final
2026-09-13,401872928,Tre Tucker,,under,0.5957,0.4043,0.5957,,,,4428718,00-0038563,,,,,,,,,,,,,,,,,48.5,39.2,12.6,88.4,,,,,1,receiving_yards,,ungraded,game_not_final
2026-09-13,401872929,Chig Okonkwo,,over,0.5259,0.5259,0.4741,,,,4360635,00-0037809,,,,,,,,,,,,,,,,,25.5,26.5,6.8,60.8,,,,,1,receiving_yards,,ungraded,game_not_final
2026-09-13,401872929,Dallas Goedert,,over,0.6543,0.6543,0.3457,,,,3121023,00-0034351,,,,,,,,,,,,,,,,,35.5,41.6,21.9,75.8,,,,,1,receiving_yards,,ungraded,game_not_final
2026-09-13,401872929,DeVonta Smith,,under,0.5776,0.4224,0.5776,,,,4241478,00-0036912,,,,,,,,,,,,,,,,,66.5,59.0,32.3,108.1,,,,,1,receiving_yards,,ungraded,game_not_final
2026-09-13,401872929,Dontayvion Wicks,,under,0.8011,0.1989,0.8011,,,,4428850,00-0038393,,,,,,,,,,,,,,,,,29.5,10.5,-6.6,39.3,,,,,1,receiving_yards,,ungraded,game_not_final
2026-09-13,401872929,Makai Lemon,,under,0.7086,0.2914,0.7086,,,,4870795,00-0040867,,,,,,,,,,,,,,,,,23.5,6.1,-16.5,46.7,,,,,1,receiving_yards,,ungraded,game_not_final
2026-09-13,401872929,Rachaad White,,under,0.5773,0.4227,0.5773,,,,4697815,00-0037256,,,,,,,,,,,,,,,,,14.5,10.1,-7.0,39.0,,,,,1,receiving_yards,,ungraded,game_not_final
2026-09-13,401872929,Saquon Barkley,,under,0.5654,0.4346,0.5654,,,,3929630,00-0034844,,,,,,,,,,,,,,,,,16.5,12.8,-4.4,41.6,,,,,1,receiving_yards,,ungraded,game_not_final
2026-09-13,401872929,Stefon Diggs,,under,0.5332,0.4668,0.5332,,,,2976212,00-0031588,,,,,,,,,,,,,,,,,40.5,37.3,10.6,86.5,,,,,1,receiving_yards,,ungraded,game_not_final
2026-09-13,401872929,Terry McLaurin,,over,0.6078,0.6078,0.3922,,,,3121422,00-0035659,,,,,,,,,,,,,,,,,49.5,55.2,28.5,104.4,,,,,1,receiving_yards,,ungraded,game_not_final
2026-09-14,401872930,CeeDee Lamb,,under,0.6335,0.3665,0.6335,,,,4241389,00-0036358,,,,,,,,,,,,,,,,,77.5,64.4,37.8,113.6,,,,,1,receiving_yards,,ungraded,game_not_final
2026-09-14,401872930,George Pickens,,under,0.6997,0.3003,0.6997,,,,4426354,00-0037247,,,,,,,,,,,,,,,,,67.5,47.4,20.7,96.6,,,,,1,receiving_yards,,ungraded,game_not_final
2026-09-14,401872930,Isaiah Likely,,under,0.7334,0.2666,0.7334,,,,4361050,00-0037838,,,,,,,,,,,,,,,,,36.5,22.5,5.3,51.3,,,,,1,receiving_yards,,ungraded,game_not_final
2026-09-14,401872930,Jake Ferguson,,under,0.5018,0.4982,0.5018,,,,4242355,00-0038041,,,,,,,,,,,,,,,,,30.5,30.4,13.3,59.2,,,,,1,receiving_yards,,ungraded,game_not_final
2026-09-14,401872930,Javonte Williams,,over,0.5297,0.5297,0.4703,,,,4361579,00-0036997,,,,,,,,,,,,,,,,,9.5,10.5,-6.7,39.3,,,,,1,receiving_yards,,ungraded,game_not_final
2026-09-14,401872930,Malachi Fields,,under,0.6479,0.3521,0.6479,,,,4682648,00-0041042,,,,,,,,,,,,,,,,,21.5,9.5,-13.2,50.0,,,,,1,receiving_yards,,ungraded,game_not_final
2026-09-14,401872930,Malik Nabers,,over,0.6636,0.6636,0.3364,,,,4595348,00-0039337,,,,,,,,,,,,,,,,,58.5,67.3,40.6,116.5,,,,,1,receiving_yards,,ungraded,game_not_final
2026-09-14,401872930,Odell Beckham Jr.,,under,0.5602,0.4398,0.5602,,,,16733,00-0031235,,,,,,,,,,,,,,,,,11.5,6.7,-15.9,47.3,,,,,1,receiving_yards,,ungraded,game_not_final
2026-09-15,401872931,Adam Trautman,,over,0.6425,0.6425,0.3575,,,,3911853,00-0036422,,,,,,,,,,,,,,,,,7.5,12.4,-4.8,41.2,,,,,1,receiving_yards,,ungraded,game_not_final
2026-09-15,401872931,Courtland Sutton,,under,0.5332,0.4668,0.5332,,,,3128429,00-0034348,,,,,,,,,,,,,,,,,44.5,41.3,14.7,90.5,,,,,1,receiving_yards,,ungraded,game_not_final
2026-09-15,401872931,Evan Engram,,over,0.6590,0.6590,0.3410,,,,3051876,00-0033881,,,,,,,,,,,,,,,,,23.5,29.0,11.8,57.8,,,,,1,receiving_yards,,ungraded,game_not_final
2026-09-15,401872931,J.K. Dobbins,,over,0.6029,0.6029,0.3971,,,,4241985,00-0036158,,,,,,,,,,,,,,,,,4.5,8.0,-9.2,36.8,,,,,1,receiving_yards,,ungraded,game_not_final
2026-09-15,401872931,Jaylen Waddle,,under,0.7497,0.2503,0.7497,,,,4372016,00-0036613,,,,,,,,,,,,,,,,,55.5,29.7,3.0,78.8,,,,,1,receiving_yards,,ungraded,game_not_final
2026-09-15,401872931,Kenneth Walker III,,under,0.5794,0.4206,0.5794,,,,4567048,00-0038134,,,,,,,,,,,,,,,,,16.5,12.0,-5.2,40.8,,,,,1,receiving_yards,,ungraded,game_not_final
2026-09-15,401872931,Noah Gray,,under,0.5337,0.4663,0.5337,,,,4240472,00-0036637,,,,,,,,,,,,,,,,,10.5,8.6,-8.6,37.4,,,,,1,receiving_yards,,ungraded,game_not_final
2026-09-15,401872931,Pat Bryant,,under,0.5239,0.4761,0.5239,,,,4600981,00-0040134,,,,,,,,,,,,,,,,,23.5,21.2,-5.4,70.4,,,,,1,receiving_yards,,ungraded,game_not_final
2026-09-15,401872931,RJ Harvey,,over,0.5625,0.5625,0.4375,,,,4568490,00-0040730,,,,,,,,,,,,,,,,,16.5,18.6,1.5,47.4,,,,,1,receiving_yards,,ungraded,game_not_final
2026-09-15,401872931,Rashee Rice,,over,0.8204,0.8204,0.1796,,,,4428331,00-0039067,,,,,,,,,,,,,,,,,61.5,80.6,53.9,129.8,,,,,1,receiving_yards,,ungraded,game_not_final
2026-09-15,401872931,Travis Kelce,,under,0.5831,0.4169,0.5831,,,,15847,00-0030506,,,,,,,,,,,,,,,,,42.5,36.9,17.2,71.1,,,,,1,receiving_yards,,ungraded,game_not_final
2026-09-15,401872931,Tyquan Thornton,,under,0.5967,0.4033,0.5967,,,,4362921,00-0038104,,,,,,,,,,,,,,,,,20.5,15.0,-2.2,43.8,,,,,1,receiving_yards,,ungraded,game_not_final
2026-09-15,401872931,Xavier Worthy,,under,0.7095,0.2905,0.7095,,,,4683062,00-0039894,,,,,,,,,,,,,,,,,37.5,25.1,7.9,53.9,,,,,1,receiving_yards,,ungraded,game_not_final
2026-09-10,401872656,Elijah Arroyo,,under,0.5967,0.4033,0.5967,,,,4678006,00-0040739,,,,,,,,,,,,,,,,,10.5,5.0,-12.2,33.8,,,,,1,receiving_yards,,ungraded,player_not_in_boxscore
2026-09-13,401872661,Colston Loveland,,under,0.7099,0.2901,0.7099,,,,4723086,00-0040126,,,,,,,,,,,,,,,,,53.5,38.7,19.0,73.0,,,,,1,receiving_yards,,ungraded,game_not_final
2026-09-13,401872924,Adonai Mitchell,,under,0.5426,0.4574,0.5426,,,,4597500,00-0039890,,,,,,,,,,,,,,,,,31.5,27.4,0.7,76.5,,,,,1,receiving_yards,,ungraded,game_not_final
2026-09-10,401872656,Eli Raridon,,over,0.5472,0.5472,0.4528,,,,4831959,00-0041395,,,,,,,,,,,,,,,,,5.5,7.6,-15.1,48.1,,,,,1,receiving_yards,2,loss,
2026-09-10,401872656,Kyle Williams,,over,0.9000,0.9000,0.1000,,,,4613202,00-0040131,,,,,,,,,,,,,,,,,0.5,17.7,0.5,46.5,,,,,1,receiving_yards,0,loss,
2026-09-13,401872923,Juwan Johnson,,under,0.6345,0.3655,0.6345,,,,3929645,00-0036040,,,,,,,,,,,,,,,,,41.5,32.3,12.7,66.6,,,,,1,receiving_yards,,ungraded,game_not_final
2026-09-13,401872926,Jeremiyah Love,,under,0.6133,0.3867,0.6133,,,,4870808,00-0041027,,,,,,,,,,,,,,,,,15.5,6.4,-16.3,46.9,,,,,1,receiving_yards,,ungraded,game_not_final
2026-09-13,401872928,Ashton Jeanty,,over,0.7367,0.7367,0.2633,,,,4890973,00-0040122,,,,,,,,,,,,,,,,,17.5,26.0,8.8,54.8,,,,,1,receiving_yards,,ungraded,game_not_final
2026-09-11,401872657,Blake Corum,,over,0.5297,0.5297,0.4703,,,,4429096,00-0039738,,,,,,,,,,,,,,,,,3.5,4.5,-12.7,33.3,,,,,1,receiving_yards,,ungraded,game_not_final
2026-09-10,401872656,Corey Kiner,,over,0.5169,0.5169,0.4831,,,,4431431,00-0040556,,,,,,,,,,,,,,,,,,,,,8.5,9.3,-14.9,43.4,1,rushing_yards,11,win,
2026-09-10,401872656,Drake Maye,,under,0.6757,0.3243,0.6757,,,,4431452,00-0039851,,,,,,,,,,,,,,,,,,,,,26.5,20.1,7.4,38.1,1,rushing_yards,47,loss,
2026-09-10,401872656,George Holani,,under,0.6965,0.3035,0.6965,,,,4429835,00-0039299,,,,,,,,,,,,,,,,,,,,,19.5,7.1,-14.9,38.0,1,rushing_yards,29,loss,
2026-09-10,401872656,Jadarian Price,,under,0.8416,0.1584,0.8416,,,,4685512,00-0041512,,,,,,,,,,,,,,,,,,,,,50.5,17.3,-12.9,59.8,1,rushing_yards,52,loss,
2026-09-10,401872656,Rashid Shaheed,,under,0.5408,0.4592,0.5408,,,,4032473,00-0037545,,,,,,,,,,,,,,,,,,,,,2.5,1.3,-9.4,16.3,1,rushing_yards,0,win,
2026-09-10,401872656,Rhamondre Stevenson,,under,0.7242,0.2758,0.7242,,,,4569173,00-0036875,,,,,,,,,,,,,,,,,,,,,59.5,45.1,23.1,76.1,1,rushing_yards,51,win,
2026-09-10,401872656,Sam Darnold,,over,0.6295,0.6295,0.3705,,,,3912547,00-0034869,,,,,,,,,,,,,,,,,,,,,5.5,8.8,-4.0,26.7,1,rushing_yards,0,loss,
2026-09-11,401872657,Blake Corum,,under,0.8070,0.1930,0.8070,,,,4429096,00-0039738,,,,,,,,,,,,,,,,,,,,,45.5,24.6,2.6,55.5,1,rushing_yards,,ungraded,game_not_final
2026-09-11,401872657,Brock Purdy,,under,0.6859,0.3141,0.6859,,,,4361741,00-0037834,,,,,,,,,,,,,,,,,,,,,18.5,11.7,-1.0,29.7,1,rushing_yards,,ungraded,game_not_final
2026-09-11,401872657,Christian McCaffrey,,over,0.5186,0.5186,0.4814,,,,3117251,00-0033280,,,,,,,,,,,,,,,,,,,,,59.5,60.3,38.3,91.2,1,rushing_yards,,ungraded,game_not_final
2026-09-11,401872657,Kyren Williams,,over,0.5371,0.5371,0.4629,,,,4430737,00-0037840,,,,,,,,,,,,,,,,,,,,,55.5,57.1,35.1,88.0,1,rushing_yards,,ungraded,game_not_final
2026-09-11,401872657,Matthew Stafford,,over,0.6085,0.6085,0.3915,,,,12483,00-0026498,,,,,,,,,,,,,,,,,,,,,0.5,2.8,-7.9,17.9,1,rushing_yards,,ungraded,game_not_final
2026-09-11,401872657,Puka Nacua,,under,0.5510,0.4490,0.5510,,,,4426515,00-0039075,,,,,,,,,,,,,,,,,,,,,2.5,1.0,-9.7,16.0,1,rushing_yards,,ungraded,game_not_final
2026-09-13,401872658,Aaron Rodgers,,over,0.7050,0.7050,0.2950,,,,8439,00-0023459,,,,,,,,,,,,,,,,,,,,,0.5,5.0,-5.7,20.1,1,rushing_yards,,ungraded,game_not_final
2026-09-13,401872658,Bijan Robinson,,under,0.6774,0.3226,0.6774,,,,4430807,00-0038542,,,,,,,,,,,,,,,,,,,,,76.5,65.4,43.4,96.3,1,rushing_yards,,ungraded,game_not_final
2026-09-13,401872658,Jaylen Warren,,under,0.5099,0.4901,0.5099,,,,4569987,00-0037228,,,,,,,,,,,,,,,,,,,,,42.5,41.9,19.9,72.8,1,rushing_yards,,ungraded,game_not_final
2026-09-13,401872658,Rico Dowdle,,under,0.6482,0.3518,0.6482,,,,4038815,00-0036139,,,,,,,,,,,,,,,,,,,,,42.5,33.3,11.3,64.3,1,rushing_yards,,ungraded,game_not_final
2026-09-13,401872658,Tua Tagovailoa,,over,0.5947,0.5947,0.4053,,,,4241479,00-0036212,,,,,,,,,,,,,,,,,,,,,2.5,4.5,-6.2,19.5,1,rushing_yards,,ungraded,game_not_final
2026-09-13,401872659,Daniel Jones,,under,0.5306,0.4694,0.5306,,,,3917792,00-0035710,,,,,,,,,,,,,,,,,,,,,12.5,11.6,0.9,26.6,1,rushing_yards,,ungraded,game_not_final
2026-09-13,401872659,Derrick Henry,,under,0.5395,0.4605,0.5395,,,,3043078,00-0032764,,,,,,,,,,,,,,,,,,,,,78.5,76.1,54.1,107.1,1,rushing_yards,,ungraded,game_not_final
2026-09-13,401872659,Jonathan Taylor,,under,0.6558,0.3442,0.6558,,,,4242335,00-0036223,,,,,,,,,,,,,,,,,,,,,76.5,66.8,44.8,97.8,1,rushing_yards,,ungraded,game_not_final
2026-09-13,401872659,Justice Hill,,under,0.5939,0.4061,0.5939,,,,4038441,00-0034975,,,,,,,,,,,,,,,,,,,,,8.5,5.7,-5.0,20.8,1,rushing_yards,,ungraded,game_not_final
2026-09-13,401872659,Lamar Jackson,,under,0.8088,0.1912,0.8088,,,,3916387,00-0034796,,,,,,,,,,,,,,,,,,,,,36.5,24.3,11.5,42.2,1,rushing_yards,,ungraded,game_not_final
2026-09-13,401872660,C.J. Stroud,,over,0.5319,0.5319,0.4681,,,,4432577,00-0039163,,,,,,,,,,,,,,,,,,,,,9.5,10.3,-2.5,28.2,1,rushing_yards,,ungraded,game_not_final
2026-09-13,401872660,David Montgomery,,under,0.8070,0.1930,0.8070,,,,4035538,00-0035685,,,,,,,,,,,,,,,,,,,,,54.5,33.6,11.6,64.5,1,rushing_yards,,ungraded,game_not_final
2026-09-13,401872660,Josh Allen,,over,0.5081,0.5081,0.4919,,,,3918298,00-0034857,,,,,,,,,,,,,,,,,,,,,32.5,32.7,20.0,50.7,1,rushing_yards,,ungraded,game_not_final
2026-09-13,401872660,Woody Marks,,over,0.6752,0.6752,0.3248,,,,4429059,00-0040583,,,,,,,,,,,,,,,,,,,,,30.5,38.3,16.3,69.2,1,rushing_yards,,ungraded,game_not_final
2026-09-13,401872661,Bryce Young,,over,0.5478,0.5478,0.4522,,,,4685720,00-0039150,,,,,,,,,,,,,,,,,,,,,14.5,15.7,2.9,33.6,1,rushing_yards,,ungraded,game_not_final
2026-09-13,401872661,Caleb Williams,,under,0.5482,0.4518,0.5482,,,,4431611,00-0039918,,,,,,,,,,,,,,,,,,,,,19.5,17.8,5.1,35.8,1,rushing_yards,,ungraded,game_not_final
2026-09-13,401872922,Bhayshul Tuten,,under,0.9195,0.0805,0.9195,,,,4882093,00-0040719,,,,,,,,,,,,,,,,,,,,,49.5,15.6,-6.4,46.6,1,rushing_yards,,ungraded,game_not_final
2026-09-13,401872922,Chris Rodriguez Jr.,,under,0.5773,0.4227,0.5773,,,,4362619,00-0038611,,,,,,,,,,,,,,,,,,,,,34.5,29.8,7.8,60.7,1,rushing_yards,,ungraded,game_not_final
2026-09-13,401872922,Deshaun Watson,,under,0.6209,0.3791,0.6209,,,,3122840,00-0033537,,,,,,,,,,,,,,,,,,,,,20.5,16.2,3.4,34.1,1,rushing_yards,,ungraded,game_not_final
2026-09-13,401872922,Quinshon Judkins,,under,0.8560,0.1440,0.8560,,,,4685702,00-0040784,,,,,,,,,,,,,,,,,,,,,59.5,33.8,11.8,64.8,1,rushing_yards,,ungraded,game_not_final
2026-09-13,401872922,Trevor Lawrence,,under,0.5513,0.4487,0.5513,,,,4360310,00-0036971,,,,,,,,,,,,,,,,,,,,,17.5,15.7,2.9,33.6,1,rushing_yards,,ungraded,game_not_final
2026-09-13,401872923,Jahmyr Gibbs,,under,0.8695,0.1305,0.8695,,,,4429795,00-0039139,,,,,,,,,,,,,,,,,,,,,84.5,57.4,35.4,88.3,1,rushing_yards,,ungraded,game_not_final
2026-09-13,401872923,Travis Etienne Jr.,,under,0.6694,0.3306,0.6694,,,,4239996,00-0036973,,,,,,,,,,,,,,,,,,,,,56.5,45.9,23.9,76.9,1,rushing_yards,,ungraded,game_not_final
2026-09-13,401872923,Tyler Shough,,under,0.5906,0.4094,0.5906,,,,4360689,00-0040743,,,,,,,,,,,,,,,,,,,,,16.5,13.3,0.5,31.2,1,rushing_yards,,ungraded,game_not_final
2026-09-13,401872924,Braelon Allen,,under,0.5642,0.4358,0.5642,,,,4685247,00-0039794,,,,,,,,,,,,,,,,,,,,,18.5,14.6,-7.4,45.5,1,rushing_yards,,ungraded,game_not_final
2026-09-13,401872924,Breece Hall,,under,0.6139,0.3861,0.6139,,,,4427366,00-0038120,,,,,,,,,,,,,,,,,,,,,65.5,58.5,36.5,89.5,1,rushing_yards,,ungraded,game_not_final
2026-09-13,401872924,Cam Ward,,under,0.5929,0.4071,0.5929,,,,4688380,00-0040676,,,,,,,,,,,,,,,,,,,,,9.5,6.2,-6.5,24.2,1,rushing_yards,,ungraded,game_not_final
2026-09-13,401872924,Geno Smith,,under,0.5271,0.4729,0.5271,,,,15864,00-0030565,,,,,,,,,,,,,,,,,,,,,6.5,5.7,-5.0,20.8,1,rushing_yards,,ungraded,game_not_final
2026-09-13,401872924,Tony Pollard,,over,0.6011,0.6011,0.3989,,,,3916148,00-0035261,,,,,,,,,,,,,,,,,,,,,52.5,56.9,34.9,87.8,1,rushing_yards,,ungraded,game_not_final
2026-09-13,401872924,Tyjae Spears,,under,0.5593,0.4407,0.5593,,,,4428557,00-0039032,,,,,,,,,,,,,,,,,,,,,21.5,17.9,-4.1,48.8,1,rushing_yards,,ungraded,game_not_final
2026-09-13,401872925,Baker Mayfield,,under,0.6072,0.3928,0.6072,,,,3052587,00-0034855,,,,,,,,,,,,,,,,,,,,,15.5,11.7,-1.1,29.6,1,rushing_yards,,ungraded,game_not_final
2026-09-13,401872925,Bucky Irving,,under,0.5838,0.4162,0.5838,,,,4596448,00-0039361,,,,,,,,,,,,,,,,,,,,,56.5,51.4,29.4,82.3,1,rushing_yards,,ungraded,game_not_final
2026-09-13,401872925,Chase Brown,,under,0.5364,0.4636,0.5364,,,,4362238,00-0038597,,,,,,,,,,,,,,,,,,,,,59.5,57.3,35.3,88.2,1,rushing_yards,,ungraded,game_not_final
2026-09-13,401872925,Joe Burrow,,under,0.5143,0.4857,0.5143,,,,3915511,00-0036442,,,,,,,,,,,,,,,,,,,,,6.5,6.0,-6.8,23.9,1,rushing_yards,,ungraded,game_not_final
2026-09-13,401872925,Kenny Gainwell,,over,0.5510,0.5510,0.4490,,,,4371733,00-0036919,,,,,,,,,,,,,,,,,,,,,22.5,24.7,2.7,55.6,1,rushing_yards,,ungraded,game_not_final
2026-09-13,401872925,Samaje Perine,,under,0.5724,0.4276,0.5724,,,,3116389,00-0033526,,,,,,,,,,,,,,,,,,,,,20.5,16.1,-5.9,47.0,1,rushing_yards,,ungraded,game_not_final
2026-09-13,401872926,Jacoby Brissett,,under,0.6917,0.3083,0.6917,,,,2578570,00-0033119,,,,,,,,,,,,,,,,,,,,,10.5,4.6,-6.1,19.7,1,rushing_yards,,ungraded,game_not_final
2026-09-13,401872926,Justin Herbert,,under,0.6766,0.3234,0.6766,,,,4038941,00-0036355,,,,,,,,,,,,,,,,,,,,,21.5,15.1,2.3,33.0,1,rushing_yards,,ungraded,game_not_final
2026-09-13,401872926,Omarion Hampton,,under,0.6047,0.3953,0.6047,,,,4685382,00-0040666,,,,,,,,,,,,,,,,,,,,,67.5,61.1,39.1,92.0,1,rushing_yards,,ungraded,game_not_final
2026-09-13,401872927,Aaron Jones Sr.,,over,0.9684,0.9684,0.0316,,,,3042519,00-0033293,,,,,,,,,,,,,,,,,,,,,29.5,61.4,39.4,92.3,1,rushing_yards,,ungraded,game_not_final
2026-09-13,401872927,Jordan Love,,under,0.5712,0.4288,0.5712,,,,4036378,00-0036264,,,,,,,,,,,,,,,,,,,,,10.5,8.4,-2.3,23.4,1,rushing_yards,,ungraded,game_not_final
2026-09-13,401872927,Jordan Mason,,under,0.8501,0.1499,0.8501,,,,4360569,00-0037525,,,,,,,,,,,,,,,,,,,,,44.5,19.5,-2.5,50.4,1,rushing_yards,,ungraded,game_not_final
2026-09-13,401872927,Kyler Murray,,over,0.5161,0.5161,0.4839,,,,3917315,00-0035228,,,,,,,,,,,,,,,,,,,,,22.5,22.9,10.2,40.9,1,rushing_yards,,ungraded,game_not_final
2026-09-13,401872927,MarShawn Lloyd,,under,0.8162,0.1838,0.8162,,,,4429023,00-0039811,,,,,,,,,,,,,,,,,,,,,42.5,18.6,-5.6,52.6,1,rushing_yards,,ungraded,game_not_final
2026-09-13,401872928,De'Von Achane,,under,0.6684,0.3316,0.6684,,,,4429160,00-0039040,,,,,,,,,,,,,,,,,,,,,70.5,60.0,38.0,90.9,1,rushing_yards,,ungraded,game_not_final
2026-09-13,401872928,Malik Willis,,under,0.9582,0.0418,0.9582,,,,4242512,00-0038128,,,,,,,,,,,,,,,,,,,,,39.5,15.2,2.5,33.2,1,rushing_yards,,ungraded,game_not_final
2026-09-13,401872929,Jacory Croskey-Merritt,,over,0.6836,0.6836,0.3164,,,,4575131,00-0040242,,,,,,,,,,,,,,,,,,,,,41.5,49.7,27.7,80.6,1,rushing_yards,,ungraded,game_not_final
2026-09-13,401872929,Jalen Hurts,,under,0.5822,0.4178,0.5822,,,,4040715,00-0036389,,,,,,,,,,,,,,,,,,,,,28.5,25.6,12.8,43.5,1,rushing_yards,,ungraded,game_not_final
2026-09-13,401872929,Jayden Daniels,,under,0.5314,0.4686,0.5314,,,,4426348,00-0039910,,,,,,,,,,,,,,,,,,,,,36.5,35.4,22.6,53.3,1,rushing_yards,,ungraded,game_not_final
2026-09-13,401872929,Rachaad White,,under,0.5314,0.4686,0.5314,,,,4697815,00-0037256,,,,,,,,,,,,,,,,,,,,,24.5,22.6,0.6,53.5,1,rushing_yards,,ungraded,game_not_final
2026-09-13,401872929,Saquon Barkley,,under,0.6563,0.3437,0.6563,,,,3929630,00-0034844,,,,,,,,,,,,,,,,,,,,,77.5,67.8,45.8,98.7,1,rushing_yards,,ungraded,game_not_final
2026-09-14,401872930,Cam Skattebo,,under,0.6886,0.3114,0.6886,,,,4696981,00-0040715,,,,,,,,,,,,,,,,,,,,,49.5,37.6,15.6,68.6,1,rushing_yards,,ungraded,game_not_final
2026-09-14,401872930,Dak Prescott,,over,0.5996,0.5996,0.4004,,,,2577417,00-0033077,,,,,,,,,,,,,,,,,,,,,8.5,11.0,-1.7,29.0,1,rushing_yards,,ungraded,game_not_final
2026-09-14,401872930,Javonte Williams,,under,0.8126,0.1874,0.8126,,,,4361579,00-0036997,,,,,,,,,,,,,,,,,,,,,72.5,51.1,29.1,82.0,1,rushing_yards,,ungraded,game_not_final
2026-09-14,401872930,Jaxson Dart,,under,0.6969,0.3031,0.6969,,,,4689114,00-0040691,,,,,,,,,,,,,,,,,,,,,31.5,24.3,11.5,42.2,1,rushing_yards,,ungraded,game_not_final
2026-09-15,401872931,Bo Nix,,under,0.5285,0.4715,0.5285,,,,4426338,00-0039732,,,,,,,,,,,,,,,,,,,,,16.5,15.5,2.7,33.4,1,rushing_yards,,ungraded,game_not_final
2026-09-15,401872931,J.K. Dobbins,,over,0.6301,0.6301,0.3699,,,,4241985,00-0036158,,,,,,,,,,,,,,,,,,,,,50.5,56.2,34.2,87.2,1,rushing_yards,,ungraded,game_not_final
2026-09-15,401872931,Kenneth Walker III,,under,0.7505,0.2495,0.7505,,,,4567048,00-0038134,,,,,,,,,,,,,,,,,,,,,61.5,45.2,23.2,76.1,1,rushing_yards,,ungraded,game_not_final
2026-09-15,401872931,Patrick Mahomes,,under,0.5484,0.4516,0.5484,,,,3139477,00-0033873,,,,,,,,,,,,,,,,,,,,,14.5,12.8,-0.0,30.7,1,rushing_yards,,ungraded,game_not_final
2026-09-15,401872931,RJ Harvey,,over,0.6918,0.6918,0.3082,,,,4568490,00-0040730,,,,,,,,,,,,,,,,,,,,,18.5,27.1,5.1,58.0,1,rushing_yards,,ungraded,game_not_final
2026-09-13,401872658,Brian Robinson Jr.,,under,0.6031,0.3969,0.6031,,,,4241474,00-0037746,,,,,,,,,,,,,,,,,,,,,24.5,18.2,-3.8,49.1,1,rushing_yards,,ungraded,game_not_final
2026-09-13,401872660,James Cook III,,under,0.7150,0.2850,0.7150,,,,4379399,00-0037248,,,,,,,,,,,,,,,,,,,,,74.5,60.8,38.8,91.7,1,rushing_yards,,ungraded,game_not_final
2026-09-13,401872928,Kirk Cousins,,over,0.6131,0.6131,0.3869,,,,14880,00-0029604,,,,,,,,,,,,,,,,,,,,,0.5,2.9,-7.8,18.0,1,rushing_yards,,ungraded,game_not_final
2026-09-14,401872930,Malik Davis,,over,0.8528,0.8528,0.1472,,,,4240603,00-0037563,,,,,,,,,,,,,,,,,,,,,12.5,30.5,8.5,61.5,1,rushing_yards,,ungraded,game_not_final
2026-09-13,401872926,Jeremiyah Love,,under,0.7090,0.2910,0.7090,,,,4870808,00-0041027,,,,,,,,,,,,,,,,,,,,,38.5,20.2,-10.0,62.8,1,rushing_yards,,ungraded,game_not_final
2026-09-13,401872926,Tyler Allgeier,,under,0.5083,0.4917,0.5083,,,,4373626,00-0037263,,,,,,,,,,,,,,,,,,,,,29.5,29.0,7.0,59.9,1,rushing_yards,,ungraded,game_not_final
2026-09-13,401872928,Ashton Jeanty,,over,0.6388,0.6388,0.3612,,,,4890973,00-0040122,,,,,,,,,,,,,,,,,,,,,57.5,63.6,41.6,94.6,1,rushing_yards,,ungraded,game_not_final
