player_name,recent_team,opponent_team,season,week,prop,line,y_pred,pick,edge,prob_over,prob_under,market,run_ts_utc
K.Bourne,NE,IND,2024,13,wrte_receptions,3.5,3.250237930071177,under,0.0654641317942116,0.4345358682057884,0.5654641317942116,wrte_receptions,2025-09-30T12:16:26Z
D.Vele,DEN,BUF,2024,19,wrte_receptions,0.5,0.2502389891198477,under,0.065463856716223,0.434536143283777,0.565463856716223,wrte_receptions,2025-09-30T12:16:26Z
M.Hollins,BUF,DET,2024,15,wrte_receptions,1.5,1.2502412904131914,under,0.0654632589766881,0.4345367410233118,0.5654632589766881,wrte_receptions,2025-09-30T12:16:26Z
D.Moore,CHI,TEN,2024,1,wrte_receptions,5.5,5.250345073128211,under,0.0654363022265228,0.4345636977734771,0.5654363022265229,wrte_receptions,2025-09-30T12:16:26Z
T.Hill,MIA,SEA,2024,3,wrte_receptions,3.5,3.749646319880556,over,0.0654340666140678,0.5654340666140678,0.4345659333859322,wrte_receptions,2025-09-30T12:16:26Z
M.Evans,TB,NO,2024,6,wrte_receptions,3.5,3.2504093919939145,under,0.0654195957504851,0.4345804042495148,0.5654195957504852,wrte_receptions,2025-09-30T12:16:26Z
M.Wilson,ARI,DET,2024,3,wrte_receptions,7.5,7.749569505979525,over,0.0654141145882436,0.5654141145882436,0.4345858854117563,wrte_receptions,2025-09-30T12:16:26Z
K.Coleman,BUF,MIA,2024,9,wrte_receptions,1.0,1.2495513545288492,over,0.0654093998155627,0.5654093998155627,0.4345906001844373,wrte_receptions,2025-09-30T12:16:26Z
Z.Jones,ARI,SF,2024,18,wrte_receptions,3.5,3.74952905542889,over,0.0654036076934722,0.5654036076934722,0.4345963923065278,wrte_receptions,2025-09-30T12:16:26Z
K.Granson,IND,MIN,2024,9,wrte_receptions,1.0,1.2493107322640935,over,0.0653468981868303,0.5653468981868304,0.4346531018131696,wrte_receptions,2025-09-30T12:16:26Z
K.Granson,IND,MIN,2024,9,wrte_receptions,1.0,1.2493107322640935,over,0.0653468981868303,0.5653468981868304,0.4346531018131696,wrte_receptions,2025-09-30T12:16:26Z
C.Lamb,DAL,PIT,2024,5,wrte_receptions,4.5,4.749271596643228,over,0.0653367325555942,0.5653367325555942,0.4346632674444057,wrte_receptions,2025-09-30T12:16:26Z
J.Ferguson,DAL,CIN,2024,14,wrte_receptions,2.5,2.7492166539838223,over,0.0653224609111223,0.5653224609111224,0.4346775390888776,wrte_receptions,2025-09-30T12:16:26Z
V.Jefferson,PIT,DAL,2024,5,wrte_receptions,2.5,2.7492166539838223,over,0.0653224609111223,0.5653224609111224,0.4346775390888776,wrte_receptions,2025-09-30T12:16:26Z
G.Pickens,PIT,DEN,2024,2,wrte_receptions,2.5,2.7491974300954105,over,0.065317467384995,0.565317467384995,0.434682532615005,wrte_receptions,2025-09-30T12:16:26Z
A.Thielen,CAR,ARI,2024,16,wrte_receptions,5.5,5.250857236009158,under,0.0653032674629909,0.434696732537009,0.565303267462991,wrte_receptions,2025-09-30T12:16:26Z
D.Wicks,GB,ARI,2024,6,wrte_receptions,3.0,2.750910108630794,under,0.0652895333312069,0.4347104666687931,0.5652895333312069,wrte_receptions,2025-09-30T12:16:26Z
M.Pittman,IND,HOU,2024,8,wrte_receptions,2.5,2.2509682962928594,under,0.06527441847953,0.4347255815204699,0.5652744184795301,wrte_receptions,2025-09-30T12:16:26Z
D.Brown,WAS,CHI,2024,8,wrte_receptions,1.0,1.249000317180611,over,0.0652662654625314,0.5652662654625314,0.4347337345374685,wrte_receptions,2025-09-30T12:16:26Z
A.Trautman,DEN,BUF,2024,19,wrte_receptions,1.0,1.249000317180611,over,0.0652662654625314,0.5652662654625314,0.4347337345374685,wrte_receptions,2025-09-30T12:16:26Z
R.Cracraft,MIA,CLE,2024,17,wrte_receptions,1.0,1.249000317180611,over,0.0652662654625314,0.5652662654625314,0.4347337345374685,wrte_receptions,2025-09-30T12:16:26Z
K.Granson,IND,DEN,2024,15,wrte_receptions,3.0,2.751086521224279,under,0.0652437080275978,0.4347562919724022,0.5652437080275978,wrte_receptions,2025-09-30T12:16:26Z
Z.Flowers,BAL,CLE,2024,18,wrte_receptions,2.0,2.248839991578688,over,0.0652246185812263,0.5652246185812263,0.4347753814187737,wrte_receptions,2025-09-30T12:16:26Z
A.Smith,PHI,NYG,2024,18,wrte_receptions,3.0,3.248810528582558,over,0.0652169650654381,0.5652169650654382,0.4347830349345618,wrte_receptions,2025-09-30T12:16:26Z
J.Whyle,TEN,GB,2024,3,wrte_receptions,3.0,3.248810528582558,over,0.0652169650654381,0.5652169650654382,0.4347830349345618,wrte_receptions,2025-09-30T12:16:26Z
D.Robinson,LA,PHI,2024,12,wrte_receptions,2.5,2.2513459922673382,under,0.0651763056952444,0.4348236943047555,0.5651763056952445,wrte_receptions,2025-09-30T12:16:26Z
F.Moreau,NO,CAR,2024,1,wrte_receptions,4.0,3.7513715838922894,under,0.0651696577015932,0.4348303422984068,0.5651696577015932,wrte_receptions,2025-09-30T12:16:26Z
D.Hopkins,TEN,MIA,2024,4,wrte_receptions,2.0,2.2486212000454646,over,0.0651677831656342,0.5651677831656342,0.4348322168343658,wrte_receptions,2025-09-30T12:16:26Z
O.Beckham,MIA,BUF,2024,9,wrte_receptions,3.0,2.751394665304712,under,0.0651636617756623,0.4348363382243376,0.5651636617756624,wrte_receptions,2025-09-30T12:16:26Z
J.Reynolds,DEN,TB,2024,3,wrte_receptions,2.5,2.748576255730409,over,0.0651561078266766,0.5651561078266767,0.4348438921733233,wrte_receptions,2025-09-30T12:16:26Z
N.Vannett,TEN,BUF,2024,7,wrte_receptions,3.0,2.7514363836087994,under,0.0651528244519201,0.4348471755480798,0.5651528244519202,wrte_receptions,2025-09-30T12:16:26Z
M.Hardman,KC,NO,2024,5,wrte_receptions,3.0,2.7514363836087994,under,0.0651528244519201,0.4348471755480798,0.5651528244519202,wrte_receptions,2025-09-30T12:16:26Z
S.Diggs,HOU,IND,2024,1,wrte_receptions,5.0,4.751452267571746,under,0.0651486982011217,0.4348513017988782,0.5651486982011218,wrte_receptions,2025-09-30T12:16:26Z
T.Kelce,KC,ATL,2024,3,wrte_receptions,3.5,3.748497260962672,over,0.0651355869470945,0.5651355869470945,0.4348644130529054,wrte_receptions,2025-09-30T12:16:26Z
E.Moore,CLE,JAX,2024,2,wrte_receptions,4.0,4.248400459743017,over,0.0651104401541178,0.5651104401541178,0.4348895598458822,wrte_receptions,2025-09-30T12:16:26Z
J.Akins,CLE,CIN,2024,7,wrte_receptions,2.5,2.748398939630819,over,0.0651100452608485,0.5651100452608485,0.4348899547391515,wrte_receptions,2025-09-30T12:16:26Z
A.Hooper,NE,LA,2024,11,wrte_receptions,2.5,2.748398939630819,over,0.0651100452608485,0.5651100452608485,0.4348899547391515,wrte_receptions,2025-09-30T12:16:26Z
T.Hill,MIA,LV,2024,11,wrte_receptions,6.5,6.25161334065813,under,0.0651068550969403,0.4348931449030596,0.5651068550969404,wrte_receptions,2025-09-30T12:16:26Z
X.Worthy,KC,LV,2024,13,wrte_receptions,4.5,4.251775150792367,under,0.0650648197903834,0.4349351802096165,0.5650648197903835,wrte_receptions,2025-09-30T12:16:26Z
D.Douglas,NE,LA,2024,11,wrte_receptions,4.5,4.251783683280486,under,0.0650626031859724,0.4349373968140275,0.5650626031859725,wrte_receptions,2025-09-30T12:16:26Z
J.Smith,MIA,NYJ,2024,14,wrte_receptions,3.5,3.251935474966805,under,0.0650231697836305,0.4349768302163694,0.5650231697836305,wrte_receptions,2025-09-30T12:16:26Z
C.Watson,GB,CHI,2024,11,wrte_receptions,3.5,3.748059041738303,over,0.0650217452865684,0.5650217452865685,0.4349782547134315,wrte_receptions,2025-09-30T12:16:26Z
D.Mooney,ATL,SEA,2024,7,wrte_receptions,5.0,4.751943279499626,under,0.0650211422553491,0.4349788577446508,0.5650211422553492,wrte_receptions,2025-09-30T12:16:26Z
D.Thompkins,CAR,NO,2024,9,wrte_receptions,1.0,0.7520771452267421,under,0.0649863652058045,0.4350136347941954,0.5649863652058046,wrte_receptions,2025-09-30T12:16:26Z
A.Dulin,IND,JAX,2024,5,wrte_receptions,1.0,0.7520771452267421,under,0.0649863652058045,0.4350136347941954,0.5649863652058046,wrte_receptions,2025-09-30T12:16:26Z
S.Sims,HOU,JAX,2024,4,wrte_receptions,1.0,0.7520771452267421,under,0.0649863652058045,0.4350136347941954,0.5649863652058046,wrte_receptions,2025-09-30T12:16:26Z
X.Hutchinson,HOU,MIN,2024,3,wrte_receptions,1.0,0.7520771452267421,under,0.0649863652058045,0.4350136347941954,0.5649863652058046,wrte_receptions,2025-09-30T12:16:26Z
J.Watson,KC,HOU,2024,16,wrte_receptions,1.0,0.7520771452267421,under,0.0649863652058045,0.4350136347941954,0.5649863652058046,wrte_receptions,2025-09-30T12:16:26Z
D.Davis,LAC,PIT,2024,3,wrte_receptions,1.0,0.7520771452267421,under,0.0649863652058045,0.4350136347941954,0.5649863652058046,wrte_receptions,2025-09-30T12:16:26Z
B.Whiteheart,CLE,PIT,2024,14,wrte_receptions,1.0,0.7520771452267421,under,0.0649863652058045,0.4350136347941954,0.5649863652058046,wrte_receptions,2025-09-30T12:16:26Z
B.Melton,GB,CHI,2024,18,wrte_receptions,1.5,1.2520967085844927,under,0.0649812827884185,0.4350187172115815,0.5649812827884185,wrte_receptions,2025-09-30T12:16:26Z
T.Dell,HOU,JAX,2024,13,wrte_receptions,2.5,2.2521717159912944,under,0.0649617963127541,0.4350382036872459,0.5649617963127541,wrte_receptions,2025-09-30T12:16:26Z
Z.Jones,ARI,LAC,2024,7,wrte_receptions,0.0,0.2477408076754599,over,0.0649390702852776,0.5649390702852777,0.4350609297147223,wrte_receptions,2025-09-30T12:16:26Z
J.Jennings,SF,GB,2024,12,wrte_receptions,5.5,5.252278706403722,under,0.0649340005704934,0.4350659994295065,0.5649340005704935,wrte_receptions,2025-09-30T12:16:26Z
D.Douglas,NE,ARI,2024,15,wrte_receptions,3.0,3.2476730128493463,over,0.0649214572929215,0.5649214572929215,0.4350785427070784,wrte_receptions,2025-09-30T12:16:26Z
X.Legette,CAR,TB,2024,13,wrte_receptions,3.5,3.747616749417117,over,0.0649068400412822,0.5649068400412822,0.4350931599587178,wrte_receptions,2025-09-30T12:16:26Z
N.Collins,HOU,JAX,2024,4,wrte_receptions,11.5,11.747577895203207,over,0.064896745656479,0.5648967456564791,0.4351032543435209,wrte_receptions,2025-09-30T12:16:26Z
T.Wallace,BAL,CIN,2024,10,wrte_receptions,2.0,2.247561812745956,over,0.064892567396861,0.564892567396861,0.435107432603139,wrte_receptions,2025-09-30T12:16:26Z
T.Tremble,CAR,ARI,2024,16,wrte_receptions,2.0,2.247561812745956,over,0.064892567396861,0.564892567396861,0.435107432603139,wrte_receptions,2025-09-30T12:16:26Z
T.Atwell,LA,PHI,2024,12,wrte_receptions,2.0,2.247561812745956,over,0.064892567396861,0.564892567396861,0.435107432603139,wrte_receptions,2025-09-30T12:16:26Z
E.Moore,CLE,CIN,2024,16,wrte_receptions,2.5,2.747476855805502,over,0.0648704952668627,0.5648704952668627,0.4351295047331373,wrte_receptions,2025-09-30T12:16:26Z
J.Jeudy,CLE,PIT,2024,12,wrte_receptions,6.0,5.752584167303984,under,0.064854641110675,0.4351453588893249,0.5648546411106751,wrte_receptions,2025-09-30T12:16:26Z
C.Olave,NO,PHI,2024,3,wrte_receptions,4.5,4.747380662730581,over,0.0648455037032231,0.5648455037032232,0.4351544962967768,wrte_receptions,2025-09-30T12:16:26Z
J.Watson,KC,DEN,2024,10,wrte_receptions,2.5,2.252706424466058,under,0.0648228776804008,0.4351771223195991,0.5648228776804008,wrte_receptions,2025-09-30T12:16:26Z
J.Watson,KC,LV,2024,8,wrte_receptions,2.5,2.747251684449849,over,0.0648119939311733,0.5648119939311733,0.4351880060688267,wrte_receptions,2025-09-30T12:16:26Z
G.Dortch,ARI,NE,2024,15,wrte_receptions,2.5,2.747251684449849,over,0.0648119939311733,0.5648119939311733,0.4351880060688267,wrte_receptions,2025-09-30T12:16:26Z
C.Ridley,TEN,DET,2024,8,wrte_receptions,7.0,6.752762157786447,under,0.0648083975601553,0.4351916024398446,0.5648083975601553,wrte_receptions,2025-09-30T12:16:26Z
D.Pettis,NO,NYG,2024,14,wrte_receptions,1.0,1.2472245074926869,over,0.0648049330423701,0.5648049330423701,0.4351950669576299,wrte_receptions,2025-09-30T12:16:26Z
J.Wilson,PHI,TB,2024,4,wrte_receptions,1.0,1.2472245074926869,over,0.0648049330423701,0.5648049330423701,0.4351950669576299,wrte_receptions,2025-09-30T12:16:26Z
T.Kraft,GB,CHI,2024,18,wrte_receptions,4.0,3.752889645925583,under,0.0647752744341281,0.4352247255658719,0.5647752744341281,wrte_receptions,2025-09-30T12:16:26Z
D.Moore,CAR,DEN,2024,8,wrte_receptions,3.5,3.252903835840022,under,0.0647715876761931,0.4352284123238068,0.5647715876761932,wrte_receptions,2025-09-30T12:16:26Z
D.Njoku,CLE,PIT,2024,12,wrte_receptions,1.5,1.2529244681371865,under,0.0647662270781321,0.4352337729218678,0.5647662270781322,wrte_receptions,2025-09-30T12:16:26Z
J.Smith-Schuster,KC,CLE,2024,15,wrte_receptions,1.0,1.2469721707247945,over,0.0647393720358624,0.5647393720358624,0.4352606279641375,wrte_receptions,2025-09-30T12:16:26Z
V.Jefferson,PIT,KC,2024,17,wrte_receptions,0.5,0.2530751702177212,under,0.0647270719263356,0.4352729280736643,0.5647270719263356,wrte_receptions,2025-09-30T12:16:26Z
E.All,CIN,CLE,2024,7,wrte_receptions,0.5,0.2530751702177212,under,0.0647270719263356,0.4352729280736643,0.5647270719263356,wrte_receptions,2025-09-30T12:16:26Z
T.Hudson,CIN,CLE,2024,7,wrte_receptions,0.5,0.2530751702177212,under,0.0647270719263356,0.4352729280736643,0.5647270719263356,wrte_receptions,2025-09-30T12:16:26Z
R.Flournoy,DAL,CIN,2024,14,wrte_receptions,0.5,0.2530751702177212,under,0.0647270719263356,0.4352729280736643,0.5647270719263356,wrte_receptions,2025-09-30T12:16:26Z
A.Iosivas,CIN,CLE,2024,7,wrte_receptions,0.5,0.2530751702177212,under,0.0647270719263356,0.4352729280736643,0.5647270719263356,wrte_receptions,2025-09-30T12:16:26Z
J.Cowing,SF,CHI,2024,14,wrte_receptions,0.5,0.2530751702177212,under,0.0647270719263356,0.4352729280736643,0.5647270719263356,wrte_receptions,2025-09-30T12:16:26Z
J.Watson,KC,LV,2024,8,wrte_receptions,2.5,2.2530821364303786,under,0.0647252619617601,0.4352747380382399,0.5647252619617601,wrte_receptions,2025-09-30T12:16:26Z
L.Krull,DEN,CLE,2024,13,wrte_receptions,2.5,2.2530821364303786,under,0.0647252619617601,0.4352747380382399,0.5647252619617601,wrte_receptions,2025-09-30T12:16:26Z
G.Dortch,ARI,NE,2024,15,wrte_receptions,2.5,2.2530821364303786,under,0.0647252619617601,0.4352747380382399,0.5647252619617601,wrte_receptions,2025-09-30T12:16:26Z
B.Aiyuk,SF,ARI,2024,5,wrte_receptions,6.5,6.253238143045174,under,0.064684727896211,0.4353152721037889,0.564684727896211,wrte_receptions,2025-09-30T12:16:26Z
T.Dell,HOU,DET,2024,10,wrte_receptions,4.5,4.746616346465778,over,0.0646469203501407,0.5646469203501407,0.4353530796498592,wrte_receptions,2025-09-30T12:16:26Z
D.Wicks,GB,DET,2024,9,wrte_receptions,1.0,1.2466040627318604,over,0.0646437286780095,0.5646437286780095,0.4353562713219905,wrte_receptions,2025-09-30T12:16:26Z
T.Hill,MIA,NE,2024,5,wrte_receptions,5.0,4.753440304190521,under,0.0646322008232478,0.4353677991767521,0.5646322008232478,wrte_receptions,2025-09-30T12:16:26Z
C.Godwin,TB,DET,2024,2,wrte_receptions,4.5,4.746557843873782,over,0.0646317196337132,0.5646317196337133,0.4353682803662867,wrte_receptions,2025-09-30T12:16:26Z
D.Robinson,LA,BUF,2024,14,wrte_receptions,1.0,0.7535749469536471,under,0.0645972162659995,0.4354027837340004,0.5645972162659996,wrte_receptions,2025-09-30T12:16:26Z
T.Burks,TEN,NYJ,2024,2,wrte_receptions,1.0,0.7535749469536471,under,0.0645972162659995,0.4354027837340004,0.5645972162659996,wrte_receptions,2025-09-30T12:16:26Z
K.Boutte,NE,NYJ,2024,8,wrte_receptions,2.5,2.7464126368662605,over,0.0645939901142037,0.5645939901142037,0.4354060098857962,wrte_receptions,2025-09-30T12:16:26Z
R.Bateman,BAL,TB,2024,7,wrte_receptions,3.5,3.746397020312404,over,0.0645899323888254,0.5645899323888255,0.4354100676111745,wrte_receptions,2025-09-30T12:16:26Z
X.Hutchinson,HOU,TEN,2024,12,wrte_receptions,0.5,0.2536319495108308,under,0.0645824050003074,0.4354175949996925,0.5645824050003074,wrte_receptions,2025-09-30T12:16:26Z
D.Njoku,CLE,DEN,2024,13,wrte_receptions,7.5,7.746327866825532,over,0.0645719638192154,0.5645719638192155,0.4354280361807845,wrte_receptions,2025-09-30T12:16:26Z
D.Carter,CHI,HOU,2024,2,wrte_receptions,2.5,2.7462982003506227,over,0.0645642553583736,0.5645642553583736,0.4354357446416264,wrte_receptions,2025-09-30T12:16:26Z
M.Woods,CLE,DEN,2024,13,wrte_receptions,2.5,2.7462982003506227,over,0.0645642553583736,0.5645642553583736,0.4354357446416264,wrte_receptions,2025-09-30T12:16:26Z
K.Pitts,ATL,SEA,2024,7,wrte_receptions,6.5,6.746246806937415,over,0.0645509013674815,0.5645509013674815,0.4354490986325184,wrte_receptions,2025-09-30T12:16:26Z
J.Downs,IND,NYJ,2024,11,wrte_receptions,4.5,4.746243246960115,over,0.0645499763453516,0.5645499763453516,0.4354500236546483,wrte_receptions,2025-09-30T12:16:26Z
C.Kirk,JAX,IND,2024,5,wrte_receptions,4.5,4.253790951685241,under,0.0645410901741316,0.4354589098258683,0.5645410901741317,wrte_receptions,2025-09-30T12:16:26Z
J.Brooks,DAL,WAS,2024,12,wrte_receptions,2.0,1.753853166235914,under,0.0645249242704275,0.4354750757295724,0.5645249242704276,wrte_receptions,2025-09-30T12:16:26Z
T.Lockett,SEA,BUF,2024,8,wrte_receptions,2.0,2.246146141450033,over,0.0645247443781042,0.5645247443781043,0.4354752556218957,wrte_receptions,2025-09-30T12:16:26Z
D.Schultz,HOU,GB,2024,7,wrte_receptions,2.0,2.246146141450033,over,0.0645247443781042,0.5645247443781043,0.4354752556218957,wrte_receptions,2025-09-30T12:16:26Z
A.Pierce,IND,JAX,2024,5,wrte_receptions,2.5,2.2538790088443403,under,0.0645182092642602,0.4354817907357398,0.5645182092642602,wrte_receptions,2025-09-30T12:16:26Z
N.Brown,WAS,CIN,2024,3,wrte_receptions,2.5,2.2539894302769925,under,0.0644895168813471,0.4355104831186528,0.5644895168813472,wrte_receptions,2025-09-30T12:16:26Z
N.Gray,KC,BUF,2024,11,wrte_receptions,3.5,3.2540018797850974,under,0.0644862819259866,0.4355137180740134,0.5644862819259866,wrte_receptions,2025-09-30T12:16:26Z
D.Smith,PHI,WAS,2024,11,wrte_receptions,3.5,3.745849147877285,over,0.0644475717195222,0.5644475717195222,0.4355524282804778,wrte_receptions,2025-09-30T12:16:26Z
L.Krull,DEN,BUF,2024,19,wrte_receptions,1.5,1.2543381321095488,under,0.0643989064599948,0.4356010935400052,0.5643989064599948,wrte_receptions,2025-09-30T12:16:26Z
I.Hodgins,NYG,CAR,2024,10,wrte_receptions,1.5,1.2543381321095488,under,0.0643989064599948,0.4356010935400052,0.5643989064599948,wrte_receptions,2025-09-30T12:16:26Z
G.Pickens,PIT,NYJ,2024,7,wrte_receptions,5.0,4.754458718592434,under,0.0643675711889171,0.4356324288110829,0.5643675711889171,wrte_receptions,2025-09-30T12:16:26Z
K.Bourne,NE,ARI,2024,15,wrte_receptions,3.0,2.754461840597916,under,0.0643667599078098,0.4356332400921902,0.5643667599078098,wrte_receptions,2025-09-30T12:16:26Z
R.Odunze,CHI,GB,2024,11,wrte_receptions,6.0,5.7545172245001925,under,0.0643523678593686,0.4356476321406314,0.5643523678593686,wrte_receptions,2025-09-30T12:16:26Z
N.Collins,HOU,MIA,2024,15,wrte_receptions,5.0,4.754526855985077,under,0.0643498650151636,0.4356501349848364,0.5643498650151636,wrte_receptions,2025-09-30T12:16:26Z
E.Moore,CLE,PIT,2024,12,wrte_receptions,4.0,3.754533377422423,under,0.0643481703485612,0.4356518296514388,0.5643481703485612,wrte_receptions,2025-09-30T12:16:26Z
D.Chark,LAC,LV,2024,18,wrte_receptions,1.5,1.2545787581531298,under,0.0643363776381487,0.4356636223618513,0.5643363776381487,wrte_receptions,2025-09-30T12:16:26Z
M.Hollins,BUF,KC,2024,21,wrte_receptions,3.0,2.754610526042508,under,0.0643281223487594,0.4356718776512406,0.5643281223487594,wrte_receptions,2025-09-30T12:16:26Z
T.Lockett,SEA,MIN,2024,16,wrte_receptions,1.5,1.7453804817239156,over,0.064325785597606,0.564325785597606,0.4356742144023939,wrte_receptions,2025-09-30T12:16:26Z
N.Adkins,DEN,LAC,2024,16,wrte_receptions,1.5,1.7453804817239156,over,0.064325785597606,0.564325785597606,0.4356742144023939,wrte_receptions,2025-09-30T12:16:26Z
C.Kmet,CHI,DET,2024,13,wrte_receptions,3.5,3.2546214053012474,under,0.0643252952288059,0.4356747047711941,0.5643252952288059,wrte_receptions,2025-09-30T12:16:26Z
A.St. Brown,DET,TB,2024,2,wrte_receptions,9.5,9.254646355079837,under,0.0643188116848785,0.4356811883151215,0.5643188116848785,wrte_receptions,2025-09-30T12:16:26Z
C.Sutton,DEN,LAC,2024,16,wrte_receptions,5.0,4.75470614142852,under,0.0643032753076078,0.4356967246923922,0.5643032753076078,wrte_receptions,2025-09-30T12:16:26Z
K.Shakir,BUF,LA,2024,14,wrte_receptions,4.5,4.745079960846623,over,0.0642476899707976,0.5642476899707977,0.4357523100292023,wrte_receptions,2025-09-30T12:16:26Z
R.Miller,TB,ATL,2024,8,wrte_receptions,3.0,2.7549503398388406,under,0.0642398156665394,0.4357601843334605,0.5642398156665395,wrte_receptions,2025-09-30T12:16:26Z
N.Gray,KC,LAC,2024,14,wrte_receptions,4.0,3.7550216166437607,under,0.0642212927096387,0.4357787072903613,0.5642212927096387,wrte_receptions,2025-09-30T12:16:26Z
C.Otton,TB,DET,2024,2,wrte_receptions,1.5,1.7449580132133795,over,0.0642159990222499,0.56421599902225,0.43578400097775,wrte_receptions,2025-09-30T12:16:26Z
T.McBride,ARI,SF,2024,5,wrte_receptions,5.5,5.744898627703234,over,0.0642005661573056,0.5642005661573056,0.4357994338426944,wrte_receptions,2025-09-30T12:16:26Z
J.Waddle,MIA,IND,2024,7,wrte_receptions,2.0,2.2448971565171894,over,0.0642001838302163,0.5642001838302163,0.4357998161697837,wrte_receptions,2025-09-30T12:16:26Z
B.Bowers,LV,KC,2024,13,wrte_receptions,10.5,10.744879860029922,over,0.0641956888703341,0.5641956888703341,0.4358043111296659,wrte_receptions,2025-09-30T12:16:26Z
D.Mooney,ATL,DEN,2024,11,wrte_receptions,3.0,3.244816386236066,over,0.0641791934177326,0.5641791934177326,0.4358208065822674,wrte_receptions,2025-09-30T12:16:26Z
K.Raymond,DET,TB,2024,2,wrte_receptions,2.5,2.2551877066225114,under,0.0641781297693542,0.4358218702306458,0.5641781297693542,wrte_receptions,2025-09-30T12:16:26Z
J.Metchie,HOU,TEN,2024,12,wrte_receptions,2.0,2.244792650539836,over,0.0641730250000442,0.5641730250000443,0.4358269749999557,wrte_receptions,2025-09-30T12:16:26Z
B.Thomas,JAX,IND,2024,18,wrte_receptions,6.5,6.744774912171582,over,0.0641684151539554,0.5641684151539554,0.4358315848460445,wrte_receptions,2025-09-30T12:16:26Z
D.Johnson,CAR,LV,2024,3,wrte_receptions,6.0,5.755338694211987,under,0.0641388909270416,0.4358611090729584,0.5641388909270416,wrte_receptions,2025-09-30T12:16:26Z
J.Reed,GB,NO,2024,16,wrte_receptions,3.0,2.755353200131139,under,0.0641351210775037,0.4358648789224962,0.5641351210775037,wrte_receptions,2025-09-30T12:16:26Z
T.Burks,TEN,MIA,2024,4,wrte_receptions,1.0,1.2446437880671517,over,0.0641343383591003,0.5641343383591003,0.4358656616408997,wrte_receptions,2025-09-30T12:16:26Z
T.Wallace,BAL,PIT,2024,19,wrte_receptions,1.0,1.244623948219736,over,0.0641291822983435,0.5641291822983435,0.4358708177016565,wrte_receptions,2025-09-30T12:16:26Z
A.Ogletree,IND,NE,2024,13,wrte_receptions,1.0,1.244623948219736,over,0.0641291822983435,0.5641291822983435,0.4358708177016565,wrte_receptions,2025-09-30T12:16:26Z
E.Moore,CLE,KC,2024,15,wrte_receptions,3.5,3.2553973346760654,under,0.0641236512001477,0.4358763487998522,0.5641236512001477,wrte_receptions,2025-09-30T12:16:26Z
M.Evans,TB,PHI,2024,4,wrte_receptions,6.0,6.24458163486382,over,0.0641181856937955,0.5641181856937956,0.4358818143062044,wrte_receptions,2025-09-30T12:16:26Z
J.Wilson,PHI,NYG,2024,18,wrte_receptions,3.0,2.755442640603893,under,0.0641118768426124,0.4358881231573875,0.5641118768426124,wrte_receptions,2025-09-30T12:16:26Z
C.Sutton,DEN,PIT,2024,2,wrte_receptions,2.0,1.755526638128887,under,0.0640900469464009,0.435909953053599,0.564090046946401,wrte_receptions,2025-09-30T12:16:26Z
A.Brown,PHI,CIN,2024,8,wrte_receptions,4.5,4.744462795305834,over,0.0640873008156683,0.5640873008156684,0.4359126991843316,wrte_receptions,2025-09-30T12:16:26Z
D.Adams,NYJ,LA,2024,16,wrte_receptions,7.5,7.255547222862851,under,0.0640846972041508,0.4359153027958491,0.5640846972041509,wrte_receptions,2025-09-30T12:16:26Z
J.Addison,MIN,JAX,2024,10,wrte_receptions,2.0,2.244449634763709,over,0.0640838805353891,0.5640838805353892,0.4359161194646108,wrte_receptions,2025-09-30T12:16:26Z
J.Akins,CLE,BAL,2024,8,wrte_receptions,0.0,0.2444028487055406,over,0.0640717213141928,0.5640717213141928,0.4359282786858072,wrte_receptions,2025-09-30T12:16:26Z
N.Collins,HOU,JAX,2024,13,wrte_receptions,6.0,6.244395010215499,over,0.0640696841643424,0.5640696841643424,0.4359303158356575,wrte_receptions,2025-09-30T12:16:26Z
J.McMillan,TB,NYG,2024,12,wrte_receptions,2.5,2.255605400229161,under,0.0640695774935882,0.4359304225064118,0.5640695774935882,wrte_receptions,2025-09-30T12:16:26Z
J.Smith-Njigba,SEA,ATL,2024,7,wrte_receptions,3.5,3.744354627635162,over,0.0640591890845267,0.5640591890845268,0.4359408109154732,wrte_receptions,2025-09-30T12:16:26Z
X.Worthy,KC,DEN,2024,10,wrte_receptions,2.0,2.2442954079628974,over,0.0640437983275176,0.5640437983275176,0.4359562016724824,wrte_receptions,2025-09-30T12:16:26Z
J.Addison,MIN,LA,2024,8,wrte_receptions,2.5,2.744227086730371,over,0.0640260420214899,0.56402604202149,0.43597395797851,wrte_receptions,2025-09-30T12:16:26Z
C.Parkinson,LA,DET,2024,1,wrte_receptions,3.0,3.2442178964099453,over,0.0640236534987896,0.5640236534987897,0.4359763465012103,wrte_receptions,2025-09-30T12:16:26Z
R.Shaheed,NO,PHI,2024,3,wrte_receptions,1.5,1.2558150893004645,under,0.0640150806426558,0.4359849193573442,0.5640150806426558,wrte_receptions,2025-09-30T12:16:26Z
K.Turpin,DAL,DET,2024,6,wrte_receptions,4.0,3.755934380768638,under,0.0639840770091826,0.4360159229908174,0.5639840770091826,wrte_receptions,2025-09-30T12:16:26Z
T.Atwell,LA,LV,2024,7,wrte_receptions,5.5,5.255985501639561,under,0.0639707906683647,0.4360292093316352,0.5639707906683648,wrte_receptions,2025-09-30T12:16:26Z
T.Hill,MIA,BUF,2024,9,wrte_receptions,3.5,3.743933880580191,over,0.0639498379188595,0.5639498379188596,0.4360501620811404,wrte_receptions,2025-09-30T12:16:26Z
T.Tucker,LV,CAR,2024,3,wrte_receptions,6.5,6.743884438618685,over,0.0639369877487175,0.5639369877487176,0.4360630122512824,wrte_receptions,2025-09-30T12:16:26Z
O.Beckham,MIA,BUF,2024,9,wrte_receptions,2.5,2.2561951338283484,under,0.0639163063991423,0.4360836936008576,0.5639163063991424,wrte_receptions,2025-09-30T12:16:26Z
O.Zaccheaus,WAS,CAR,2024,7,wrte_receptions,3.5,3.743785906952208,over,0.0639113787601018,0.5639113787601019,0.4360886212398981,wrte_receptions,2025-09-30T12:16:26Z
R.McCloud,ATL,TB,2024,8,wrte_receptions,3.0,2.756235108368395,under,0.0639059167138218,0.4360940832861781,0.5639059167138218,wrte_receptions,2025-09-30T12:16:26Z
J.Downs,IND,BUF,2024,10,wrte_receptions,6.0,5.756433895525077,under,0.0638542497734386,0.4361457502265613,0.5638542497734387,wrte_receptions,2025-09-30T12:16:26Z
K.Allen,CHI,MIN,2024,15,wrte_receptions,6.0,5.756458028812013,under,0.0638479771959436,0.4361520228040564,0.5638479771959436,wrte_receptions,2025-09-30T12:16:26Z
B.Aiyuk,SF,KC,2024,7,wrte_receptions,2.5,2.7434811637112766,over,0.0638321724143869,0.563832172414387,0.436167827585613,wrte_receptions,2025-09-30T12:16:26Z
J.Akins,CLE,LV,2024,4,wrte_receptions,2.0,1.756528331366053,under,0.0638297044911865,0.4361702955088135,0.5638297044911865,wrte_receptions,2025-09-30T12:16:26Z
J.Jefferson,MIN,CHI,2024,15,wrte_receptions,6.0,6.243380612337778,over,0.0638060373702062,0.5638060373702063,0.4361939626297937,wrte_receptions,2025-09-30T12:16:26Z
J.Addison,MIN,CHI,2024,15,wrte_receptions,6.0,6.2433531687753225,over,0.0637989042644235,0.5637989042644236,0.4362010957355764,wrte_receptions,2025-09-30T12:16:26Z
M.Williams,PIT,CLE,2024,14,wrte_receptions,2.5,2.256721869599413,under,0.0637794002524116,0.4362205997475883,0.5637794002524117,wrte_receptions,2025-09-30T12:16:26Z
W.Robinson,NYG,ATL,2024,16,wrte_receptions,6.0,5.756762986329594,under,0.0637687131054991,0.4362312868945008,0.5637687131054991,wrte_receptions,2025-09-30T12:16:26Z
B.Cooks,DAL,NYG,2024,13,wrte_receptions,2.5,2.7432122300815505,over,0.063762271280514,0.563762271280514,0.4362377287194859,wrte_receptions,2025-09-30T12:16:26Z
B.Melton,GB,SF,2024,12,wrte_receptions,0.0,0.2431254037122135,over,0.0637397029759424,0.5637397029759424,0.4362602970240575,wrte_receptions,2025-09-30T12:16:26Z
A.Trautman,DEN,CLE,2024,13,wrte_receptions,0.0,0.2431254037122135,over,0.0637397029759424,0.5637397029759424,0.4362602970240575,wrte_receptions,2025-09-30T12:16:26Z
M.Valdes-Scantling,BUF,BAL,2024,4,wrte_receptions,0.0,0.2431254037122135,over,0.0637397029759424,0.5637397029759424,0.4362602970240575,wrte_receptions,2025-09-30T12:16:26Z
G.Everett,CHI,WAS,2024,8,wrte_receptions,1.5,1.7431148751002663,over,0.0637369663171606,0.5637369663171606,0.4362630336828393,wrte_receptions,2025-09-30T12:16:26Z
C.Ridley,TEN,HOU,2024,12,wrte_receptions,5.0,4.756913171537956,under,0.0637296762550005,0.4362703237449994,0.5637296762550006,wrte_receptions,2025-09-30T12:16:26Z
W.Dissly,LAC,KC,2024,4,wrte_receptions,2.5,2.2569390109766125,under,0.0637229598831533,0.4362770401168466,0.5637229598831534,wrte_receptions,2025-09-30T12:16:26Z
M.Valdes-Scantling,BUF,ARI,2024,1,wrte_receptions,2.0,1.7570814120648508,under,0.0636859456434401,0.4363140543565599,0.5636859456434401,wrte_receptions,2025-09-30T12:16:26Z
J.Ferguson,DAL,PHI,2024,10,wrte_receptions,4.0,4.2427757417122525,over,0.0636488151397853,0.5636488151397854,0.4363511848602146,wrte_receptions,2025-09-30T12:16:26Z
D.Schultz,HOU,JAX,2024,4,wrte_receptions,2.5,2.7427692265036563,over,0.0636471216061205,0.5636471216061205,0.4363528783938795,wrte_receptions,2025-09-30T12:16:26Z
O.Zaccheaus,WAS,CLE,2024,5,wrte_receptions,2.5,2.2572514387830003,under,0.0636417499578568,0.4363582500421431,0.5636417499578569,wrte_receptions,2025-09-30T12:16:26Z
B.Cooks,DAL,PHI,2024,17,wrte_receptions,4.0,3.757252167122255,under,0.0636415606361802,0.4363584393638198,0.5636415606361802,wrte_receptions,2025-09-30T12:16:26Z
A.St. Brown,DET,ARI,2024,3,wrte_receptions,6.5,6.742666343699977,over,0.0636203785637961,0.5636203785637961,0.4363796214362039,wrte_receptions,2025-09-30T12:16:26Z
C.Kupp,LA,NE,2024,11,wrte_receptions,6.0,5.757389776737969,under,0.063605790665661,0.4363942093343389,0.5636057906656611,wrte_receptions,2025-09-30T12:16:26Z
T.Dell,HOU,DET,2024,10,wrte_receptions,4.5,4.742537013520643,over,0.0635867604587212,0.5635867604587212,0.4364132395412787,wrte_receptions,2025-09-30T12:16:26Z
T.Franklin,DEN,LV,2024,5,wrte_receptions,1.5,1.7424698077217635,over,0.0635692907925009,0.563569290792501,0.436430709207499,wrte_receptions,2025-09-30T12:16:26Z
J.Jefferson,MIN,NYJ,2024,5,wrte_receptions,6.0,5.757658747184517,under,0.063535873519657,0.4364641264803429,0.5635358735196571,wrte_receptions,2025-09-30T12:16:26Z
N.Brown,WAS,NYG,2024,2,wrte_receptions,3.0,2.7576643908928262,under,0.0635344064525346,0.4364655935474654,0.5635344064525346,wrte_receptions,2025-09-30T12:16:26Z
D.Wicks,GB,LA,2024,5,wrte_receptions,3.5,3.257674239333465,under,0.0635318463742152,0.4364681536257847,0.5635318463742153,wrte_receptions,2025-09-30T12:16:26Z
M.Wilson,ARI,BUF,2024,1,wrte_receptions,2.5,2.2576992959908835,under,0.0635253329447365,0.4364746670552635,0.5635253329447365,wrte_receptions,2025-09-30T12:16:26Z
J.Brooks,DAL,PHI,2024,10,wrte_receptions,2.0,1.7577023841453818,under,0.0635245301837743,0.4364754698162256,0.5635245301837744,wrte_receptions,2025-09-30T12:16:26Z
T.Wallace,BAL,LAC,2024,12,wrte_receptions,1.5,1.2577336994403288,under,0.0635163898067454,0.4364836101932545,0.5635163898067455,wrte_receptions,2025-09-30T12:16:26Z
C.Wilson,NO,CAR,2024,9,wrte_receptions,3.0,2.7577402229333106,under,0.0635146940284195,0.4364853059715804,0.5635146940284196,wrte_receptions,2025-09-30T12:16:26Z
D.Moore,CHI,HOU,2024,2,wrte_receptions,5.0,5.2422144739714005,over,0.0635029174821186,0.5635029174821187,0.4364970825178813,wrte_receptions,2025-09-30T12:16:26Z
B.Bowers,LV,KC,2024,8,wrte_receptions,5.5,5.2578093374981405,under,0.0634967276645324,0.4365032723354676,0.5634967276645324,wrte_receptions,2025-09-30T12:16:26Z
C.Austin,PIT,NYJ,2024,7,wrte_receptions,1.5,1.7421769733104104,over,0.0634931691371833,0.5634931691371834,0.4365068308628166,wrte_receptions,2025-09-30T12:16:26Z
D.Samuel,SF,NE,2024,4,wrte_receptions,4.0,3.7579055123471785,under,0.063471726748982,0.4365282732510179,0.563471726748982,wrte_receptions,2025-09-30T12:16:26Z
N.Westbrook-Ikhine,TEN,NE,2024,9,wrte_receptions,5.0,4.757915246319649,under,0.0634691963620335,0.4365308036379665,0.5634691963620335,wrte_receptions,2025-09-30T12:16:26Z
D.Robinson,LA,GB,2024,5,wrte_receptions,3.0,2.7579694295468467,under,0.0634551111575245,0.4365448888424754,0.5634551111575246,wrte_receptions,2025-09-30T12:16:26Z
R.Miller,TB,DAL,2024,16,wrte_receptions,1.5,1.7419849143931356,over,0.0634432425708789,0.563443242570879,0.436556757429121,wrte_receptions,2025-09-30T12:16:26Z
J.Bobo,SEA,NE,2024,2,wrte_receptions,1.5,1.7419849143931356,over,0.0634432425708789,0.563443242570879,0.436556757429121,wrte_receptions,2025-09-30T12:16:26Z
Z.Jones,ARI,MIA,2024,8,wrte_receptions,1.0,1.2419840312848296,over,0.063443013000628,0.563443013000628,0.4365569869993719,wrte_receptions,2025-09-30T12:16:26Z
P.Campbell,PHI,TB,2024,4,wrte_receptions,3.0,3.241983112378707,over,0.0634427741244587,0.5634427741244588,0.4365572258755412,wrte_receptions,2025-09-30T12:16:26Z
J.Coker,CAR,DEN,2024,8,wrte_receptions,4.0,3.758075061969136,under,0.0634276512427027,0.4365723487572972,0.5634276512427028,wrte_receptions,2025-09-30T12:16:26Z
R.Odunze,CHI,LA,2024,4,wrte_receptions,1.0,1.2419092336422075,over,0.0634235687467914,0.5634235687467914,0.4365764312532085,wrte_receptions,2025-09-30T12:16:26Z
J.Warren,PIT,PHI,2024,15,rb_rushing_yards,21.0,21.24999709917505,over,0.0042774459436458,0.5042774459436459,0.4957225540563541,rb_rushing_yards,2025-09-30T12:16:26Z
T.Sermon,IND,MIN,2024,9,rb_rushing_yards,10.5,10.250050382411862,under,0.0042766335656573,0.4957233664343426,0.5042766335656573,rb_rushing_yards,2025-09-30T12:16:26Z
Z.Charbonnet,SEA,NYG,2024,5,rb_rushing_yards,19.0,18.750140803634025,under,0.0042750865193668,0.4957249134806332,0.5042750865193668,rb_rushing_yards,2025-09-30T12:16:26Z
J.Williams,DEN,CAR,2024,8,rb_rushing_yards,52.0,52.24976614922612,over,0.0042734945453236,0.5042734945453237,0.4957265054546763,rb_rushing_yards,2025-09-30T12:16:26Z
I.Guerendo,SF,LA,2024,15,rb_rushing_yards,54.0,54.24971859580264,over,0.0042726809381734,0.5042726809381735,0.4957273190618265,rb_rushing_yards,2025-09-30T12:16:26Z
J.Williams,NO,DEN,2024,7,rb_rushing_yards,18.0,17.750315505574928,under,0.0042720974864868,0.4957279025135132,0.5042720974864868,rb_rushing_yards,2025-09-30T12:16:26Z
D.Achane,MIA,SEA,2024,3,rb_rushing_yards,42.0,42.24963939531055,over,0.0042713258708867,0.5042713258708867,0.4957286741291132,rb_rushing_yards,2025-09-30T12:16:26Z
N.Harris,PIT,WAS,2024,10,rb_rushing_yards,63.0,63.24947071305533,over,0.0042684398304986,0.5042684398304986,0.4957315601695014,rb_rushing_yards,2025-09-30T12:16:26Z
K.Vidal,LAC,TB,2024,15,rb_rushing_yards,16.5,16.749463901322706,over,0.0042683232863118,0.5042683232863119,0.4957316767136881,rb_rushing_yards,2025-09-30T12:16:26Z
T.Tracy,NYG,TB,2024,12,rb_rushing_yards,53.0,53.24944046899971,over,0.0042679223749435,0.5042679223749436,0.4957320776250564,rb_rushing_yards,2025-09-30T12:16:26Z
A.Ekeler,WAS,CLE,2024,5,rb_rushing_yards,44.5,44.74936236554873,over,0.0042665860771238,0.5042665860771238,0.4957334139228762,rb_rushing_yards,2025-09-30T12:16:26Z
D.Achane,MIA,IND,2024,7,rb_rushing_yards,59.5,59.74928727522831,over,0.0042653013319081,0.5042653013319082,0.4957346986680918,rb_rushing_yards,2025-09-30T12:16:26Z
T.Chandler,MIN,ARI,2024,13,rb_rushing_yards,10.0,9.75111654696211,under,0.0042583922032587,0.4957416077967412,0.5042583922032587,rb_rushing_yards,2025-09-30T12:16:26Z
C.Brown,CIN,WAS,2024,3,rb_rushing_yards,34.0,34.24881299656744,over,0.0042571867398568,0.5042571867398569,0.4957428132601431,rb_rushing_yards,2025-09-30T12:16:26Z
J.Chestnut,TEN,HOU,2024,18,rb_rushing_yards,13.0,12.75132316320336,under,0.0042548571365257,0.4957451428634742,0.5042548571365257,rb_rushing_yards,2025-09-30T12:16:26Z
D.Achane,MIA,JAX,2024,1,rb_rushing_yards,32.0,31.751349860990675,under,0.0042544003550828,0.4957455996449171,0.5042544003550828,rb_rushing_yards,2025-09-30T12:16:26Z
E.Elliott,DAL,SF,2024,8,rb_rushing_yards,34.5,34.25143274756579,under,0.0042529822206927,0.4957470177793073,0.5042529822206927,rb_rushing_yards,2025-09-30T12:16:26Z
T.Pollard,TEN,NYJ,2024,2,rb_rushing_yards,60.0,60.24835544164426,over,0.0042493582781513,0.5042493582781513,0.4957506417218487,rb_rushing_yards,2025-09-30T12:16:26Z
A.Gibson,NE,IND,2024,13,rb_rushing_yards,38.5,38.25167842957397,under,0.0042487787639745,0.4957512212360254,0.5042487787639746,rb_rushing_yards,2025-09-30T12:16:26Z
D.Swift,CHI,JAX,2024,6,rb_rushing_yards,72.5,72.74830882746515,over,0.0042485607403266,0.5042485607403266,0.4957514392596733,rb_rushing_yards,2025-09-30T12:16:26Z
M.Sanders,CAR,LAC,2024,2,rb_rushing_yards,23.0,22.751910342348243,under,0.0042448108893118,0.4957551891106881,0.5042448108893118,rb_rushing_yards,2025-09-30T12:16:26Z
S.Tucker,TB,LAC,2024,15,rb_rushing_yards,19.0,18.75192421067836,under,0.0042445736113138,0.4957554263886862,0.5042445736113138,rb_rushing_yards,2025-09-30T12:16:26Z
N.Chubb,CLE,CIN,2024,7,rb_rushing_yards,37.5,37.74803271096327,over,0.0042438365689537,0.5042438365689538,0.4957561634310462,rb_rushing_yards,2025-09-30T12:16:26Z
T.Allgeier,ATL,WAS,2024,17,rb_rushing_yards,28.0,28.24795857712225,over,0.0042425681876903,0.5042425681876903,0.4957574318123097,rb_rushing_yards,2025-09-30T12:16:26Z
R.Rivers,LA,SF,2024,3,rb_rushing_yards,11.5,11.252166473884168,under,0.004240428647117,0.4957595713528829,0.504240428647117,rb_rushing_yards,2025-09-30T12:16:26Z
D.Mooney,ATL,WAS,2024,17,wr_rec_yards,28.0,27.750371002569743,under,0.0036902480622442,0.4963097519377557,0.5036902480622443,wr_rec_yards,2025-09-30T12:16:26Z
J.Waddle,MIA,ARI,2024,8,wr_rec_yards,48.0,48.24960063061965,over,0.0036898287296196,0.5036898287296196,0.4963101712703803,wr_rec_yards,2025-09-30T12:16:26Z
P.Nacua,LA,ARI,2024,17,wr_rec_yards,87.0,87.24953282815775,over,0.0036888264391198,0.5036888264391198,0.4963111735608801,wr_rec_yards,2025-09-30T12:16:26Z
T.Dell,HOU,IND,2024,8,wr_rec_yards,47.0,46.75052445684649,under,0.0036879796230138,0.4963120203769862,0.5036879796230138,wr_rec_yards,2025-09-30T12:16:26Z
D.Robinson,LA,DET,2024,1,wr_rec_yards,58.0,58.2494475379717,over,0.0036875656361481,0.5036875656361481,0.4963124343638518,wr_rec_yards,2025-09-30T12:16:26Z
R.Woods,HOU,TEN,2024,18,wr_rec_yards,30.5,30.749141534664723,over,0.0036830421391027,0.5036830421391028,0.4963169578608972,wr_rec_yards,2025-09-30T12:16:26Z
K.Raymond,DET,TEN,2024,8,wr_rec_yards,30.5,30.749141534664723,over,0.0036830421391027,0.5036830421391028,0.4963169578608972,wr_rec_yards,2025-09-30T12:16:26Z
M.Washington,MIA,BUF,2024,9,wr_rec_yards,6.5,6.250972154292538,under,0.0036813615307972,0.4963186384692027,0.5036813615307972,wr_rec_yards,2025-09-30T12:16:26Z
M.Hardman,KC,CAR,2024,12,wr_rec_yards,6.5,6.250972154292538,under,0.0036813615307972,0.4963186384692027,0.5036813615307972,wr_rec_yards,2025-09-30T12:16:26Z
C.Ridley,TEN,HOU,2024,18,wr_rec_yards,43.0,43.24887245786818,over,0.0036790645081877,0.5036790645081878,0.4963209354918122,wr_rec_yards,2025-09-30T12:16:26Z
D.Johnson,BAL,CIN,2024,10,wr_rec_yards,22.5,22.748851571941312,over,0.0036787557617125,0.5036787557617125,0.4963212442382875,wr_rec_yards,2025-09-30T12:16:26Z
J.Addison,MIN,CHI,2024,12,wr_rec_yards,92.5,92.25114927814109,under,0.0036787431953587,0.4963212568046412,0.5036787431953588,wr_rec_yards,2025-09-30T12:16:26Z
B.Thomas,JAX,LV,2024,16,wr_rec_yards,82.5,82.74873364298308,over,0.0036770124753704,0.5036770124753704,0.4963229875246295,wr_rec_yards,2025-09-30T12:16:26Z
B.Thomas,JAX,LV,2024,16,wr_rec_yards,82.5,82.74873364298308,over,0.0036770124753704,0.5036770124753704,0.4963229875246295,wr_rec_yards,2025-09-30T12:16:26Z
J.Meyers,LV,ATL,2024,15,wr_rec_yards,68.0,67.75132923111438,under,0.003676083038187,0.496323916961813,0.503676083038187,wr_rec_yards,2025-09-30T12:16:26Z
N.Collins,HOU,MIA,2024,15,wr_rec_yards,67.0,67.24832654558939,over,0.0036709945523717,0.5036709945523717,0.4963290054476282,wr_rec_yards,2025-09-30T12:16:26Z
R.Flournoy,DAL,WAS,2024,18,wr_rec_yards,25.0,25.248324940485883,over,0.0036709708249047,0.5036709708249048,0.4963290291750952,wr_rec_yards,2025-09-30T12:16:26Z
K.Bourne,NE,HOU,2024,6,wr_rec_yards,25.0,25.248324940485883,over,0.0036709708249047,0.5036709708249048,0.4963290291750952,wr_rec_yards,2025-09-30T12:16:26Z
C.Samuel,BUF,KC,2024,21,wr_rec_yards,19.0,19.24827655394857,over,0.0036702555501743,0.5036702555501743,0.4963297444498257,wr_rec_yards,2025-09-30T12:16:26Z
D.Moore,CHI,MIN,2024,12,wr_rec_yards,57.5,57.251738016134674,under,0.0036700401676929,0.4963299598323071,0.5036700401676929,wr_rec_yards,2025-09-30T12:16:26Z
J.Jennings,SF,GB,2024,12,wr_rec_yards,70.0,70.24818754493265,over,0.0036689397729996,0.5036689397729996,0.4963310602270003,wr_rec_yards,2025-09-30T12:16:26Z
A.Thielen,CAR,DAL,2024,15,wr_rec_yards,70.0,70.24818754493265,over,0.0036689397729996,0.5036689397729996,0.4963310602270003,wr_rec_yards,2025-09-30T12:16:26Z
X.Legette,CAR,CIN,2024,4,wr_rec_yards,73.5,73.7481808189911,over,0.0036688403466615,0.5036688403466616,0.4963311596533384,wr_rec_yards,2025-09-30T12:16:26Z
A.Brown,PHI,LA,2024,12,wr_rec_yards,73.0,73.24817767716682,over,0.0036687939025941,0.5036687939025941,0.4963312060974059,wr_rec_yards,2025-09-30T12:16:26Z
X.Worthy,KC,PHI,2024,22,wr_rec_yards,60.0,59.75182562910141,under,0.0036687450276311,0.4963312549723688,0.5036687450276311,wr_rec_yards,2025-09-30T12:16:26Z
J.Herbert,LAC,ARI,2024,7,qb_passing_yards,261.5,261.25013108105543,under,0.001600513293901,0.4983994867060989,0.5016005132939011,qb_passing_yards,2025-09-30T12:16:26Z
S.Rattler,NO,LV,2024,17,qb_passing_yards,194.0,194.24980091662,over,0.0016000777133522,0.5016000777133522,0.4983999222866477,qb_passing_yards,2025-09-30T12:16:26Z
B.Purdy,SF,KC,2024,7,qb_passing_yards,229.0,228.7502305160785,under,0.001599876375057,0.4984001236249429,0.5015998763750571,qb_passing_yards,2025-09-30T12:16:26Z
P.Mahomes,KC,ATL,2024,3,qb_passing_yards,234.0,233.7507258786129,under,0.001596703391042,0.498403296608958,0.501596703391042,qb_passing_yards,2025-09-30T12:16:26Z
S.Darnold,MIN,LA,2024,8,qb_passing_yards,239.0,239.249076960499,over,0.0015954405011042,0.5015954405011043,0.4984045594988957,qb_passing_yards,2025-09-30T12:16:26Z
J.Fields,PIT,IND,2024,4,qb_passing_yards,271.0,270.7509769270849,under,0.0015950953307783,0.4984049046692216,0.5015950953307784,qb_passing_yards,2025-09-30T12:16:26Z
G.Smith,SEA,NYG,2024,5,qb_passing_yards,277.5,277.25146195368666,under,0.0015919885521652,0.4984080114478347,0.5015919885521652,qb_passing_yards,2025-09-30T12:16:26Z
J.Allen,BUF,MIA,2024,9,qb_passing_yards,236.5,236.25178393506133,under,0.0015899261397721,0.4984100738602278,0.5015899261397722,qb_passing_yards,2025-09-30T12:16:26Z
M.Penix,ATL,CAR,2024,18,qb_passing_yards,270.0,269.7518526073983,under,0.0015894862674946,0.4984105137325053,0.5015894862674947,qb_passing_yards,2025-09-30T12:16:26Z
M.Mariota,WAS,TB,2024,19,qb_passing_yards,37.5,37.25199872781908,under,0.0015885503109571,0.4984114496890428,0.5015885503109572,qb_passing_yards,2025-09-30T12:16:26Z
M.Trubisky,BUF,NYJ,2024,17,qb_passing_yards,44.5,44.25201849745133,under,0.0015884236789878,0.4984115763210122,0.5015884236789878,qb_passing_yards,2025-09-30T12:16:26Z
M.Trubisky,BUF,NYJ,2024,17,qb_passing_yards,44.5,44.25201849745133,under,0.0015884236789878,0.4984115763210122,0.5015884236789878,qb_passing_yards,2025-09-30T12:16:26Z
B.Nix,DEN,LV,2024,5,qb_passing_yards,206.0,206.24777676671167,over,0.0015871122685333,0.5015871122685334,0.4984128877314666,qb_passing_yards,2025-09-30T12:16:26Z
M.Jones,JAX,HOU,2024,13,qb_passing_yards,220.5,220.74771429536048,over,0.0015867121159023,0.5015867121159023,0.4984132878840976,qb_passing_yards,2025-09-30T12:16:26Z
B.Mayfield,TB,SF,2024,10,qb_passing_yards,195.0,194.75242303783725,under,0.0015858324448265,0.4984141675551734,0.5015858324448266,qb_passing_yards,2025-09-30T12:16:26Z
L.Jackson,BAL,CIN,2024,5,qb_passing_yards,314.0,314.24742689603625,over,0.0015848712145171,0.5015848712145171,0.4984151287854829,qb_passing_yards,2025-09-30T12:16:26Z
C.Stroud,HOU,BAL,2024,17,qb_passing_yards,197.0,197.2474185276465,over,0.0015848176118147,0.5015848176118147,0.4984151823881853,qb_passing_yards,2025-09-30T12:16:26Z
M.Stafford,LA,SEA,2024,9,qb_passing_yards,261.0,261.2472521134416,over,0.0015837516658676,0.5015837516658677,0.4984162483341323,qb_passing_yards,2025-09-30T12:16:26Z
J.Herbert,LAC,LV,2024,18,qb_passing_yards,277.5,277.2528868276702,under,0.0015828616954678,0.4984171383045321,0.5015828616954678,qb_passing_yards,2025-09-30T12:16:26Z
K.Murray,ARI,CHI,2024,9,qb_passing_yards,154.5,154.74655573792614,over,0.0015792911170862,0.5015792911170862,0.4984207088829138,qb_passing_yards,2025-09-30T12:16:26Z
B.Nix,DEN,IND,2024,15,qb_passing_yards,177.5,177.25356549320296,under,0.0015785145857933,0.4984214854142066,0.5015785145857934,qb_passing_yards,2025-09-30T12:16:26Z
T.Tagovailoa,MIA,LV,2024,11,qb_passing_yards,274.0,273.7536646560736,under,0.0015778794100488,0.4984221205899511,0.5015778794100488,qb_passing_yards,2025-09-30T12:16:26Z
J.Brissett,NE,NYJ,2024,3,qb_passing_yards,127.0,126.75374840423764,under,0.0015773429713356,0.4984226570286644,0.5015773429713356,qb_passing_yards,2025-09-30T12:16:26Z
P.Mahomes,KC,LAC,2024,4,qb_passing_yards,234.0,233.75375500810787,under,0.0015773006710452,0.4984226993289548,0.5015773006710452,qb_passing_yards,2025-09-30T12:16:26Z
D.Lock,NYG,NO,2024,14,qb_passing_yards,202.5,202.74614385066545,over,0.0015766528231733,0.5015766528231733,0.4984233471768267,qb_passing_yards,2025-09-30T12:16:26Z
