"season","week","game_date","game_time","home_team_id","home_team_stats_id","home_team_abbrev","visit_team_id","visit_team_stats_id","visit_team_abbrev","home_team_score","visit_team_score","game_over_under","line","surface","weather_icon","temperature","precip_probability","precip_type","wind_speed","wind_bearing","kickoff","month","start","favorite","score","total","spread","over_hit","under_hit","favorite_covered","underdog_covered","name"
"2001","1","2001-09-09 00:00:00","12","9","DAL","DAL","29","TB","TB","6","10","34.0","9.5","Turf","Cloudy","70.07","","","12.52","358","Sep 9 12:00 PM","September","Day","TB","10-6","16","9.5","0","1","0","1","<span style=""font-weight:700;"">TB</span> @ <span style=""color:#1da561 !important"">DAL</span>"
"2001","1","2001-09-09 00:00:00","12","12","GB","GB","11","DET","DET","28","6","42.0","-5.5","Grass","Rain","59.34","100%","Rain","5.82","330","Sep 9 12:00 PM","September","Day","GB","6-28","34","5.5","0","1","1","0","<span style="""">DET</span> @ <span style=""font-weight:700;color:#1da561 !important"">GB</span>"
"2001","1","2001-09-09 00:00:00","12","15","KC","KC","35","LV","OAK","24","27","43.0","3","Grass","Partly Cloudy Day","66.08","","","12.91","314","Sep 9 12:00 PM","September","Day","OAK","27-24","51","3","1","0","0","0","<span style=""font-weight:700;"">OAK</span> @ <span style="""">KC</span>"
"2001","1","2001-09-09 00:00:00","13","3","BAL","BAL","6","CHI","CHI","17","6","33.0","-10","Grass","Partly Cloudy Day","78.56","","","5.15","173","Sep 9 1:00 PM","September","Day","BAL","6-17","23","10","0","1","1","0","<span style="""">CHI</span> @ <span style=""font-weight:700;color:#1da561 !important"">BAL</span>"
"2001","1","2001-09-09 00:00:00","13","4","BUF","BUF","19","NO","NO","6","24","38.0","2.5","Turf","Partly Cloudy Day","84.12","","","10.32","228","Sep 9 1:00 PM","September","Day","NO","24-6","30","2.5","0","1","1","0","<span style=""font-weight:700;color:#1da561 !important"">NO</span> @ <span style="""">BUF</span>"
"2001","1","2001-09-09 00:00:00","13","7","CIN","CIN","18","NE","NE","23","17","36.0","1","Turf","Rain","80.43","55%","Rain","13.27","191","Sep 9 1:00 PM","September","Day","NE","17-23","40","1","1","0","0","1","<span style="""">NE</span> @ <span style=""font-weight:700;color:#1da561 !important"">CIN</span>"
"2001","1","2001-09-09 00:00:00","13","8","CLE","CLE","26","SEA","SEA","6","9","38.0","3","Grass","Partly Cloudy Day","83.97","","","9.45","196","Sep 9 1:00 PM","September","Day","SEA","9-6","15","3","0","1","0","0","<span style=""font-weight:700;"">SEA</span> @ <span style="""">CLE</span>"
"2001","1","2001-09-09 00:00:00","13","14","JAX","JAX","24","PIT","PIT","21","3","38.0","-3","Grass","Rain","81.24","100%","Rain","5.19","175","Sep 9 1:00 PM","September","Day","JAX","3-21","24","3","0","1","1","0","<span style="""">PIT</span> @ <span style=""font-weight:700;color:#1da561 !important"">JAX</span>"
"2001","1","2001-09-09 00:00:00","13","17","MIN","MIN","5","CAR","CAR","13","24","45.0","-10.5","Dome","","","","","","","Sep 9 1:00 PM","September","Day","MIN","24-13","37","10.5","0","1","0","1","<span style=""font-weight:700;color:#1da561 !important"">CAR</span> @ <span style="""">MIN</span>"
"2001","1","2001-09-09 00:00:00","13","21","NYJ","NYJ","13","IND","IND","24","45","44.0","2","Grass","Partly Cloudy Day","81.38","","","9.08","215","Sep 9 1:00 PM","September","Day","IND","45-24","69","2","1","0","1","0","<span style=""font-weight:700;color:#1da561 !important"">IND</span> @ <span style="""">NYJ</span>"
"2001","1","2001-09-09 00:00:00","13","27","SF","SF","2","ATL","ATL","16","13","46.0","-3.5","Grass","Partly Cloudy Day","64.93","","","4.95","234","Sep 9 1:15 PM","September","Day","SF","13-16","29","3.5","0","1","0","1","<span style=""color:#1da561 !important"">ATL</span> @ <span style=""font-weight:700;"">SF</span>"
"2001","1","2001-09-09 00:00:00","16","23","PHI","PHI","33","LAR","STL","17","20","46.0","3","Turf","Partly Cloudy Day","81.51","","","1.59","242","Sep 9 4:00 PM","September","Late","STL","20-17","37","3","0","1","0","0","<span style=""font-weight:700;"">STL</span> @ <span style="""">PHI</span>"
"2001","1","2001-09-09 00:00:00","16","34","LAC","SD","31","WAS","WAS","30","3","36.0","-2.5","Grass","Cloudy","68.66","","","8.04","294","Sep 9 4:00 PM","September","Late","SD","3-30","33","2.5","0","1","1","0","<span style="""">WAS</span> @ <span style=""font-weight:700;color:#1da561 !important"">SD</span>"
"2001","1","2001-09-09 00:00:00","20","30","TEN","TEN","16","MIA","MIA","23","31","34.0","-6","Grass","Wind","83.41","","","23.11","172","Sep 9 8:30 PM","September","Night","TEN","31-23","54","6","1","0","0","1","<span style=""font-weight:700;color:#1da561 !important"">MIA</span> @ <span style="""">TEN</span>"
"2001","1","2001-09-10 00:00:00","20","10","DEN","DEN","20","NYG","NYG","31","20","44.0","-7","Grass","Partly Cloudy Day","77.37","","","2.91","90","Sep 10 8:30 PM","September","Night","DEN","20-31","51","7","1","0","1","0","<span style="""">NYG</span> @ <span style=""font-weight:700;color:#1da561 !important"">DEN</span>"
"2001","2","2001-09-23 00:00:00","12","6","CHI","CHI","17","MIN","MIN","17","10","44.0","3","Grass","Rain","62.81","100%","Rain","","","Sep 23 12:00 PM","September","Day","MIN","10-17","27","3","0","1","0","1","<span style="""">MIN</span> @ <span style=""font-weight:700;color:#1da561 !important"">CHI</span>"
"2001","2","2001-09-23 00:00:00","12","15","KC","KC","20","NYG","NYG","3","13","39.0","1","Grass","Partly Cloudy Day","66.34","","","16.52","350","Sep 23 12:00 PM","September","Day","NYG","13-3","16","1","0","1","1","0","<span style=""font-weight:700;color:#1da561 !important"">NYG</span> @ <span style="""">KC</span>"
"2001","2","2001-09-23 00:00:00","13","2","ATL","ATL","5","CAR","CAR","24","16","41.0","-3.5","Dome","","","","","","","Sep 23 1:00 PM","September","Day","ATL","16-24","40","3.5","0","1","1","0","<span style="""">CAR</span> @ <span style=""font-weight:700;color:#1da561 !important"">ATL</span>"
"2001","2","2001-09-23 00:00:00","13","7","CIN","CIN","3","BAL","BAL","21","10","34.0","7","Turf","Clear Day","72.91","","","9.03","205","Sep 23 1:00 PM","September","Day","BAL","10-21","31","7","0","1","0","1","<span style="""">BAL</span> @ <span style=""font-weight:700;color:#1da561 !important"">CIN</span>"
"2001","2","2001-09-23 00:00:00","13","8","CLE","CLE","11","DET","DET","24","14","33.0","1","Grass","Clear Day","71.65","","","7.67","173","Sep 23 1:00 PM","September","Day","DET","14-24","38","1","1","0","0","1","<span style="""">DET</span> @ <span style=""font-weight:700;color:#1da561 !important"">CLE</span>"
"2001","2","2001-09-23 00:00:00","13","9","DAL","DAL","34","LAC","SD","21","32","33.0","3","Turf","Partly Cloudy Day","83.62","","","5.54","334","Sep 23 1:00 PM","September","Day","SD","32-21","53","3","1","0","1","0","<span style=""font-weight:700;color:#1da561 !important"">SD</span> @ <span style="""">DAL</span>"
"2001","2","2001-09-23 00:00:00","13","13","IND","IND","4","BUF","BUF","42","26","44.0","-10","Dome","","","","","","","Sep 23 1:00 PM","September","Day","IND","26-42","68","10","1","0","1","0","<span style="""">BUF</span> @ <span style=""font-weight:700;color:#1da561 !important"">IND</span>"
"2001","2","2001-09-23 00:00:00","13","14","JAX","JAX","30","TEN","TEN","13","6","36.0","-3","Grass","Partly Cloudy Day","81.75","100%","Rain","5.45","80","Sep 23 1:00 PM","September","Day","JAX","6-13","19","3","0","1","1","0","<span style="""">TEN</span> @ <span style=""font-weight:700;color:#1da561 !important"">JAX</span>"
"2001","2","2001-09-23 00:00:00","13","16","MIA","MIA","35","LV","OAK","18","15","40.0","-1.5","Grass","Partly Cloudy Day","87.41","","","9.54","94","Sep 23 1:00 PM","September","Day","MIA","15-18","33","1.5","0","1","1","0","<span style="""">OAK</span> @ <span style=""font-weight:700;color:#1da561 !important"">MIA</span>"
"2001","2","2001-09-23 00:00:00","14","18","NE","NE","21","NYJ","NYJ","3","10","38.0","1.5","Grass","Partly Cloudy Day","73.25","","","1.21","129","Sep 23 2:15 PM","September","Day","NYJ","10-3","13","1.5","0","1","1","0","<span style=""font-weight:700;color:#1da561 !important"">NYJ</span> @ <span style="""">NE</span>"
"2001","2","2001-09-23 00:00:00","14","26","SEA","SEA","23","PHI","PHI","3","27","37.0","3","Grass","Clear Day","67.14","","","5.15","9","Sep 23 2:15 PM","September","Day","PHI","27-3","30","3","0","1","1","0","<span style=""font-weight:700;color:#1da561 !important"">PHI</span> @ <span style="""">SEA</span>"
"2001","2","2001-09-23 00:00:00","16","27","SF","SF","33","LAR","STL","26","30","51.0","6.5","Grass","Partly Cloudy Day","63.32","","","7.15","317","Sep 23 4:30 PM","September","Late","STL","30-26","56","6.5","1","0","0","1","<span style=""font-weight:700;"">STL</span> @ <span style=""color:#1da561 !important"">SF</span>"
"2001","2","2001-09-23 00:00:00","20","1","ARI","ARI","10","DEN","DEN","17","38","45.0","8","Grass","Clear Day","99.54","","","4.97","98","Sep 23 8:30 PM","September","Night","DEN","38-17","55","8","1","0","1","0","<span style=""font-weight:700;color:#1da561 !important"">DEN</span> @ <span style="""">ARI</span>"
"2001","2","2001-09-24 00:00:00","21","12","GB","GB","31","WAS","WAS","37","0","41.0","-8.5","Grass","Wind","50.33","","","17.22","11","Sep 24 9:00 PM","September","Night","GB","0-37","37","8.5","0","1","1","0","<span style="""">WAS</span> @ <span style=""font-weight:700;color:#1da561 !important"">GB</span>"
"2001","3","2001-09-30 00:00:00","12","33","LAR","STL","16","MIA","MIA","42","10","44.0","-6","Dome","","","","","","","Sep 30 12:00 PM","September","Day","STL","10-42","52","6","1","0","1","0","<span style="""">MIA</span> @ <span style=""font-weight:700;color:#1da561 !important"">STL</span>"
"2001","3","2001-09-30 00:00:00","13","4","BUF","BUF","24","PIT","PIT","3","20","36.0","3","Turf","Clear Day","59.78","","","7.56","58","Sep 30 1:00 PM","September","Day","PIT","20-3","23","3","0","1","1","0","<span style=""font-weight:700;color:#1da561 !important"">PIT</span> @ <span style="""">BUF</span>"
"2001","3","2001-09-30 00:00:00","13","5","CAR","CAR","12","GB","GB","7","28","41.0","3.5","Grass","Partly Cloudy Day","63.67","","","12.86","25","Sep 30 1:00 PM","September","Day","GB","28-7","35","3.5","0","1","1","0","<span style=""font-weight:700;color:#1da561 !important"">GB</span> @ <span style="""">CAR</span>"
"2001","3","2001-09-30 00:00:00","13","17","MIN","MIN","29","TB","TB","20","16","39.0","2.5","Dome","","","","","","","Sep 30 1:00 PM","September","Day","TB","16-20","36","2.5","0","1","0","1","<span style="""">TB</span> @ <span style=""font-weight:700;color:#1da561 !important"">MIN</span>"
"2001","3","2001-09-30 00:00:00","13","18","NE","NE","13","IND","IND","44","13","44.0","11.5","Grass","Wind","54.46","","","17.18","45","Sep 30 1:00 PM","September","Day","IND","13-44","57","11.5","1","0","0","1","<span style="""">IND</span> @ <span style=""font-weight:700;color:#1da561 !important"">NE</span>"
"2001","3","2001-09-30 00:00:00","13","20","NYG","NYG","19","NO","NO","21","13","35.0","-3","Grass","Partly Cloudy Day","54.12","","","13.43","40","Sep 30 1:00 PM","September","Day","NYG","13-21","34","3","0","1","1","0","<span style="""">NO</span> @ <span style=""font-weight:700;color:#1da561 !important"">NYG</span>"
"2001","3","2001-09-30 00:00:00","13","31","WAS","WAS","15","KC","KC","13","45","36.0","3","Grass","Wind","59.89","","","15.77","20","Sep 30 1:00 PM","September","Day","KC","45-13","58","3","1","0","1","0","<span style=""font-weight:700;color:#1da561 !important"">KC</span> @ <span style="""">WAS</span>"
"2001","3","2001-09-30 00:00:00","14","1","ARI","ARI","2","ATL","ATL","14","34","42.0","3","Grass","Wind","100.29","","","19.58","114","Sep 30 2:05 PM","September","Day","ATL","34-14","48","3","1","0","1","0","<span style=""font-weight:700;color:#1da561 !important"">ATL</span> @ <span style="""">ARI</span>"
"2001","3","2001-09-30 00:00:00","16","35","LV","OAK","26","SEA","SEA","38","14","39.0","-10.5","Grass","Clear Day","75.99","","","2.9","","Sep 30 4:10 PM","September","Late","OAK","14-38","52","10.5","1","0","1","0","<span style="""">SEA</span> @ <span style=""font-weight:700;color:#1da561 !important"">OAK</span>"
"2001","3","2001-09-30 00:00:00","16","10","DEN","DEN","3","BAL","BAL","13","20","41.0","-4.5","Grass","Partly Cloudy Day","66.05","","","3.36","350","Sep 30 4:15 PM","September","Late","DEN","20-13","33","4.5","0","1","0","1","<span style=""font-weight:700;color:#1da561 !important"">BAL</span> @ <span style="""">DEN</span>"
"2001","3","2001-09-30 00:00:00","16","14","JAX","JAX","8","CLE","CLE","14","23","34.0","-9","Grass","Wind","70.34","0%","Rain","17.86","11","Sep 30 4:15 PM","September","Late","JAX","23-14","37","9","1","0","0","1","<span style=""font-weight:700;color:#1da561 !important"">CLE</span> @ <span style="""">JAX</span>"
"2001","3","2001-09-30 00:00:00","16","34","LAC","SD","7","CIN","CIN","28","14","39.0","-6.5","Grass","Clear Day","84.77","","","5.3","294","Sep 30 4:15 PM","September","Late","SD","14-28","42","6.5","1","0","1","0","<span style="""">CIN</span> @ <span style=""font-weight:700;color:#1da561 !important"">SD</span>"
"2001","3","2001-09-30 00:00:00","20","23","PHI","PHI","9","DAL","DAL","40","18","34.0","-13.5","Turf","Wind","55.37","","","17.48","25","Sep 30 8:30 PM","September","Night","PHI","18-40","58","13.5","1","0","1","0","<span style="""">DAL</span> @ <span style=""font-weight:700;color:#1da561 !important"">PHI</span>"
"2001","3","2001-10-01 00:00:00","21","21","NYJ","NYJ","27","SF","SF","17","19","44.0","-3","Grass","Rain","54.01","48%","Rain","9.01","9","Oct 1 9:10 PM","October","Night","NYJ","19-17","36","3","0","1","0","1","<span style=""font-weight:700;color:#1da561 !important"">SF</span> @ <span style="""">NYJ</span>"
"2001","4","2001-10-07 00:00:00","12","19","NO","NO","17","MIN","MIN","28","15","44.0","-3.5","Dome","","","","","","","Oct 7 12:00 PM","October","Day","NO","15-28","43","3.5","0","1","1","0","<span style="""">MIN</span> @ <span style=""font-weight:700;color:#1da561 !important"">NO</span>"
"2001","4","2001-10-07 00:00:00","12","23","PHI","PHI","1","ARI","ARI","20","21","42.0","-14","Turf","Wind","55.26","","","16.18","314","Oct 7 12:00 PM","October","Day","PHI","21-20","41","14","0","1","0","1","<span style=""font-weight:700;color:#1da561 !important"">ARI</span> @ <span style="""">PHI</span>"
"2001","4","2001-10-07 00:00:00","13","2","ATL","ATL","6","CHI","CHI","3","31","40.0","-3","Dome","","","","","","","Oct 7 1:00 PM","October","Day","ATL","31-3","34","3","0","1","0","1","<span style=""font-weight:700;color:#1da561 !important"">CHI</span> @ <span style="""">ATL</span>"
"2001","4","2001-10-07 00:00:00","13","3","BAL","BAL","30","TEN","TEN","26","7","34.0","-3.5","Grass","Wind","55.17","","","16.1","290","Oct 7 1:00 PM","October","Day","BAL","7-26","33","3.5","0","1","1","0","<span style="""">TEN</span> @ <span style=""font-weight:700;color:#1da561 !important"">BAL</span>"
"2001","4","2001-10-07 00:00:00","13","8","CLE","CLE","34","LAC","SD","20","16","35.0","3","Grass","Partly Cloudy Day","45.41","","","13.81","315","Oct 7 1:00 PM","October","Day","SD","16-20","36","3","1","0","0","1","<span style="""">SD</span> @ <span style=""font-weight:700;color:#1da561 !important"">CLE</span>"
"2001","4","2001-10-07 00:00:00","13","16","MIA","MIA","18","NE","NE","30","10","34.0","-8","Grass","Partly Cloudy Day","87.17","","","5.48","328","Oct 7 1:00 PM","October","Day","MIA","10-30","40","8","1","0","1","0","<span style="""">NE</span> @ <span style=""font-weight:700;color:#1da561 !important"">MIA</span>"
"2001","4","2001-10-07 00:00:00","13","20","NYG","NYG","31","WAS","WAS","23","9","36.0","-14","Grass","Wind","54.58","","","17.36","312","Oct 7 1:00 PM","October","Day","NYG","9-23","32","14","0","1","0","0","<span style="""">WAS</span> @ <span style=""font-weight:700;"">NYG</span>"
"2001","4","2001-10-07 00:00:00","13","24","PIT","PIT","7","CIN","CIN","16","7","36.0","-4.5","Turf","Partly Cloudy Day","46.17","","","8.41","309","Oct 7 1:00 PM","October","Day","PIT","7-16","23","4.5","0","1","1","0","<span style="""">CIN</span> @ <span style=""font-weight:700;color:#1da561 !important"">PIT</span>"
"2001","4","2001-10-07 00:00:00","13","35","LV","OAK","9","DAL","DAL","28","21","42.0","-18","Grass","Partly Cloudy Day","61.39","","","7.45","282","Oct 7 1:15 PM","October","Day","OAK","21-28","49","18","1","0","0","1","<span style=""color:#1da561 !important"">DAL</span> @ <span style=""font-weight:700;"">OAK</span>"
"2001","4","2001-10-07 00:00:00","14","10","DEN","DEN","15","KC","KC","20","6","48.0","-10","Grass","Partly Cloudy Day","71.75","","","7.78","253","Oct 7 2:00 PM","October","Day","DEN","6-20","26","10","0","1","1","0","<span style="""">KC</span> @ <span style=""font-weight:700;color:#1da561 !important"">DEN</span>"
"2001","4","2001-10-07 00:00:00","16","4","BUF","BUF","21","NYJ","NYJ","36","42","36.0","4","Turf","Wind","44.94","","","20.76","293","Oct 7 4:00 PM","October","Late","NYJ","42-36","78","4","1","0","1","0","<span style=""font-weight:700;color:#1da561 !important"">NYJ</span> @ <span style="""">BUF</span>"
"2001","4","2001-10-07 00:00:00","16","26","SEA","SEA","14","JAX","JAX","24","15","35.0","3.5","Grass","Cloudy","52.83","","","9.02","161","Oct 7 4:00 PM","October","Late","JAX","15-24","39","3.5","1","0","0","1","<span style="""">JAX</span> @ <span style=""font-weight:700;color:#1da561 !important"">SEA</span>"
"2001","4","2001-10-07 00:00:00","16","29","TB","TB","12","GB","GB","14","10","36.0","-3","Grass","Partly Cloudy Day","85.07","","","2.3","54","Oct 7 4:15 PM","October","Late","TB","10-14","24","3","0","1","1","0","<span style="""">GB</span> @ <span style=""font-weight:700;color:#1da561 !important"">TB</span>"
"2001","4","2001-10-07 00:00:00","20","27","SF","SF","5","CAR","CAR","24","14","45.0","-7","Grass","Partly Cloudy Day","60.98","","","7.42","289","Oct 7 8:30 PM","October","Night","SF","14-24","38","7","0","1","1","0","<span style="""">CAR</span> @ <span style=""font-weight:700;color:#1da561 !important"">SF</span>"
"2001","4","2001-10-08 00:00:00","21","11","DET","DET","33","LAR","STL","0","35","48.0","14","Dome","","","","","","","Oct 8 9:00 PM","October","Night","STL","35-0","35","14","0","1","1","0","<span style=""font-weight:700;color:#1da561 !important"">STL</span> @ <span style="""">DET</span>"
"2001","5","2001-10-14 00:00:00","12","6","CHI","CHI","1","ARI","ARI","20","13","40.0","-7","Grass","Partly Cloudy Day","56.62","","","10.18","252","Oct 14 12:00 PM","October","Day","CHI","13-20","33","7","0","1","0","0","<span style="""">ARI</span> @ <span style=""font-weight:700;"">CHI</span>"
"2001","5","2001-10-14 00:00:00","12","15","KC","KC","24","PIT","PIT","17","20","36.0","-3","Grass","Clear Day","58.05","","","15.84","292","Oct 14 12:00 PM","October","Day","KC","20-17","37","3","1","0","0","1","<span style=""font-weight:700;color:#1da561 !important"">PIT</span> @ <span style="""">KC</span>"
"2001","5","2001-10-14 00:00:00","12","33","LAR","STL","20","NYG","NYG","15","14","45.0","-10.5","Dome","","","","","","","Oct 14 12:00 PM","October","Day","STL","14-15","29","10.5","0","1","0","1","<span style=""color:#1da561 !important"">NYG</span> @ <span style=""font-weight:700;"">STL</span>"
"2001","5","2001-10-14 00:00:00","13","2","ATL","ATL","27","SF","SF","31","37","44.0","3","Dome","","","","","","","Oct 14 1:00 PM","October","Day","SF","37-31","68","3","1","0","1","0","<span style=""font-weight:700;color:#1da561 !important"">SF</span> @ <span style="""">ATL</span>"
"2001","5","2001-10-14 00:00:00","13","5","CAR","CAR","19","NO","NO","25","27","40.0","5","Grass","Rain","71.32","100%","Rain","9.83","184","Oct 14 1:00 PM","October","Day","NO","27-25","52","5","1","0","0","1","<span style=""font-weight:700;"">NO</span> @ <span style=""color:#1da561 !important"">CAR</span>"
"2001","5","2001-10-14 00:00:00","13","7","CIN","CIN","8","CLE","CLE","24","14","35.0","-1.5","Turf","Cloudy","56.04","100%","Rain","9.93","282","Oct 14 1:00 PM","October","Day","CIN","14-24","38","1.5","1","0","1","0","<span style="""">CLE</span> @ <span style=""font-weight:700;color:#1da561 !important"">CIN</span>"
"2001","5","2001-10-14 00:00:00","13","12","GB","GB","3","BAL","BAL","31","23","34.0","0","Grass","Clear Day","57.37","","","11.63","230","Oct 14 1:00 PM","October","Day","","23-31","54","0","1","0","1","0","<span style="""">BAL</span> @ <span style=""font-weight:700;color:#1da561 !important"">GB</span>"
"2001","5","2001-10-14 00:00:00","13","17","MIN","MIN","11","DET","DET","31","26","44.0","-10","Dome","","","","","","","Oct 14 1:00 PM","October","Day","MIN","26-31","57","10","1","0","0","1","<span style=""color:#1da561 !important"">DET</span> @ <span style=""font-weight:700;"">MIN</span>"
"2001","5","2001-10-14 00:00:00","13","18","NE","NE","34","LAC","SD","29","26","36.0","3","Grass","Cloudy","55.41","56%","Rain","8.68","44","Oct 14 1:00 PM","October","Day","SD","26-29","55","3","1","0","0","1","<span style="""">SD</span> @ <span style=""font-weight:700;color:#1da561 !important"">NE</span>"
"2001","5","2001-10-14 00:00:00","13","30","TEN","TEN","29","TB","TB","31","28","33.0","-3","Grass","Wind","66.16","","","17.22","270","Oct 14 1:00 PM","October","Day","TEN","28-31","59","3","1","0","0","0","<span style="""">TB</span> @ <span style=""font-weight:700;"">TEN</span>"
"2001","5","2001-10-14 00:00:00","16","21","NYJ","NYJ","16","MIA","MIA","21","17","38.0","3","Grass","Cloudy","63.62","","","8.79","125","Oct 14 4:15 PM","October","Late","MIA","17-21","38","3","0","0","0","1","<span style="""">MIA</span> @ <span style=""font-weight:700;color:#1da561 !important"">NYJ</span>"
"2001","5","2001-10-14 00:00:00","16","26","SEA","SEA","10","DEN","DEN","34","21","42.0","7","Grass","Rain","54.72","100%","Rain","7.38","7","Oct 14 4:15 PM","October","Late","DEN","21-34","55","7","1","0","0","1","<span style="""">DEN</span> @ <span style=""font-weight:700;color:#1da561 !important"">SEA</span>"
"2001","5","2001-10-14 00:00:00","20","13","IND","IND","35","LV","OAK","18","23","52.0","-3.5","Dome","","","","","","","Oct 14 8:30 PM","October","Night","IND","23-18","41","3.5","0","1","0","1","<span style=""font-weight:700;color:#1da561 !important"">OAK</span> @ <span style="""">IND</span>"
"2001","5","2001-10-15 00:00:00","20","9","DAL","DAL","31","WAS","WAS","9","7","37.0","-3","Turf","Clear Day","74.09","","","13.64","210","Oct 15 8:00 PM","October","Night","DAL","7-9","16","3","0","1","0","1","<span style=""color:#1da561 !important"">WAS</span> @ <span style=""font-weight:700;"">DAL</span>"
"2001","6","2001-10-18 00:00:00","20","14","JAX","JAX","4","BUF","BUF","10","13","40.0","-9","Grass","Partly Cloudy Day","71.3","0%","Rain","13.29","44","Oct 18 8:30 PM","October","Night","JAX","13-10","23","9","0","1","0","1","<span style=""font-weight:700;color:#1da561 !important"">BUF</span> @ <span style="""">JAX</span>"
"2001","6","2001-10-21 00:00:00","12","19","NO","NO","2","ATL","ATL","13","20","42.0","-8","Dome","","","","","","","Oct 21 12:00 PM","October","Day","NO","20-13","33","8","0","1","0","1","<span style=""font-weight:700;color:#1da561 !important"">ATL</span> @ <span style="""">NO</span>"
"2001","6","2001-10-21 00:00:00","13","7","CIN","CIN","6","CHI","CHI","0","24","36.0","-1","Turf","Partly Cloudy Day","67.02","","","8.87","211","Oct 21 1:00 PM","October","Day","CIN","24-0","24","1","0","1","0","1","<span style=""font-weight:700;color:#1da561 !important"">CHI</span> @ <span style="""">CIN</span>"
"2001","6","2001-10-21 00:00:00","13","8","CLE","CLE","3","BAL","BAL","24","14","33.0","7.5","Grass","Cloudy","69.71","","","12.86","226","Oct 21 1:00 PM","October","Day","BAL","14-24","38","7.5","1","0","0","1","<span style="""">BAL</span> @ <span style=""font-weight:700;color:#1da561 !important"">CLE</span>"
"2001","6","2001-10-21 00:00:00","13","11","DET","DET","30","TEN","TEN","24","27","38.0","5.5","Dome","","","","","","","Oct 21 1:00 PM","October","Day","TEN","27-24","51","5.5","1","0","0","1","<span style=""font-weight:700;"">TEN</span> @ <span style=""color:#1da561 !important"">DET</span>"
"2001","6","2001-10-21 00:00:00","13","13","IND","IND","18","NE","NE","17","38","48.0","-10.5","Dome","","","","","","","Oct 21 1:00 PM","October","Day","IND","38-17","55","10.5","1","0","0","1","<span style=""font-weight:700;color:#1da561 !important"">NE</span> @ <span style="""">IND</span>"
"2001","6","2001-10-21 00:00:00","13","21","NYJ","NYJ","33","LAR","STL","14","34","46.0","7","Grass","Clear Day","68.61","","","8.45","208","Oct 21 1:00 PM","October","Day","STL","34-14","48","7","1","0","1","0","<span style=""font-weight:700;color:#1da561 !important"">STL</span> @ <span style="""">NYJ</span>"
"2001","6","2001-10-21 00:00:00","13","34","LAC","SD","10","DEN","DEN","27","10","44.0","2.5","Grass","Partly Cloudy Day","67.81","","","1.93","203","Oct 21 1:00 PM","October","Day","DEN","10-27","37","2.5","0","1","0","1","<span style="""">DEN</span> @ <span style=""font-weight:700;color:#1da561 !important"">SD</span>"
"2001","6","2001-10-21 00:00:00","13","29","TB","TB","24","PIT","PIT","10","17","33.0","-4.5","Grass","Partly Cloudy Day","82.27","","","9.72","66","Oct 21 1:00 PM","October","Day","TB","17-10","27","4.5","0","1","0","1","<span style=""font-weight:700;color:#1da561 !important"">PIT</span> @ <span style="""">TB</span>"
"2001","6","2001-10-21 00:00:00","13","31","WAS","WAS","5","CAR","CAR","17","14","36.0","3.5","Grass","Clear Day","67.78","","","6.62","192","Oct 21 1:00 PM","October","Day","CAR","14-17","31","3.5","0","1","0","1","<span style="""">CAR</span> @ <span style=""font-weight:700;color:#1da561 !important"">WAS</span>"
"2001","6","2001-10-21 00:00:00","15","17","MIN","MIN","12","GB","GB","35","13","48.0","3","Dome","","","","","","","Oct 21 3:15 PM","October","Day","GB","13-35","48","3","0","0","0","1","<span style="""">GB</span> @ <span style=""font-weight:700;color:#1da561 !important"">MIN</span>"
"2001","6","2001-10-21 00:00:00","16","1","ARI","ARI","15","KC","KC","24","16","41.0","2","Grass","Partly Cloudy Day","86.78","","","4.61","125","Oct 21 4:00 PM","October","Late","KC","16-24","40","2","0","1","0","1","<span style="""">KC</span> @ <span style=""font-weight:700;color:#1da561 !important"">ARI</span>"
"2001","6","2001-10-22 00:00:00","21","20","NYG","NYG","23","PHI","PHI","9","10","36.0","-3","Grass","Partly Cloudy Day","68.78","","","4.53","30","Oct 22 9:00 PM","October","Night","NYG","10-9","19","3","0","1","0","1","<span style=""font-weight:700;color:#1da561 !important"">PHI</span> @ <span style="""">NYG</span>"
"2001","7","2001-10-25 00:00:00","19","15","KC","KC","13","IND","IND","28","35","46.0","3","Grass","Wind","50.07","","","20.34","299","Oct 25 7:30 PM","October","Night","IND","35-28","63","3","1","0","1","0","<span style=""font-weight:700;color:#1da561 !important"">IND</span> @ <span style="""">KC</span>"
"2001","7","2001-10-28 00:00:00","13","3","BAL","BAL","14","JAX","JAX","18","17","33.0","-7","Grass","Wind","48.69","","","18.95","355","Oct 28 1:00 PM","October","Day","BAL","17-18","35","7","1","0","0","1","<span style=""color:#1da561 !important"">JAX</span> @ <span style=""font-weight:700;"">BAL</span>"
"2001","7","2001-10-28 00:00:00","13","5","CAR","CAR","21","NYJ","NYJ","12","13","39.0","2.5","Grass","Clear Day","51.05","","","8.15","","Oct 28 1:00 PM","October","Day","NYJ","13-12","25","2.5","0","1","0","1","<span style=""font-weight:700;"">NYJ</span> @ <span style=""color:#1da561 !important"">CAR</span>"
"2001","7","2001-10-28 00:00:00","13","6","CHI","CHI","27","SF","SF","37","31","39.0","-2.5","Grass","Clear Day","50.91","","","16.15","202","Oct 28 1:00 PM","October","Day","CHI","31-37","68","2.5","1","0","1","0","<span style="""">SF</span> @ <span style=""font-weight:700;color:#1da561 !important"">CHI</span>"
"2001","7","2001-10-28 00:00:00","13","11","DET","DET","7","CIN","CIN","27","31","40.0","-3","Dome","","","","","","","Oct 28 1:00 PM","October","Day","DET","31-27","58","3","1","0","0","1","<span style=""font-weight:700;color:#1da561 !important"">CIN</span> @ <span style="""">DET</span>"
"2001","7","2001-10-28 00:00:00","13","33","LAR","STL","19","NO","NO","31","34","48.0","-12","Dome","","","","","","","Oct 28 1:00 PM","October","Day","STL","34-31","65","12","1","0","0","1","<span style=""font-weight:700;color:#1da561 !important"">NO</span> @ <span style="""">STL</span>"
"2001","7","2001-10-28 00:00:00","13","29","TB","TB","17","MIN","MIN","41","14","38.0","-3","Grass","Wind","66.06","","","16.02","35","Oct 28 1:00 PM","October","Day","TB","14-41","55","3","1","0","1","0","<span style="""">MIN</span> @ <span style=""font-weight:700;color:#1da561 !important"">TB</span>"
"2001","7","2001-10-28 00:00:00","13","34","LAC","SD","4","BUF","BUF","27","24","39.0","-7","Grass","Cloudy","66.58","","","5.64","298","Oct 28 1:15 PM","October","Day","SD","24-27","51","7","1","0","0","1","<span style=""color:#1da561 !important"">BUF</span> @ <span style=""font-weight:700;"">SD</span>"
"2001","7","2001-10-28 00:00:00","14","10","DEN","DEN","18","NE","NE","31","20","43.0","-7","Grass","Partly Cloudy Day","72.42","","","10.57","224","Oct 28 2:15 PM","October","Day","DEN","20-31","51","7","1","0","1","0","<span style="""">NE</span> @ <span style=""font-weight:700;color:#1da561 !important"">DEN</span>"
"2001","7","2001-10-28 00:00:00","15","9","DAL","DAL","1","ARI","ARI","17","3","38.0","3","Turf","Clear Day","65.69","","","12.44","162","Oct 28 3:00 PM","October","Day","ARI","3-17","20","3","0","1","0","1","<span style="""">ARI</span> @ <span style=""font-weight:700;color:#1da561 !important"">DAL</span>"
"2001","7","2001-10-28 00:00:00","16","31","WAS","WAS","20","NYG","NYG","35","21","34.0","7.5","Grass","Partly Cloudy Day","50.18","","","9.74","337","Oct 28 4:00 PM","October","Late","NYG","21-35","56","7.5","1","0","0","1","<span style="""">NYG</span> @ <span style=""font-weight:700;color:#1da561 !important"">WAS</span>"
"2001","7","2001-10-28 00:00:00","16","23","PHI","PHI","35","LV","OAK","10","20","39.0","-1","Turf","Partly Cloudy Day","49.43","","","12.93","338","Oct 28 4:15 PM","October","Late","PHI","20-10","30","1","0","1","0","1","<span style=""font-weight:700;color:#1da561 !important"">OAK</span> @ <span style="""">PHI</span>"
"2001","7","2001-10-28 00:00:00","16","26","SEA","SEA","16","MIA","MIA","20","24","36.0","2.5","Grass","Clear Day","47.03","","","4.28","349","Oct 28 4:15 PM","October","Late","MIA","24-20","44","2.5","1","0","1","0","<span style=""font-weight:700;color:#1da561 !important"">MIA</span> @ <span style="""">SEA</span>"
"2001","7","2001-10-29 00:00:00","21","24","PIT","PIT","30","TEN","TEN","34","7","36.0","-3","Turf","Partly Cloudy Day","53.58","","","11.5","221","Oct 29 9:00 PM","October","Night","PIT","7-34","41","3","1","0","1","0","<span style="""">TEN</span> @ <span style=""font-weight:700;color:#1da561 !important"">PIT</span>"
"2001","8","2001-11-04 00:00:00","13","2","ATL","ATL","18","NE","NE","10","24","42.0","-3","Dome","","","","","","","Nov 4 1:00 PM","November","Day","ATL","24-10","34","3","0","1","0","1","<span style=""font-weight:700;color:#1da561 !important"">NE</span> @ <span style="""">ATL</span>"
"2001","8","2001-11-04 00:00:00","13","4","BUF","BUF","13","IND","IND","14","30","44.0","3","Turf","Partly Cloudy Day","54.37","","","18.31","228","Nov 4 1:00 PM","November","Day","IND","30-14","44","3","0","0","1","0","<span style=""font-weight:700;color:#1da561 !important"">IND</span> @ <span style="""">BUF</span>"
"2001","8","2001-11-04 00:00:00","13","12","GB","GB","29","TB","TB","21","20","37.0","-5.5","Grass","Clear Day","54.31","","","13.88","330","Nov 4 1:00 PM","November","Day","GB","20-21","41","5.5","1","0","0","1","<span style=""color:#1da561 !important"">TB</span> @ <span style=""font-weight:700;"">GB</span>"
"2001","8","2001-11-04 00:00:00","13","16","MIA","MIA","5","CAR","CAR","23","6","34.0","-9.5","Grass","Rain","75.4","100%","Rain","16.03","95","Nov 4 1:00 PM","November","Day","MIA","6-23","29","9.5","0","1","1","0","<span style="""">CAR</span> @ <span style=""font-weight:700;color:#1da561 !important"">MIA</span>"
"2001","8","2001-11-04 00:00:00","13","20","NYG","NYG","9","DAL","DAL","27","24","36.0","-10.5","Grass","Clear Day","57.84","","","6.83","286","Nov 4 1:00 PM","November","Day","NYG","24-27","51","10.5","1","0","0","1","<span style=""color:#1da561 !important"">DAL</span> @ <span style=""font-weight:700;"">NYG</span>"
"2001","8","2001-11-04 00:00:00","13","24","PIT","PIT","3","BAL","BAL","10","13","33.0","-2","Turf","Partly Cloudy Day","60.77","","","11.77","224","Nov 4 1:00 PM","November","Day","PIT","13-10","23","2","0","1","0","1","<span style=""font-weight:700;color:#1da561 !important"">BAL</span> @ <span style="""">PIT</span>"
"2001","8","2001-11-04 00:00:00","13","30","TEN","TEN","14","JAX","JAX","28","24","38.0","-3","Grass","Partly Cloudy Day","68.33","","","9.61","20","Nov 4 1:00 PM","November","Day","TEN","24-28","52","3","1","0","1","0","<span style="""">JAX</span> @ <span style=""font-weight:700;color:#1da561 !important"">TEN</span>"
"2001","8","2001-11-04 00:00:00","16","1","ARI","ARI","23","PHI","PHI","7","21","40.0","6.5","Grass","Wind","90.93","","","16.69","118","Nov 4 4:00 PM","November","Late","PHI","21-7","28","6.5","0","1","1","0","<span style=""font-weight:700;color:#1da561 !important"">PHI</span> @ <span style="""">ARI</span>"
"2001","8","2001-11-04 00:00:00","16","27","SF","SF","11","DET","DET","21","13","48.0","-8.5","Grass","Clear Day","66.01","","","7.32","326","Nov 4 4:00 PM","November","Late","SF","13-21","34","8.5","0","1","0","1","<span style=""color:#1da561 !important"">DET</span> @ <span style=""font-weight:700;"">SF</span>"
"2001","8","2001-11-04 00:00:00","16","6","CHI","CHI","8","CLE","CLE","27","21","34.0","-4.5","Grass","Clear Day","58.94","","","7.89","37","Nov 4 4:15 PM","November","Late","CHI","21-27","48","4.5","1","0","1","0","<span style="""">CLE</span> @ <span style=""font-weight:700;color:#1da561 !important"">CHI</span>"
"2001","8","2001-11-04 00:00:00","16","34","LAC","SD","15","KC","KC","20","25","42.0","-5.5","Grass","Partly Cloudy Day","71.94","","","8.32","278","Nov 4 4:15 PM","November","Late","SD","25-20","45","5.5","1","0","0","1","<span style=""font-weight:700;color:#1da561 !important"">KC</span> @ <span style="""">SD</span>"
"2001","8","2001-11-04 00:00:00","16","31","WAS","WAS","26","SEA","SEA","27","14","37.0","2.5","Grass","Clear Day","63.16","","","2.75","86","Nov 4 4:15 PM","November","Late","SEA","14-27","41","2.5","1","0","0","1","<span style="""">SEA</span> @ <span style=""font-weight:700;color:#1da561 !important"">WAS</span>"
"2001","8","2001-11-04 00:00:00","20","19","NO","NO","21","NYJ","NYJ","9","16","42.0","-6.5","Dome","","","","","","","Nov 4 8:30 PM","November","Night","NO","16-9","25","6.5","0","1","0","1","<span style=""font-weight:700;color:#1da561 !important"">NYJ</span> @ <span style="""">NO</span>"
"2001","8","2001-11-05 00:00:00","21","35","LV","OAK","10","DEN","DEN","38","28","46.0","-5.5","Grass","Clear Day","62.55","","","3.72","305","Nov 5 9:00 PM","November","Night","OAK","28-38","66","5.5","1","0","1","0","<span style="""">DEN</span> @ <span style=""font-weight:700;color:#1da561 !important"">OAK</span>"
"2001","9","2001-11-11 00:00:00","13","2","ATL","ATL","9","DAL","DAL","20","13","38.0","-4","Dome","","","","","","","Nov 11 1:00 PM","November","Day","ATL","13-20","33","4","0","1","1","0","<span style="""">DAL</span> @ <span style=""font-weight:700;color:#1da561 !important"">ATL</span>"
"2001","9","2001-11-11 00:00:00","13","6","CHI","CHI","12","GB","GB","12","20","38.0","3","Grass","Partly Cloudy Day","48.36","","","3.33","35","Nov 11 1:00 PM","November","Day","GB","20-12","32","3","0","1","1","0","<span style=""font-weight:700;color:#1da561 !important"">GB</span> @ <span style="""">CHI</span>"
"2001","9","2001-11-11 00:00:00","13","8","CLE","CLE","24","PIT","PIT","12","15","33.0","3","Grass","Cloudy","42.8","","","11.19","22","Nov 11 1:00 PM","November","Day","PIT","15-12","27","3","0","1","0","0","<span style=""font-weight:700;"">PIT</span> @ <span style="""">CLE</span>"
"2001","9","2001-11-11 00:00:00","13","11","DET","DET","29","TB","TB","17","20","40.0","5","Dome","","","","","","","Nov 11 1:00 PM","November","Day","TB","20-17","37","5","0","1","0","1","<span style=""font-weight:700;"">TB</span> @ <span style=""color:#1da561 !important"">DET</span>"
"2001","9","2001-11-11 00:00:00","13","13","IND","IND","16","MIA","MIA","24","27","44.0","-3","Dome","","","","","","","Nov 11 1:00 PM","November","Day","IND","27-24","51","3","1","0","0","1","<span style=""font-weight:700;color:#1da561 !important"">MIA</span> @ <span style="""">IND</span>"
"2001","9","2001-11-11 00:00:00","13","14","JAX","JAX","7","CIN","CIN","30","13","39.0","-4","Grass","Partly Cloudy Day","71.78","0%","Rain","4.7","249","Nov 11 1:00 PM","November","Day","JAX","13-30","43","4","1","0","1","0","<span style="""">CIN</span> @ <span style=""font-weight:700;color:#1da561 !important"">JAX</span>"
"2001","9","2001-11-11 00:00:00","13","18","NE","NE","4","BUF","BUF","21","11","39.0","-6.5","Grass","Wind","45.44","","","18.45","330","Nov 11 1:00 PM","November","Day","NE","11-21","32","6.5","0","1","1","0","<span style="""">BUF</span> @ <span style=""font-weight:700;color:#1da561 !important"">NE</span>"
"2001","9","2001-11-11 00:00:00","13","21","NYJ","NYJ","15","KC","KC","27","7","40.0","-4","Grass","Clear Day","47.17","","","13.69","338","Nov 11 1:00 PM","November","Day","NYJ","7-27","34","4","0","1","1","0","<span style="""">KC</span> @ <span style=""font-weight:700;color:#1da561 !important"">NYJ</span>"
"2001","9","2001-11-11 00:00:00","13","33","LAR","STL","5","CAR","CAR","48","14","47.0","-19.5","Dome","","","","","","","Nov 11 1:00 PM","November","Day","STL","14-48","62","19.5","1","0","1","0","<span style="""">CAR</span> @ <span style=""font-weight:700;color:#1da561 !important"">STL</span>"
"2001","9","2001-11-11 00:00:00","16","10","DEN","DEN","34","LAC","SD","26","16","46.0","-5.5","Grass","Partly Cloudy Day","62.45","","","3.41","59","Nov 11 4:00 PM","November","Late","DEN","16-26","42","5.5","0","1","1","0","<span style="""">SD</span> @ <span style=""font-weight:700;color:#1da561 !important"">DEN</span>"
"2001","9","2001-11-11 00:00:00","16","1","ARI","ARI","20","NYG","NYG","10","17","38.0","5.5","Grass","Clear Day","76.75","","","","","Nov 11 4:15 PM","November","Late","NYG","17-10","27","5.5","0","1","1","0","<span style=""font-weight:700;color:#1da561 !important"">NYG</span> @ <span style="""">ARI</span>"
"2001","9","2001-11-11 00:00:00","16","23","PHI","PHI","17","MIN","MIN","48","17","41.0","-4","Turf","Clear Day","50.01","","","14.94","335","Nov 11 4:15 PM","November","Late","PHI","17-48","65","4","1","0","1","0","<span style="""">MIN</span> @ <span style=""font-weight:700;color:#1da561 !important"">PHI</span>"
"2001","9","2001-11-11 00:00:00","16","27","SF","SF","19","NO","NO","28","27","44.0","-3","Grass","Cloudy","67.52","100%","Rain","13.42","157","Nov 11 4:15 PM","November","Late","SF","27-28","55","3","1","0","0","1","<span style=""color:#1da561 !important"">NO</span> @ <span style=""font-weight:700;"">SF</span>"
"2001","9","2001-11-11 00:00:00","20","26","SEA","SEA","35","LV","OAK","34","27","43.0","6","Grass","Partly Cloudy Day","53.16","100%","Rain","1.78","313","Nov 11 8:30 PM","November","Night","OAK","27-34","61","6","1","0","0","1","<span style="""">OAK</span> @ <span style=""font-weight:700;color:#1da561 !important"">SEA</span>"
"2001","9","2001-11-12 00:00:00","21","30","TEN","TEN","3","BAL","BAL","10","16","35.0","2","Grass","Cloudy","59.85","","","6.93","41","Nov 12 9:00 PM","November","Night","BAL","16-10","26","2","0","1","1","0","<span style=""font-weight:700;color:#1da561 !important"">BAL</span> @ <span style="""">TEN</span>"
"2001","10","2001-11-18 00:00:00","13","3","BAL","BAL","8","CLE","CLE","17","27","33.0","-8","Grass","Partly Cloudy Day","52.42","","","8.11","193","Nov 18 1:00 PM","November","Day","BAL","27-17","44","8","1","0","0","1","<span style=""font-weight:700;color:#1da561 !important"">CLE</span> @ <span style="""">BAL</span>"
"2001","10","2001-11-18 00:00:00","13","4","BUF","BUF","26","SEA","SEA","20","23","39.0","3.5","Turf","Cloudy","53.96","","","11.7","216","Nov 18 1:00 PM","November","Day","SEA","23-20","43","3.5","1","0","0","1","<span style=""font-weight:700;"">SEA</span> @ <span style=""color:#1da561 !important"">BUF</span>"
"2001","10","2001-11-18 00:00:00","13","5","CAR","CAR","27","SF","SF","22","25","43.0","7","Grass","Clear Day","59.76","","","5.36","45","Nov 18 1:00 PM","November","Day","SF","25-22","47","7","1","0","0","1","<span style=""font-weight:700;"">SF</span> @ <span style=""color:#1da561 !important"">CAR</span>"
"2001","10","2001-11-18 00:00:00","13","7","CIN","CIN","30","TEN","TEN","7","20","40.0","-2","Turf","Clear Day","56.72","","","","","Nov 18 1:00 PM","November","Day","CIN","20-7","27","2","0","1","0","1","<span style=""font-weight:700;color:#1da561 !important"">TEN</span> @ <span style="""">CIN</span>"
"2001","10","2001-11-18 00:00:00","13","9","DAL","DAL","23","PHI","PHI","3","36","37.0","7","Turf","Cloudy","72.14","","","11.67","189","Nov 18 1:00 PM","November","Day","PHI","36-3","39","7","1","0","1","0","<span style=""font-weight:700;color:#1da561 !important"">PHI</span> @ <span style="""">DAL</span>"
"2001","10","2001-11-18 00:00:00","13","12","GB","GB","2","ATL","ATL","20","23","40.0","-10","Grass","Partly Cloudy Day","58.27","100%","Rain","12.76","200","Nov 18 1:00 PM","November","Day","GB","23-20","43","10","1","0","0","1","<span style=""font-weight:700;color:#1da561 !important"">ATL</span> @ <span style="""">GB</span>"
"2001","10","2001-11-18 00:00:00","13","16","MIA","MIA","21","NYJ","NYJ","0","24","38.0","-5.5","Grass","Partly Cloudy Day","80.12","","","15.4","62","Nov 18 1:00 PM","November","Day","MIA","24-0","24","5.5","0","1","0","1","<span style=""font-weight:700;color:#1da561 !important"">NYJ</span> @ <span style="""">MIA</span>"
"2001","10","2001-11-18 00:00:00","13","19","NO","NO","13","IND","IND","34","20","48.0","-6","Dome","","","","","","","Nov 18 1:00 PM","November","Day","NO","20-34","54","6","1","0","1","0","<span style="""">IND</span> @ <span style=""font-weight:700;color:#1da561 !important"">NO</span>"
"2001","10","2001-11-18 00:00:00","16","35","LV","OAK","34","LAC","SD","34","24","45.0","-9","Grass","Partly Cloudy Day","61.45","","","1.79","103","Nov 18 4:00 PM","November","Late","OAK","24-34","58","9","1","0","1","0","<span style="""">SD</span> @ <span style=""font-weight:700;color:#1da561 !important"">OAK</span>"
"2001","10","2001-11-18 00:00:00","16","24","PIT","PIT","14","JAX","JAX","20","7","36.0","-5.5","Turf","Partly Cloudy Day","44.7","","","","","Nov 18 4:00 PM","November","Late","PIT","7-20","27","5.5","0","1","1","0","<span style="""">JAX</span> @ <span style=""font-weight:700;color:#1da561 !important"">PIT</span>"
"2001","10","2001-11-18 00:00:00","16","1","ARI","ARI","11","DET","DET","45","38","40.0","-1.5","Grass","Partly Cloudy Day","73.92","","","3.38","136","Nov 18 4:15 PM","November","Late","ARI","38-45","83","1.5","1","0","1","0","<span style="""">DET</span> @ <span style=""font-weight:700;color:#1da561 !important"">ARI</span>"
"2001","10","2001-11-18 00:00:00","16","10","DEN","DEN","31","WAS","WAS","10","17","43.0","-8","Grass","Partly Cloudy Day","47.76","","","12.47","27","Nov 18 4:15 PM","November","Late","DEN","17-10","27","8","0","1","0","1","<span style=""font-weight:700;color:#1da561 !important"">WAS</span> @ <span style="""">DEN</span>"
"2001","10","2001-11-18 00:00:00","16","29","TB","TB","6","CHI","CHI","24","27","35.0","-5","Grass","Partly Cloudy Day","79.27","","","9.55","63","Nov 18 4:15 PM","November","Late","TB","27-24","51","5","1","0","0","1","<span style=""font-weight:700;color:#1da561 !important"">CHI</span> @ <span style="""">TB</span>"
"2001","10","2001-11-18 00:00:00","20","18","NE","NE","33","LAR","STL","17","24","46.0","8","Grass","Clear Day","54.65","","","9.99","234","Nov 18 8:35 PM","November","Night","STL","24-17","41","8","0","1","0","1","<span style=""font-weight:700;"">STL</span> @ <span style=""color:#1da561 !important"">NE</span>"
"2001","10","2001-11-19 00:00:00","21","17","MIN","MIN","20","NYG","NYG","28","16","44.0","-2","Dome","","","","","","","Nov 19 9:05 PM","November","Night","MIN","16-28","44","2","0","0","1","0","<span style="""">NYG</span> @ <span style=""font-weight:700;color:#1da561 !important"">MIN</span>"
"2001","11","2001-11-22 00:00:00","12","11","DET","DET","12","GB","GB","27","29","46.0","7","Dome","","","","","","","Nov 22 12:35 PM","November","Day","GB","29-27","56","7","1","0","0","1","<span style=""font-weight:700;"">GB</span> @ <span style=""color:#1da561 !important"">DET</span>"
"2001","11","2001-11-22 00:00:00","16","9","DAL","DAL","10","DEN","DEN","24","26","40.0","7","Turf","Partly Cloudy Day","65.09","","","17.43","172","Nov 22 4:15 PM","November","Late","DEN","26-24","50","7","1","0","0","1","<span style=""font-weight:700;"">DEN</span> @ <span style=""color:#1da561 !important"">DAL</span>"
"2001","11","2001-11-25 00:00:00","13","4","BUF","BUF","16","MIA","MIA","27","34","36.0","4.5","Turf","Partly Cloudy Day","58.74","","","22.56","217","Nov 25 1:00 PM","November","Day","MIA","34-27","61","4.5","1","0","1","0","<span style=""font-weight:700;color:#1da561 !important"">MIA</span> @ <span style="""">BUF</span>"
"2001","11","2001-11-25 00:00:00","13","5","CAR","CAR","2","ATL","ATL","7","10","40.0","3","Grass","Partly Cloudy Day","72.41","","","12.18","198","Nov 25 1:00 PM","November","Day","ATL","10-7","17","3","0","1","0","0","<span style=""font-weight:700;"">ATL</span> @ <span style="""">CAR</span>"
"2001","11","2001-11-25 00:00:00","13","8","CLE","CLE","7","CIN","CIN","18","0","36.0","-4.5","Grass","Cloudy","56.99","","","20.27","229","Nov 25 1:00 PM","November","Day","CLE","0-18","18","4.5","0","1","1","0","<span style="""">CIN</span> @ <span style=""font-weight:700;color:#1da561 !important"">CLE</span>"
"2001","11","2001-11-25 00:00:00","13","13","IND","IND","27","SF","SF","21","40","52.0","-3","Dome","","","","","","","Nov 25 1:00 PM","November","Day","IND","40-21","61","3","1","0","0","1","<span style=""font-weight:700;color:#1da561 !important"">SF</span> @ <span style="""">IND</span>"
"2001","11","2001-11-25 00:00:00","13","15","KC","KC","26","SEA","SEA","19","7","41.0","-1.5","Grass","Clear Day","50.6","","","7.14","191","Nov 25 1:00 PM","November","Day","KC","7-19","26","1.5","0","1","1","0","<span style="""">SEA</span> @ <span style=""font-weight:700;color:#1da561 !important"">KC</span>"
"2001","11","2001-11-25 00:00:00","13","23","PHI","PHI","31","WAS","WAS","3","13","38.0","-7.5","Turf","Cloudy","69.38","","","13.21","173","Nov 25 1:00 PM","November","Day","PHI","13-3","16","7.5","0","1","0","1","<span style=""font-weight:700;color:#1da561 !important"">WAS</span> @ <span style="""">PHI</span>"
"2001","11","2001-11-25 00:00:00","13","30","TEN","TEN","24","PIT","PIT","24","34","34.0","-2","Grass","Clear Day","63.98","","","9.72","226","Nov 25 1:00 PM","November","Day","TEN","34-24","58","2","1","0","0","1","<span style=""font-weight:700;color:#1da561 !important"">PIT</span> @ <span style="""">TEN</span>"
"2001","11","2001-11-25 00:00:00","16","18","NE","NE","19","NO","NO","34","17","42.0","0","Grass","Partly Cloudy Day","61.24","","","13.35","183","Nov 25 4:05 PM","November","Late","","17-34","51","0","1","0","1","0","<span style="""">NO</span> @ <span style=""font-weight:700;color:#1da561 !important"">NE</span>"
"2001","11","2001-11-25 00:00:00","16","34","LAC","SD","1","ARI","ARI","17","20","44.0","-7","Grass","Partly Cloudy Day","60.61","","","12.56","284","Nov 25 4:05 PM","November","Late","SD","20-17","37","7","0","1","0","1","<span style=""font-weight:700;color:#1da561 !important"">ARI</span> @ <span style="""">SD</span>"
"2001","11","2001-11-25 00:00:00","16","14","JAX","JAX","3","BAL","BAL","21","24","34.0","3","Grass","Partly Cloudy Day","78.27","0%","Rain","8.09","168","Nov 25 4:15 PM","November","Late","BAL","24-21","45","3","1","0","0","0","<span style=""font-weight:700;"">BAL</span> @ <span style="""">JAX</span>"
"2001","11","2001-11-25 00:00:00","16","20","NYG","NYG","35","LV","OAK","10","28","39.0","2.5","Grass","Partly Cloudy Day","66.6","","","12.04","174","Nov 25 4:15 PM","November","Late","OAK","28-10","38","2.5","0","1","1","0","<span style=""font-weight:700;color:#1da561 !important"">OAK</span> @ <span style="""">NYG</span>"
"2001","11","2001-11-25 00:00:00","20","17","MIN","MIN","6","CHI","CHI","6","13","45.0","-3","Dome","","","","","","","Nov 25 8:35 PM","November","Night","MIN","13-6","19","3","0","1","0","1","<span style=""font-weight:700;color:#1da561 !important"">CHI</span> @ <span style="""">MIN</span>"
"2001","11","2001-11-26 00:00:00","21","33","LAR","STL","29","TB","TB","17","24","46.0","-10","Dome","","","","","","","Nov 26 9:05 PM","November","Night","STL","24-17","41","10","0","1","0","1","<span style=""font-weight:700;color:#1da561 !important"">TB</span> @ <span style="""">STL</span>"
"2001","12","2001-11-29 00:00:00","20","15","KC","KC","23","PHI","PHI","10","23","36.0","3","Grass","Cloudy","34.31","","","8.05","","Nov 29 8:30 PM","November","Night","PHI","23-10","33","3","0","1","1","0","<span style=""font-weight:700;color:#1da561 !important"">PHI</span> @ <span style="""">KC</span>"
"2001","12","2001-12-02 00:00:00","13","3","BAL","BAL","13","IND","IND","39","27","43.0","-6.5","Grass","Partly Cloudy Day","51.89","","","9.34","21","Dec 2 1:00 PM","December","Day","BAL","27-39","66","6.5","1","0","1","0","<span style="""">IND</span> @ <span style=""font-weight:700;color:#1da561 !important"">BAL</span>"
"2001","12","2001-12-02 00:00:00","13","6","CHI","CHI","11","DET","DET","13","10","38.0","-7","Grass","Clear Day","50.69","","","13.25","176","Dec 2 1:00 PM","December","Day","CHI","10-13","23","7","0","1","0","1","<span style=""color:#1da561 !important"">DET</span> @ <span style=""font-weight:700;"">CHI</span>"
"2001","12","2001-12-02 00:00:00","13","7","CIN","CIN","29","TB","TB","13","16","36.0","4.5","Turf","Clear Day","49.31","","","3.66","131","Dec 2 1:00 PM","December","Day","TB","16-13","29","4.5","0","1","0","1","<span style=""font-weight:700;"">TB</span> @ <span style=""color:#1da561 !important"">CIN</span>"
"2001","12","2001-12-02 00:00:00","13","8","CLE","CLE","30","TEN","TEN","15","31","36.0","0","Grass","Clear Day","47.24","","","5.04","231","Dec 2 1:00 PM","December","Day","","31-15","46","0","1","0","0","1","<span style=""font-weight:700;color:#1da561 !important"">TEN</span> @ <span style="""">CLE</span>"
"2001","12","2001-12-02 00:00:00","13","16","MIA","MIA","10","DEN","DEN","21","10","40.0","-3","Grass","Rain","76.44","100%","Rain","8.51","18","Dec 2 1:00 PM","December","Day","MIA","10-21","31","3","0","1","1","0","<span style="""">DEN</span> @ <span style=""font-weight:700;color:#1da561 !important"">MIA</span>"
"2001","12","2001-12-02 00:00:00","13","19","NO","NO","5","CAR","CAR","27","23","41.0","-10","Dome","","","","","","","Dec 2 1:00 PM","December","Day","NO","23-27","50","10","1","0","0","1","<span style=""color:#1da561 !important"">CAR</span> @ <span style=""font-weight:700;"">NO</span>"
"2001","12","2001-12-02 00:00:00","13","21","NYJ","NYJ","18","NE","NE","16","17","38.0","-3","Grass","Cloudy","52.36","","","4.29","340","Dec 2 1:00 PM","December","Day","NYJ","17-16","33","3","0","1","0","1","<span style=""font-weight:700;color:#1da561 !important"">NE</span> @ <span style="""">NYJ</span>"
"2001","12","2001-12-02 00:00:00","13","24","PIT","PIT","17","MIN","MIN","21","16","40.0","-7","Turf","Partly Cloudy Day","48.15","","","0.88","180","Dec 2 1:00 PM","December","Day","PIT","16-21","37","7","0","1","0","1","<span style=""color:#1da561 !important"">MIN</span> @ <span style=""font-weight:700;"">PIT</span>"
"2001","12","2001-12-02 00:00:00","16","26","SEA","SEA","34","LAC","SD","13","10","43.0","-3","Grass","Partly Cloudy Day","43.05","","","14.08","","Dec 2 4:05 PM","December","Late","SEA","10-13","23","3","0","1","0","0","<span style="""">SD</span> @ <span style=""font-weight:700;"">SEA</span>"
"2001","12","2001-12-02 00:00:00","16","2","ATL","ATL","33","LAR","STL","6","35","47.0","8","Dome","","","","","","","Dec 2 4:15 PM","December","Late","STL","35-6","41","8","0","1","1","0","<span style=""font-weight:700;color:#1da561 !important"">STL</span> @ <span style="""">ATL</span>"
"2001","12","2001-12-02 00:00:00","16","35","LV","OAK","1","ARI","ARI","31","34","44.0","-12","Grass","Wind","58.46","100%","Rain","21.37","219","Dec 2 4:15 PM","December","Late","OAK","34-31","65","12","1","0","0","1","<span style=""font-weight:700;color:#1da561 !important"">ARI</span> @ <span style="""">OAK</span>"
"2001","12","2001-12-02 00:00:00","16","31","WAS","WAS","9","DAL","DAL","14","20","35.0","-8","Grass","Partly Cloudy Day","53.94","","","9.14","12","Dec 2 4:15 PM","December","Late","WAS","20-14","34","8","0","1","0","1","<span style=""font-weight:700;color:#1da561 !important"">DAL</span> @ <span style="""">WAS</span>"
"2001","12","2001-12-02 00:00:00","20","27","SF","SF","4","BUF","BUF","35","0","42.0","-8","Grass","Wind","59.02","","","21.91","222","Dec 2 8:35 PM","December","Night","SF","0-35","35","8","0","1","1","0","<span style="""">BUF</span> @ <span style=""font-weight:700;color:#1da561 !important"">SF</span>"
"2001","12","2001-12-03 00:00:00","21","14","JAX","JAX","12","GB","GB","21","28","42.0","3","Grass","Cloudy","66.86","0%","Rain","12","35","Dec 3 9:05 PM","December","Night","GB","28-21","49","3","1","0","1","0","<span style=""font-weight:700;color:#1da561 !important"">GB</span> @ <span style="""">JAX</span>"
"2001","13","2001-12-09 00:00:00","13","2","ATL","ATL","19","NO","NO","10","28","40.0","3","Dome","","","","","","","Dec 9 1:00 PM","December","Day","NO","28-10","38","3","0","1","1","0","<span style=""font-weight:700;color:#1da561 !important"">NO</span> @ <span style="""">ATL</span>"
"2001","13","2001-12-09 00:00:00","13","4","BUF","BUF","5","CAR","CAR","25","24","36.0","-3.5","Turf","Partly Cloudy Day","38.19","","","8.92","300","Dec 9 1:00 PM","December","Day","BUF","24-25","49","3.5","1","0","0","1","<span style=""color:#1da561 !important"">CAR</span> @ <span style=""font-weight:700;"">BUF</span>"
"2001","13","2001-12-09 00:00:00","13","7","CIN","CIN","14","JAX","JAX","10","14","36.0","-1","Turf","Clear Day","41.08","","","2.91","","Dec 9 1:00 PM","December","Day","CIN","14-10","24","1","0","1","0","1","<span style=""font-weight:700;color:#1da561 !important"">JAX</span> @ <span style="""">CIN</span>"
"2001","13","2001-12-09 00:00:00","13","9","DAL","DAL","20","NYG","NYG","20","13","35.0","3.5","Turf","Clear Day","50.33","","","8.12","9","Dec 9 1:00 PM","December","Day","NYG","13-20","33","3.5","0","1","0","1","<span style="""">NYG</span> @ <span style=""font-weight:700;color:#1da561 !important"">DAL</span>"
"2001","13","2001-12-09 00:00:00","13","12","GB","GB","6","CHI","CHI","17","7","38.0","-5.5","Grass","Clear Day","33.41","","","11.63","200","Dec 9 1:00 PM","December","Day","GB","7-17","24","5.5","0","1","1","0","<span style="""">CHI</span> @ <span style=""font-weight:700;color:#1da561 !important"">GB</span>"
"2001","13","2001-12-09 00:00:00","13","17","MIN","MIN","30","TEN","TEN","42","24","42.0","2","Dome","","","","","","","Dec 9 1:00 PM","December","Day","TEN","24-42","66","2","1","0","0","1","<span style="""">TEN</span> @ <span style=""font-weight:700;color:#1da561 !important"">MIN</span>"
"2001","13","2001-12-09 00:00:00","13","18","NE","NE","8","CLE","CLE","27","16","36.0","-5","Grass","Cloudy","33.08","100%","Rain","10.32","353","Dec 9 1:00 PM","December","Day","NE","16-27","43","5","1","0","1","0","<span style="""">CLE</span> @ <span style=""font-weight:700;color:#1da561 !important"">NE</span>"
"2001","13","2001-12-09 00:00:00","13","23","PHI","PHI","34","LAC","SD","24","14","37.0","-7","Turf","Wind","46.91","","","15.38","329","Dec 9 1:00 PM","December","Day","PHI","14-24","38","7","1","0","1","0","<span style="""">SD</span> @ <span style=""font-weight:700;color:#1da561 !important"">PHI</span>"
"2001","13","2001-12-09 00:00:00","13","33","LAR","STL","27","SF","SF","27","14","54.0","-7","Dome","","","","","","","Dec 9 1:00 PM","December","Day","STL","14-27","41","7","0","1","1","0","<span style="""">SF</span> @ <span style=""font-weight:700;color:#1da561 !important"">STL</span>"
"2001","13","2001-12-09 00:00:00","13","29","TB","TB","11","DET","DET","15","12","37.0","-7.5","Grass","Partly Cloudy Day","80.39","","","2.69","106","Dec 9 1:00 PM","December","Day","TB","12-15","27","7.5","0","1","0","1","<span style=""color:#1da561 !important"">DET</span> @ <span style=""font-weight:700;"">TB</span>"
"2001","13","2001-12-09 00:00:00","16","1","ARI","ARI","31","WAS","WAS","10","20","39.0","0","Grass","Clear Day","63.51","","","10.64","94","Dec 9 4:05 PM","December","Late","","20-10","30","0","0","1","0","1","<span style=""font-weight:700;color:#1da561 !important"">WAS</span> @ <span style="""">ARI</span>"
"2001","13","2001-12-09 00:00:00","16","35","LV","OAK","15","KC","KC","28","26","44.0","-9","Grass","Partly Cloudy Day","51.59","","","13.61","346","Dec 9 4:15 PM","December","Late","OAK","26-28","54","9","1","0","0","1","<span style=""color:#1da561 !important"">KC</span> @ <span style=""font-weight:700;"">OAK</span>"
"2001","13","2001-12-09 00:00:00","16","24","PIT","PIT","21","NYJ","NYJ","18","7","34.0","-3.5","Turf","Cloudy","42.45","","","8.8","337","Dec 9 4:15 PM","December","Late","PIT","7-18","25","3.5","0","1","1","0","<span style="""">NYJ</span> @ <span style=""font-weight:700;color:#1da561 !important"">PIT</span>"
"2001","13","2001-12-09 00:00:00","20","10","DEN","DEN","26","SEA","SEA","20","7","40.0","-6","Grass","Partly Cloudy Day","54.95","","","7.69","220","Dec 9 8:35 PM","December","Night","DEN","7-20","27","6","0","1","1","0","<span style="""">SEA</span> @ <span style=""font-weight:700;color:#1da561 !important"">DEN</span>"
"2001","13","2001-12-10 00:00:00","21","16","MIA","MIA","13","IND","IND","41","6","45.0","-4.5","Grass","Partly Cloudy Day","80","","","12.66","114","Dec 10 9:05 PM","December","Night","MIA","6-41","47","4.5","1","0","1","0","<span style="""">IND</span> @ <span style=""font-weight:700;color:#1da561 !important"">MIA</span>"
"2001","14","2001-12-15 00:00:00","01","20","NYG","NYG","1","ARI","ARI","17","13","38.0","-5","Grass","Partly Cloudy Day","45.58","","","15.36","337","Dec 15 1:35 AM","December","","NYG","13-17","30","5","0","1","0","1","<span style=""color:#1da561 !important"">ARI</span> @ <span style=""font-weight:700;"">NYG</span>"
"2001","14","2001-12-15 00:00:00","17","34","LAC","SD","35","LV","OAK","6","13","46.0","3.5","Grass","Clear Day","56.97","","","2.45","207","Dec 15 5:15 PM","December","Night","OAK","13-6","19","3.5","0","1","1","0","<span style=""font-weight:700;color:#1da561 !important"">OAK</span> @ <span style="""">SD</span>"
"2001","14","2001-12-16 00:00:00","13","4","BUF","BUF","18","NE","NE","9","12","38.0","4","Turf","Cloudy","33.5","","","11.06","74","Dec 16 1:00 PM","December","Day","NE","12-9","21","4","0","1","0","1","<span style=""font-weight:700;"">NE</span> @ <span style=""color:#1da561 !important"">BUF</span>"
"2001","14","2001-12-16 00:00:00","13","6","CHI","CHI","29","TB","TB","27","3","33.0","-3","Grass","Rain","44.61","100%","Rain","9.43","168","Dec 16 1:00 PM","December","Day","CHI","3-27","30","3","0","1","1","0","<span style="""">TB</span> @ <span style=""font-weight:700;color:#1da561 !important"">CHI</span>"
"2001","14","2001-12-16 00:00:00","13","8","CLE","CLE","14","JAX","JAX","10","15","36.0","-2.5","Grass","Cloudy","40.66","","","8.45","165","Dec 16 1:00 PM","December","Day","CLE","15-10","25","2.5","0","1","0","1","<span style=""font-weight:700;color:#1da561 !important"">JAX</span> @ <span style="""">CLE</span>"
"2001","14","2001-12-16 00:00:00","13","11","DET","DET","17","MIN","MIN","27","24","46.0","3","Dome","","","","","","","Dec 16 1:00 PM","December","Day","MIN","24-27","51","3","1","0","0","1","<span style="""">MIN</span> @ <span style=""font-weight:700;color:#1da561 !important"">DET</span>"
"2001","14","2001-12-16 00:00:00","13","13","IND","IND","2","ATL","ATL","41","27","46.0","-4","Dome","","","","","","","Dec 16 1:00 PM","December","Day","IND","27-41","68","4","1","0","1","0","<span style="""">ATL</span> @ <span style=""font-weight:700;color:#1da561 !important"">IND</span>"
"2001","14","2001-12-16 00:00:00","13","15","KC","KC","10","DEN","DEN","26","23","38.0","0","Grass","Cloudy","48.19","","","3.62","170","Dec 16 1:00 PM","December","Day","","23-26","49","0","1","0","1","0","<span style="""">DEN</span> @ <span style=""font-weight:700;color:#1da561 !important"">KC</span>"
"2001","14","2001-12-16 00:00:00","13","21","NYJ","NYJ","7","CIN","CIN","15","14","35.0","-8.5","Grass","Partly Cloudy Day","40.02","","","6.01","1","Dec 16 1:00 PM","December","Day","NYJ","14-15","29","8.5","0","1","0","1","<span style=""color:#1da561 !important"">CIN</span> @ <span style=""font-weight:700;"">NYJ</span>"
"2001","14","2001-12-16 00:00:00","16","27","SF","SF","16","MIA","MIA","21","0","43.0","-3.5","Grass","Partly Cloudy Day","52.78","","","3.77","152","Dec 16 4:05 PM","December","Late","SF","0-21","21","3.5","0","1","1","0","<span style="""">MIA</span> @ <span style=""font-weight:700;color:#1da561 !important"">SF</span>"
"2001","14","2001-12-16 00:00:00","16","26","SEA","SEA","9","DAL","DAL","29","3","34.0","-5.5","Grass","Rain","50.01","100%","Rain","17.62","161","Dec 16 4:15 PM","December","Late","SEA","3-29","32","5.5","0","1","1","0","<span style="""">DAL</span> @ <span style=""font-weight:700;color:#1da561 !important"">SEA</span>"
"2001","14","2001-12-16 00:00:00","16","30","TEN","TEN","12","GB","GB","26","20","42.0","2.5","Grass","Cloudy","62.83","","","15.4","188","Dec 16 4:15 PM","December","Late","GB","20-26","46","2.5","1","0","0","1","<span style="""">GB</span> @ <span style=""font-weight:700;color:#1da561 !important"">TEN</span>"
"2001","14","2001-12-16 00:00:00","16","31","WAS","WAS","23","PHI","PHI","6","20","34.0","3","Grass","Partly Cloudy Day","42.76","","","2.99","106","Dec 16 4:15 PM","December","Late","PHI","20-6","26","3","0","1","1","0","<span style=""font-weight:700;color:#1da561 !important"">PHI</span> @ <span style="""">WAS</span>"
"2001","14","2001-12-16 00:00:00","20","3","BAL","BAL","24","PIT","PIT","21","26","33.0","-3","Grass","Partly Cloudy Day","41.6","","","6.83","101","Dec 16 8:35 PM","December","Night","BAL","26-21","47","3","1","0","0","1","<span style=""font-weight:700;color:#1da561 !important"">PIT</span> @ <span style="""">BAL</span>"
"2001","14","2001-12-17 00:00:00","21","19","NO","NO","33","LAR","STL","21","34","52.0","6","Dome","","","","","","","Dec 17 9:05 PM","December","Night","STL","34-21","55","6","1","0","1","0","<span style=""font-weight:700;color:#1da561 !important"">STL</span> @ <span style="""">NO</span>"
"2001","15","2001-12-22 00:00:00","13","18","NE","NE","16","MIA","MIA","20","13","37.0","-3","Grass","Clear Day","34.4","","","10.65","328","Dec 22 1:35 PM","December","Day","NE","13-20","33","3","0","1","1","0","<span style="""">MIA</span> @ <span style=""font-weight:700;color:#1da561 !important"">NE</span>"
"2001","15","2001-12-22 00:00:00","17","27","SF","SF","23","PHI","PHI","13","3","38.0","-3","Grass","Rain","50.61","100%","Rain","3.74","164","Dec 22 5:15 PM","December","Night","SF","3-13","16","3","0","1","1","0","<span style="""">PHI</span> @ <span style=""font-weight:700;color:#1da561 !important"">SF</span>"
"2001","15","2001-12-22 00:00:00","21","35","LV","OAK","30","TEN","TEN","10","13","46.0","-5.5","Grass","Rain","50.4","100%","Rain","3.49","179","Dec 22 9:00 PM","December","Night","OAK","13-10","23","5.5","0","1","0","1","<span style=""font-weight:700;color:#1da561 !important"">TEN</span> @ <span style="""">OAK</span>"
"2001","15","2001-12-23 00:00:00","13","2","ATL","ATL","4","BUF","BUF","33","30","40.0","-3.5","Dome","","","","","","","Dec 23 1:00 PM","December","Day","ATL","30-33","63","3.5","1","0","0","1","<span style=""color:#1da561 !important"">BUF</span> @ <span style=""font-weight:700;"">ATL</span>"
"2001","15","2001-12-23 00:00:00","13","3","BAL","BAL","7","CIN","CIN","16","0","34.0","-10.5","Grass","Partly Cloudy Day","48.85","","","13.59","180","Dec 23 1:00 PM","December","Day","BAL","0-16","16","10.5","0","1","1","0","<span style="""">CIN</span> @ <span style=""font-weight:700;color:#1da561 !important"">BAL</span>"
"2001","15","2001-12-23 00:00:00","13","5","CAR","CAR","33","LAR","STL","32","38","46.0","12","Grass","Partly Cloudy Day","50.69","","","3.26","162","Dec 23 1:00 PM","December","Day","STL","38-32","70","12","1","0","0","1","<span style=""font-weight:700;"">STL</span> @ <span style=""color:#1da561 !important"">CAR</span>"
"2001","15","2001-12-23 00:00:00","13","15","KC","KC","34","LAC","SD","20","17","40.0","-3","Grass","Wind","30.08","65%","Snow","21.16","305","Dec 23 1:00 PM","December","Day","KC","17-20","37","3","0","1","0","0","<span style="""">SD</span> @ <span style=""font-weight:700;"">KC</span>"
"2001","15","2001-12-23 00:00:00","13","17","MIN","MIN","14","JAX","JAX","3","33","44.0","-2.5","Dome","","","","","","","Dec 23 1:00 PM","December","Day","MIN","33-3","36","2.5","0","1","0","1","<span style=""font-weight:700;color:#1da561 !important"">JAX</span> @ <span style="""">MIN</span>"
"2001","15","2001-12-23 00:00:00","13","20","NYG","NYG","26","SEA","SEA","27","24","34.0","-3","Grass","Partly Cloudy Day","43.7","","","5.79","197","Dec 23 1:00 PM","December","Day","NYG","24-27","51","3","1","0","0","0","<span style="""">SEA</span> @ <span style=""font-weight:700;"">NYG</span>"
"2001","15","2001-12-23 00:00:00","13","24","PIT","PIT","11","DET","DET","47","14","36.0","-10","Turf","Rain","46.37","100%","Rain","12.24","189","Dec 23 1:00 PM","December","Day","PIT","14-47","61","10","1","0","1","0","<span style="""">DET</span> @ <span style=""font-weight:700;color:#1da561 !important"">PIT</span>"
"2001","15","2001-12-23 00:00:00","13","29","TB","TB","19","NO","NO","48","21","38.0","-2.5","Grass","Partly Cloudy Day","74.43","","","12.43","144","Dec 23 1:00 PM","December","Day","TB","21-48","69","2.5","1","0","1","0","<span style="""">NO</span> @ <span style=""font-weight:700;color:#1da561 !important"">TB</span>"
"2001","15","2001-12-23 00:00:00","13","31","WAS","WAS","6","CHI","CHI","15","20","33.0","0","Grass","Partly Cloudy Day","50.92","","","14.29","202","Dec 23 1:00 PM","December","Day","","20-15","35","0","1","0","0","1","<span style=""font-weight:700;color:#1da561 !important"">CHI</span> @ <span style="""">WAS</span>"
"2001","15","2001-12-23 00:00:00","16","1","ARI","ARI","9","DAL","DAL","17","10","38.0","-3.5","Grass","Partly Cloudy Day","53.33","","","","","Dec 23 4:05 PM","December","Late","ARI","10-17","27","3.5","0","1","1","0","<span style="""">DAL</span> @ <span style=""font-weight:700;color:#1da561 !important"">ARI</span>"
"2001","15","2001-12-23 00:00:00","16","12","GB","GB","8","CLE","CLE","30","7","35.0","-7","Grass","Cloudy","23.36","100%","Snow","14.99","240","Dec 23 4:15 PM","December","Late","GB","7-30","37","7","1","0","1","0","<span style="""">CLE</span> @ <span style=""font-weight:700;color:#1da561 !important"">GB</span>"
"2001","15","2001-12-23 00:00:00","20","13","IND","IND","21","NYJ","NYJ","28","29","47.0","-1","Dome","","","","","","","Dec 23 8:30 PM","December","Night","IND","29-28","57","1","1","0","0","1","<span style=""font-weight:700;color:#1da561 !important"">NYJ</span> @ <span style="""">IND</span>"
"2001","16","2001-12-29 00:00:00","21","29","TB","TB","3","BAL","BAL","22","10","34.0","-1","Grass","Partly Cloudy Day","73.16","","","11.36","297","Dec 29 9:05 PM","December","Night","TB","10-22","32","1","0","1","1","0","<span style="""">BAL</span> @ <span style=""font-weight:700;color:#1da561 !important"">TB</span>"
"2001","16","2001-12-30 00:00:00","13","5","CAR","CAR","1","ARI","ARI","7","30","39.0","-1","Grass","Clear Day","39.67","","","4.39","262","Dec 30 1:00 PM","December","Day","CAR","30-7","37","1","0","1","0","1","<span style=""font-weight:700;color:#1da561 !important"">ARI</span> @ <span style="""">CAR</span>"
"2001","16","2001-12-30 00:00:00","13","7","CIN","CIN","24","PIT","PIT","26","23","34.0","7.5","Turf","Clear Day","19.44","","","10.29","270","Dec 30 1:00 PM","December","Day","PIT","23-26","49","7.5","1","0","0","1","<span style="""">PIT</span> @ <span style=""font-weight:700;color:#1da561 !important"">CIN</span>"
"2001","16","2001-12-30 00:00:00","13","9","DAL","DAL","27","SF","SF","27","21","40.0","6","Turf","Partly Cloudy Day","37.17","","","9.7","51","Dec 30 1:00 PM","December","Day","SF","21-27","48","6","1","0","0","1","<span style="""">SF</span> @ <span style=""font-weight:700;color:#1da561 !important"">DAL</span>"
"2001","16","2001-12-30 00:00:00","13","11","DET","DET","6","CHI","CHI","0","24","39.0","5","Dome","","","","","","","Dec 30 1:00 PM","December","Day","CHI","24-0","24","5","0","1","1","0","<span style=""font-weight:700;color:#1da561 !important"">CHI</span> @ <span style="""">DET</span>"
"2001","16","2001-12-30 00:00:00","13","12","GB","GB","17","MIN","MIN","24","13","37.0","-13","Grass","Clear Day","20.31","","","18.36","300","Dec 30 1:00 PM","December","Day","GB","13-24","37","13","0","0","0","1","<span style=""color:#1da561 !important"">MIN</span> @ <span style=""font-weight:700;"">GB</span>"
"2001","16","2001-12-30 00:00:00","13","14","JAX","JAX","15","KC","KC","26","30","40.0","-4.5","Grass","Partly Cloudy Day","53.36","0%","Rain","1.56","","Dec 30 1:00 PM","December","Day","JAX","30-26","56","4.5","1","0","0","1","<span style=""font-weight:700;color:#1da561 !important"">KC</span> @ <span style="""">JAX</span>"
"2001","16","2001-12-30 00:00:00","13","16","MIA","MIA","2","ATL","ATL","21","14","38.0","-7","Grass","Partly Cloudy Day","75.17","","","4.41","32","Dec 30 1:00 PM","December","Day","MIA","14-21","35","7","0","1","0","0","<span style="""">ATL</span> @ <span style=""font-weight:700;"">MIA</span>"
"2001","16","2001-12-30 00:00:00","13","21","NYJ","NYJ","4","BUF","BUF","9","14","38.0","-7","Grass","Clear Day","30.1","","","15.08","288","Dec 30 1:00 PM","December","Day","NYJ","14-9","23","7","0","1","0","1","<span style=""font-weight:700;color:#1da561 !important"">BUF</span> @ <span style="""">NYJ</span>"
"2001","16","2001-12-30 00:00:00","13","33","LAR","STL","13","IND","IND","42","17","60.0","-13","Dome","","","","","","","Dec 30 1:00 PM","December","Day","STL","17-42","59","13","0","1","1","0","<span style="""">IND</span> @ <span style=""font-weight:700;color:#1da561 !important"">STL</span>"
"2001","16","2001-12-30 00:00:00","13","30","TEN","TEN","8","CLE","CLE","38","41","37.0","-6.5","Grass","Partly Cloudy Day","28.77","","","","","Dec 30 1:00 PM","December","Day","TEN","41-38","79","6.5","1","0","0","1","<span style=""font-weight:700;color:#1da561 !important"">CLE</span> @ <span style="""">TEN</span>"
"2001","16","2001-12-30 00:00:00","16","23","PHI","PHI","20","NYG","NYG","24","21","35.0","-4.5","Turf","Wind","30.11","","","15.35","282","Dec 30 4:05 PM","December","Late","PHI","21-24","45","4.5","1","0","0","1","<span style=""color:#1da561 !important"">NYG</span> @ <span style=""font-weight:700;"">PHI</span>"
"2001","16","2001-12-30 00:00:00","16","10","DEN","DEN","35","LV","OAK","23","17","42.0","-1","Grass","Cloudy","24.05","55%","Snow","","","Dec 30 4:15 PM","December","Late","DEN","17-23","40","1","0","1","1","0","<span style="""">OAK</span> @ <span style=""font-weight:700;color:#1da561 !important"">DEN</span>"
"2001","16","2001-12-30 00:00:00","16","34","LAC","SD","26","SEA","SEA","22","25","39.0","-1.5","Grass","Cloudy","61.73","","","3.95","180","Dec 30 4:15 PM","December","Late","SD","25-22","47","1.5","1","0","0","1","<span style=""font-weight:700;color:#1da561 !important"">SEA</span> @ <span style="""">SD</span>"
"2001","16","2001-12-30 00:00:00","20","19","NO","NO","31","WAS","WAS","10","40","40.0","-5","Dome","","","","","","","Dec 30 8:35 PM","December","Night","NO","40-10","50","5","1","0","0","1","<span style=""font-weight:700;color:#1da561 !important"">WAS</span> @ <span style="""">NO</span>"
"2001","17","2002-01-06 00:00:00","12","19","NO","NO","27","SF","SF","0","38","46.0","2.5","Dome","","","","","","","Jan 6 12:00 PM","January","Day","SF","38-0","38","2.5","0","1","1","0","<span style=""font-weight:700;color:#1da561 !important"">SF</span> @ <span style="""">NO</span>"
"2001","17","2002-01-06 00:00:00","13","5","CAR","CAR","18","NE","NE","6","38","36.0","6.5","Grass","Rain","35.65","100%","Rain","3.31","27","Jan 6 1:00 PM","January","Day","NE","38-6","44","6.5","1","0","1","0","<span style=""font-weight:700;color:#1da561 !important"">NE</span> @ <span style="""">CAR</span>"
"2001","17","2002-01-06 00:00:00","13","6","CHI","CHI","14","JAX","JAX","33","13","33.0","-5","Grass","Partly Cloudy Day","35.25","","","13.04","341","Jan 6 1:00 PM","January","Day","CHI","13-33","46","5","1","0","1","0","<span style="""">JAX</span> @ <span style=""font-weight:700;color:#1da561 !important"">CHI</span>"
"2001","17","2002-01-06 00:00:00","13","11","DET","DET","9","DAL","DAL","15","10","36.0","3","Dome","","","","","","","Jan 6 1:00 PM","January","Day","DAL","10-15","25","3","0","1","0","1","<span style="""">DAL</span> @ <span style=""font-weight:700;color:#1da561 !important"">DET</span>"
"2001","17","2002-01-06 00:00:00","13","13","IND","IND","10","DEN","DEN","29","10","50.0","-2","Dome","","","","","","","Jan 6 1:00 PM","January","Day","IND","10-29","39","2","0","1","1","0","<span style="""">DEN</span> @ <span style=""font-weight:700;color:#1da561 !important"">IND</span>"
"2001","17","2002-01-06 00:00:00","13","20","NYG","NYG","12","GB","GB","25","34","36.0","3","Grass","Partly Cloudy Day","37.92","","","1.55","127","Jan 6 1:00 PM","January","Day","GB","34-25","59","3","1","0","1","0","<span style=""font-weight:700;color:#1da561 !important"">GB</span> @ <span style="""">NYG</span>"
"2001","17","2002-01-06 00:00:00","13","24","PIT","PIT","8","CLE","CLE","28","7","34.0","-5","Turf","Snow","32.56","100%","Snow","4.18","79","Jan 6 1:00 PM","January","Day","PIT","7-28","35","5","1","0","1","0","<span style="""">CLE</span> @ <span style=""font-weight:700;color:#1da561 !important"">PIT</span>"
"2001","17","2002-01-06 00:00:00","13","30","TEN","TEN","7","CIN","CIN","21","23","38.0","-5.5","Grass","Cloudy","36.73","","","9.06","281","Jan 6 1:00 PM","January","Day","TEN","23-21","44","5.5","1","0","0","1","<span style=""font-weight:700;color:#1da561 !important"">CIN</span> @ <span style="""">TEN</span>"
"2001","17","2002-01-06 00:00:00","13","31","WAS","WAS","1","ARI","ARI","20","17","36.0","-3.5","Grass","Cloudy","37.87","","","2.9","146","Jan 6 1:00 PM","January","Day","WAS","17-20","37","3.5","1","0","0","1","<span style=""color:#1da561 !important"">ARI</span> @ <span style=""font-weight:700;"">WAS</span>"
"2001","17","2002-01-06 00:00:00","16","33","LAR","STL","2","ATL","ATL","31","13","46.0","-14.5","Dome","","","","","","","Jan 6 4:05 PM","January","Late","STL","13-31","44","14.5","0","1","1","0","<span style="""">ATL</span> @ <span style=""font-weight:700;color:#1da561 !important"">STL</span>"
"2001","17","2002-01-06 00:00:00","16","16","MIA","MIA","4","BUF","BUF","34","7","36.0","-6","Grass","Partly Cloudy Day","78.99","","","18.5","215","Jan 6 4:15 PM","January","Late","MIA","7-34","41","6","1","0","1","0","<span style="""">BUF</span> @ <span style=""font-weight:700;color:#1da561 !important"">MIA</span>"
"2001","17","2002-01-06 00:00:00","16","35","LV","OAK","21","NYJ","NYJ","22","24","42.0","-4","Grass","Partly Cloudy Day","58.83","","","1.52","61","Jan 6 4:15 PM","January","Late","OAK","24-22","46","4","1","0","0","1","<span style=""font-weight:700;color:#1da561 !important"">NYJ</span> @ <span style="""">OAK</span>"
"2001","17","2002-01-06 00:00:00","16","26","SEA","SEA","15","KC","KC","21","18","40.0","-3.5","Grass","Rain","47.35","100%","Rain","4.06","180","Jan 6 4:15 PM","January","Late","SEA","18-21","39","3.5","0","1","0","1","<span style=""color:#1da561 !important"">KC</span> @ <span style=""font-weight:700;"">SEA</span>"
"2001","17","2002-01-06 00:00:00","20","29","TB","TB","23","PHI","PHI","13","17","33.0","-3","Grass","Partly Cloudy Day","68.58","","","12.19","277","Jan 6 8:30 PM","January","Night","TB","17-13","30","3","0","1","0","1","<span style=""font-weight:700;color:#1da561 !important"">PHI</span> @ <span style="""">TB</span>"
"2001","17","2002-01-07 00:00:00","21","3","BAL","BAL","17","MIN","MIN","19","3","37.0","-12","Grass","Cloudy","37.3","","","10.92","320","Jan 7 9:05 PM","January","Night","BAL","3-19","22","12","0","1","1","0","<span style="""">MIN</span> @ <span style=""font-weight:700;color:#1da561 !important"">BAL</span>"
"2001","18","2002-01-12 00:00:00","16","23","PHI","PHI","29","TB","TB","31","9","32.0","-3.5","Turf","Clear Day","44.59","","","10.74","225","Jan 12 4:35 PM","January","Late","PHI","9-31","40","3.5","1","0","1","0","<span style="""">TB</span> @ <span style=""font-weight:700;color:#1da561 !important"">PHI</span>"
"2001","18","2002-01-12 00:00:00","20","35","LV","OAK","21","NYJ","NYJ","38","24","42.0","-4.5","Grass","Fog","53.01","","","3.5","30","Jan 12 8:05 PM","January","Night","OAK","24-38","62","4.5","1","0","1","0","<span style="""">NYJ</span> @ <span style=""font-weight:700;color:#1da561 !important"">OAK</span>"
"2001","18","2002-01-13 00:00:00","12","12","GB","GB","27","SF","SF","25","15","42.0","-3.5","Grass","Clear Day","30.84","","","4.14","105","Jan 13 12:35 PM","January","Day","GB","15-25","40","3.5","0","1","1","0","<span style="""">SF</span> @ <span style=""font-weight:700;color:#1da561 !important"">GB</span>"
"2001","18","2002-01-13 00:00:00","16","16","MIA","MIA","3","BAL","BAL","3","20","33.0","-2.5","Grass","Rain","72.17","66%","Rain","5.27","304","Jan 13 4:05 PM","January","Late","MIA","20-3","23","2.5","0","1","0","1","<span style=""font-weight:700;color:#1da561 !important"">BAL</span> @ <span style="""">MIA</span>"
"2001","19","2002-01-19 00:00:00","16","6","CHI","CHI","23","PHI","PHI","19","33","32.0","-3","Grass","Clear Day","27","","","7.19","255","Jan 19 4:35 PM","January","Late","CHI","33-19","52","3","1","0","0","1","<span style=""font-weight:700;color:#1da561 !important"">PHI</span> @ <span style="""">CHI</span>"
"2001","19","2002-01-19 00:00:00","20","18","NE","NE","35","LV","OAK","16","13","40.0","-3","Grass","Clear Day","27.39","","","1.85","185","Jan 19 8:05 PM","January","Night","NE","13-16","29","3","0","1","0","0","<span style="""">OAK</span> @ <span style=""font-weight:700;"">NE</span>"
"2001","19","2002-01-20 00:00:00","12","24","PIT","PIT","3","BAL","BAL","27","10","32.0","-6","Turf","Snow","30.4","54%","Snow","10.54","221","Jan 20 12:35 PM","January","Day","PIT","10-27","37","6","1","0","1","0","<span style="""">BAL</span> @ <span style=""font-weight:700;color:#1da561 !important"">PIT</span>"
"2001","19","2002-01-20 00:00:00","16","33","LAR","STL","12","GB","GB","45","17","54.0","-10.5","Dome","","","","","","","Jan 20 4:15 PM","January","Late","STL","17-45","62","10.5","1","0","1","0","<span style="""">GB</span> @ <span style=""font-weight:700;color:#1da561 !important"">STL</span>"
"2001","20","2002-01-27 00:00:00","12","24","PIT","PIT","18","NE","NE","17","24","37.0","-10","Turf","Partly Cloudy Day","54.41","","","14.71","222","Jan 27 12:35 PM","January","Day","PIT","24-17","41","10","1","0","0","1","<span style=""font-weight:700;color:#1da561 !important"">NE</span> @ <span style="""">PIT</span>"
"2001","20","2002-01-27 00:00:00","16","33","LAR","STL","23","PHI","PHI","29","24","49.0","-11","Dome","","","","","","","Jan 27 4:25 PM","January","Late","STL","24-29","53","11","1","0","0","1","<span style=""color:#1da561 !important"">PHI</span> @ <span style=""font-weight:700;"">STL</span>"
"2001","21","2002-02-04 00:00:00","18","18","NE","NE","33","LAR","STL","20","17","52.0","14","Dome","","","","","","","Feb 4 6:35 PM","February","Night","STL","17-20","37","14","0","1","0","1","<span style="""">STL</span> @ <span style=""font-weight:700;color:#1da561 !important"">NE</span>"
