season,week,recent_team,opponent_team,player_id,player_name,y_true,y_pred
2024,1,NYJ,SF,00-0023459,A.Rodgers,167.0,161.3294258917364
2024,1,NYJ,SF,00-0023459,A.Rodgers,176.0,158.90234156044127
2024,2,NYJ,TEN,00-0023459,A.Rodgers,176.0,178.94480671533577
2024,2,NYJ,TEN,00-0023459,A.Rodgers,281.0,188.0950095327404
2024,3,NYJ,NE,00-0023459,A.Rodgers,281.0,261.31904913968475
2024,3,NYJ,NE,00-0023459,A.Rodgers,225.0,247.01481574395658
2024,4,NYJ,DEN,00-0023459,A.Rodgers,225.0,214.49046513854486
2024,4,NYJ,DEN,00-0023459,A.Rodgers,244.0,219.20877404444073
2024,5,NYJ,MIN,00-0023459,A.Rodgers,244.0,234.22823809756918
2024,5,NYJ,MIN,00-0023459,A.Rodgers,294.0,225.3635578264355
2024,6,NYJ,BUF,00-0023459,A.Rodgers,294.0,261.0267872634998
2024,6,NYJ,BUF,00-0023459,A.Rodgers,276.0,269.9181583124151
2024,7,NYJ,PIT,00-0023459,A.Rodgers,276.0,262.0972123463812
2024,7,NYJ,PIT,00-0023459,A.Rodgers,233.0,261.93231344534325
2024,8,NYJ,NE,00-0023459,A.Rodgers,233.0,218.5361163797058
2024,8,NYJ,NE,00-0023459,A.Rodgers,211.0,228.51288842616827
2024,9,NYJ,HOU,00-0023459,A.Rodgers,211.0,236.0509087989832
2024,9,NYJ,HOU,00-0023459,A.Rodgers,151.0,233.76098846110736
2024,10,NYJ,ARI,00-0023459,A.Rodgers,151.0,194.07689872603737
2024,10,NYJ,ARI,00-0023459,A.Rodgers,184.0,195.6748161192096
2024,11,NYJ,IND,00-0023459,A.Rodgers,184.0,206.31033241617294
2024,11,NYJ,IND,00-0023459,A.Rodgers,185.0,208.10243183678452
2024,13,NYJ,SEA,00-0023459,A.Rodgers,185.0,203.86624191329304
2024,13,NYJ,SEA,00-0023459,A.Rodgers,339.0,203.7238942877554
2024,14,NYJ,MIA,00-0023459,A.Rodgers,339.0,316.3540114996408
2024,14,NYJ,MIA,00-0023459,A.Rodgers,289.0,275.8742842457721
2024,15,NYJ,JAX,00-0023459,A.Rodgers,289.0,266.47605886914965
2024,15,NYJ,JAX,00-0023459,A.Rodgers,256.0,260.12450567227984
2024,16,NYJ,LA,00-0023459,A.Rodgers,256.0,254.07052051527893
2024,16,NYJ,LA,00-0023459,A.Rodgers,112.0,249.12658092011415
2024,17,NYJ,BUF,00-0023459,A.Rodgers,112.0,137.30983070820395
2024,17,NYJ,BUF,00-0023459,A.Rodgers,274.0,173.4963752482141
2024,18,NYJ,MIA,00-0023459,A.Rodgers,274.0,262.7429245614937
2024,4,IND,PIT,00-0026158,J.Flacco,168.0,179.1970167352116
2024,4,IND,PIT,00-0026158,J.Flacco,359.0,218.46435566580413
2024,5,IND,JAX,00-0026158,J.Flacco,359.0,342.4122817586053
2024,5,IND,JAX,00-0026158,J.Flacco,189.0,270.8033082697832
2024,6,IND,TEN,00-0026158,J.Flacco,189.0,201.5208063736143
2024,6,IND,TEN,00-0026158,J.Flacco,179.0,215.07991511455205
2024,9,IND,MIN,00-0026158,J.Flacco,179.0,209.80668095869623
2024,9,IND,MIN,00-0026158,J.Flacco,272.0,209.38422784701234
2024,10,IND,BUF,00-0026158,J.Flacco,272.0,255.72668076483967
2024,10,IND,BUF,00-0026158,J.Flacco,330.0,244.86422211286487
2024,17,IND,NYG,00-0026158,J.Flacco,330.0,268.29175029422544
2024,17,IND,NYG,00-0026158,J.Flacco,264.0,274.39740436005195
2024,18,IND,JAX,00-0026158,J.Flacco,264.0,254.45985065093717
2024,4,BAL,BUF,00-0026300,J.Johnson,1.0,63.31745316605126
2024,4,BAL,BUF,00-0026300,J.Johnson,0.0,65.38050778092621
2024,9,BAL,DEN,00-0026300,J.Johnson,0.0,32.9806854990608
2024,9,BAL,DEN,00-0026300,J.Johnson,0.0,32.9806854990608
2024,15,BAL,NYG,00-0026300,J.Johnson,0.0,27.830911533271845
2024,15,BAL,NYG,00-0026300,J.Johnson,16.0,27.830911533271845
2024,17,BAL,HOU,00-0026300,J.Johnson,16.0,33.13939967377072
2024,1,LA,DET,00-0026498,M.Stafford,317.0,287.8621793338049
2024,1,LA,DET,00-0026498,M.Stafford,216.0,288.76610635185324
2024,2,LA,ARI,00-0026498,M.Stafford,216.0,232.43767115956655
2024,2,LA,ARI,00-0026498,M.Stafford,221.0,227.07659746451853
2024,3,LA,SF,00-0026498,M.Stafford,221.0,223.16264544978196
2024,3,LA,SF,00-0026498,M.Stafford,224.0,220.23772374572593
2024,4,LA,CHI,00-0026498,M.Stafford,224.0,222.52808187854225
2024,4,LA,CHI,00-0026498,M.Stafford,260.0,222.52808187854225
2024,5,LA,GB,00-0026498,M.Stafford,260.0,240.003541348211
2024,5,LA,GB,00-0026498,M.Stafford,154.0,239.5820319092953
2024,7,LA,LV,00-0026498,M.Stafford,154.0,161.5670215292109
2024,7,LA,LV,00-0026498,M.Stafford,279.0,191.98477865009497
2024,8,LA,MIN,00-0026498,M.Stafford,279.0,271.31629878689114
2024,8,LA,MIN,00-0026498,M.Stafford,298.0,256.6702487460773
2024,9,LA,SEA,00-0026498,M.Stafford,298.0,261.24725211344156
2024,9,LA,SEA,00-0026498,M.Stafford,293.0,260.21003631739484
2024,10,LA,MIA,00-0026498,M.Stafford,293.0,269.686221925911
2024,10,LA,MIA,00-0026498,M.Stafford,295.0,272.97632290543834
2024,11,LA,NE,00-0026498,M.Stafford,295.0,264.0867375983089
2024,11,LA,NE,00-0026498,M.Stafford,243.0,265.07091393569436
2024,12,LA,PHI,00-0026498,M.Stafford,243.0,242.58770873881105
2024,12,LA,PHI,00-0026498,M.Stafford,183.0,235.0372884912932
2024,13,LA,NO,00-0026498,M.Stafford,183.0,203.52005774642444
2024,13,LA,NO,00-0026498,M.Stafford,320.0,218.6988260216363
2024,14,LA,BUF,00-0026498,M.Stafford,320.0,306.3148650331528
2024,14,LA,BUF,00-0026498,M.Stafford,160.0,287.1751055342527
2024,15,LA,SF,00-0026498,M.Stafford,160.0,162.23197357970182
2024,15,LA,SF,00-0026498,M.Stafford,110.0,189.43417690354917
2024,16,LA,NYJ,00-0026498,M.Stafford,110.0,192.386808885816
2024,16,LA,NYJ,00-0026498,M.Stafford,189.0,180.7212333995491
2024,17,LA,ARI,00-0026498,M.Stafford,189.0,182.50518399368588
2024,17,LA,ARI,00-0026498,M.Stafford,209.0,191.7136754110554
2024,19,LA,MIN,00-0026498,M.Stafford,209.0,205.09280131912865
2024,19,LA,MIN,00-0026498,M.Stafford,324.0,208.6155943572626
2024,20,LA,PHI,00-0026498,M.Stafford,324.0,274.38134972817954
2024,1,CAR,NO,00-0027973,A.Dalton,0.0,21.485393523949206
2024,1,CAR,NO,00-0027973,A.Dalton,319.0,21.071342628338577
2024,3,CAR,LV,00-0027973,A.Dalton,319.0,308.29324874132885
2024,3,CAR,LV,00-0027973,A.Dalton,220.0,280.12308536704126
2024,4,CAR,CIN,00-0027973,A.Dalton,220.0,212.7892147812495
2024,4,CAR,CIN,00-0027973,A.Dalton,136.0,223.70604324019942
2024,5,CAR,CHI,00-0027973,A.Dalton,136.0,186.3196649251038
2024,5,CAR,CHI,00-0027973,A.Dalton,221.0,194.93250514597975
2024,6,CAR,ATL,00-0027973,A.Dalton,221.0,218.6186624870584
2024,6,CAR,ATL,00-0027973,A.Dalton,93.0,217.35265621755136
2024,7,CAR,WAS,00-0027973,A.Dalton,93.0,106.14271861866584
2024,1,NYJ,SF,00-0028118,T.Taylor,36.0,111.50859277424026
2024,1,NYJ,SF,00-0028118,T.Taylor,83.0,119.78365801541905
2024,17,NYJ,BUF,00-0028118,T.Taylor,83.0,132.9483061790667
2024,7,PIT,NYJ,00-0029263,R.Wilson,264.0,242.88086096179228
2024,7,PIT,NYJ,00-0029263,R.Wilson,278.0,239.20057283443796
2024,8,PIT,NYG,00-0029263,R.Wilson,278.0,260.05960070693374
2024,8,PIT,NYG,00-0029263,R.Wilson,195.0,255.15422637993757
2024,10,PIT,WAS,00-0029263,R.Wilson,195.0,192.0066387669239
2024,10,PIT,WAS,00-0029263,R.Wilson,205.0,189.53040082295655
2024,11,PIT,BAL,00-0029263,R.Wilson,205.0,222.4848542860909
2024,11,PIT,BAL,00-0029263,R.Wilson,270.0,220.33974504053376
2024,12,PIT,CLE,00-0029263,R.Wilson,270.0,253.68834422399112
2024,12,PIT,CLE,00-0029263,R.Wilson,414.0,256.0010334280498
2024,13,PIT,CIN,00-0029263,R.Wilson,414.0,320.07992368109547
2024,13,PIT,CIN,00-0029263,R.Wilson,158.0,294.2795210497798
2024,14,PIT,CLE,00-0029263,R.Wilson,158.0,163.95514438396603
2024,14,PIT,CLE,00-0029263,R.Wilson,128.0,175.01831686737103
2024,15,PIT,PHI,00-0029263,R.Wilson,128.0,188.3261860429325
2024,15,PIT,PHI,00-0029263,R.Wilson,217.0,175.61450653391694
2024,16,PIT,BAL,00-0029263,R.Wilson,217.0,213.6914024163421
2024,16,PIT,BAL,00-0029263,R.Wilson,205.0,218.32350641529555
2024,17,PIT,KC,00-0029263,R.Wilson,205.0,201.2976465920943
2024,17,PIT,KC,00-0029263,R.Wilson,148.0,207.70963083847374
2024,18,PIT,CIN,00-0029263,R.Wilson,148.0,197.89694676155398
2024,18,PIT,CIN,00-0029263,R.Wilson,270.0,183.30469319600948
2024,19,PIT,BAL,00-0029263,R.Wilson,270.0,259.9382026593436
2024,1,ATL,PIT,00-0029604,K.Cousins,155.0,180.4330038092253
2024,1,ATL,PIT,00-0029604,K.Cousins,241.0,206.90875996114127
2024,2,ATL,PHI,00-0029604,K.Cousins,241.0,234.17011102742035
2024,2,ATL,PHI,00-0029604,K.Cousins,230.0,228.69129773960609
2024,3,ATL,KC,00-0029604,K.Cousins,230.0,222.596593453298
2024,3,ATL,KC,00-0029604,K.Cousins,238.0,231.52894767902265
2024,4,ATL,NO,00-0029604,K.Cousins,238.0,237.82881036600324
2024,4,ATL,NO,00-0029604,K.Cousins,509.0,234.8524659862679
2024,5,ATL,TB,00-0029604,K.Cousins,509.0,373.6265522371791
2024,5,ATL,TB,00-0029604,K.Cousins,225.0,329.4766567365251
2024,6,ATL,CAR,00-0029604,K.Cousins,225.0,230.46535358065515
2024,6,ATL,CAR,00-0029604,K.Cousins,232.0,234.05897456208876
2024,7,ATL,SEA,00-0029604,K.Cousins,232.0,238.0813304627571
2024,7,ATL,SEA,00-0029604,K.Cousins,276.0,235.41847553604913
2024,8,ATL,TB,00-0029604,K.Cousins,276.0,246.51803869642427
2024,8,ATL,TB,00-0029604,K.Cousins,222.0,253.09414496995385
2024,9,ATL,DAL,00-0029604,K.Cousins,222.0,227.30785090827
2024,9,ATL,DAL,00-0029604,K.Cousins,306.0,236.2058002766312
2024,10,ATL,NO,00-0029604,K.Cousins,306.0,279.13403370206396
2024,10,ATL,NO,00-0029604,K.Cousins,173.0,268.7732512519473
2024,11,ATL,DEN,00-0029604,K.Cousins,173.0,191.92866911819632
2024,11,ATL,DEN,00-0029604,K.Cousins,245.0,198.58792185381958
2024,13,ATL,LAC,00-0029604,K.Cousins,245.0,239.9171507618577
2024,13,ATL,LAC,00-0029604,K.Cousins,344.0,234.0868540972509
2024,14,ATL,MIN,00-0029604,K.Cousins,344.0,307.9602616093748
2024,14,ATL,MIN,00-0029604,K.Cousins,112.0,267.32930183425674
2024,15,ATL,LV,00-0029604,K.Cousins,112.0,144.66086753069166
2024,1,SEA,DEN,00-0030565,G.Smith,171.0,204.89065350677643
2024,1,SEA,DEN,00-0030565,G.Smith,327.0,208.03112023526128
2024,2,SEA,NE,00-0030565,G.Smith,327.0,297.89835451525795
2024,2,SEA,NE,00-0030565,G.Smith,289.0,280.13900809467464
2024,3,SEA,MIA,00-0030565,G.Smith,289.0,267.60970902160454
2024,3,SEA,MIA,00-0030565,G.Smith,395.0,265.61771151217215
2024,4,SEA,DET,00-0030565,G.Smith,395.0,318.69739538482713
2024,4,SEA,DET,00-0030565,G.Smith,284.0,276.3105791105394
2024,5,SEA,NYG,00-0030565,G.Smith,284.0,277.25146195368666
2024,5,SEA,NYG,00-0030565,G.Smith,312.0,275.0637811604904
2024,6,SEA,SF,00-0030565,G.Smith,312.0,293.6182922237835
2024,6,SEA,SF,00-0030565,G.Smith,207.0,291.2157302689162
2024,7,SEA,ATL,00-0030565,G.Smith,207.0,218.47927154545275
2024,7,SEA,ATL,00-0030565,G.Smith,212.0,218.8132591651647
2024,8,SEA,BUF,00-0030565,G.Smith,212.0,240.69068227940048
2024,8,SEA,BUF,00-0030565,G.Smith,363.0,238.80875722815188
2024,9,SEA,LA,00-0030565,G.Smith,363.0,318.9467671334056
2024,9,SEA,LA,00-0030565,G.Smith,221.0,276.8196057959109
2024,11,SEA,SF,00-0030565,G.Smith,221.0,228.96280222579327
2024,11,SEA,SF,00-0030565,G.Smith,254.0,228.9943498910238
2024,12,SEA,ARI,00-0030565,G.Smith,254.0,251.57783889904604
2024,12,SEA,ARI,00-0030565,G.Smith,206.0,240.93148572788942
2024,13,SEA,NYJ,00-0030565,G.Smith,206.0,222.70899731629717
2024,13,SEA,NYJ,00-0030565,G.Smith,233.0,220.19620439554595
2024,14,SEA,ARI,00-0030565,G.Smith,233.0,243.13526318731613
2024,14,SEA,ARI,00-0030565,G.Smith,149.0,226.49195043575028
2024,15,SEA,GB,00-0030565,G.Smith,149.0,181.6650316867274
2024,15,SEA,GB,00-0030565,G.Smith,314.0,188.13412726342605
2024,16,SEA,MIN,00-0030565,G.Smith,314.0,297.0850425615357
2024,16,SEA,MIN,00-0030565,G.Smith,160.0,265.1453406444752
2024,17,SEA,CHI,00-0030565,G.Smith,160.0,161.01878008270833
2024,17,SEA,CHI,00-0030565,G.Smith,223.0,203.89275088763264
2024,18,SEA,LA,00-0030565,G.Smith,223.0,234.233435603066
2024,20,DET,WAS,00-0031237,T.Bridgewater,3.0,30.283847176525867
2024,1,NO,CAR,00-0031280,D.Carr,200.0,210.31533449915844
2024,1,NO,CAR,00-0031280,D.Carr,243.0,212.78613578487645
2024,2,NO,DAL,00-0031280,D.Carr,243.0,244.08850807623483
2024,2,NO,DAL,00-0031280,D.Carr,142.0,224.05468897768938
2024,3,NO,PHI,00-0031280,D.Carr,142.0,155.34861863807174
2024,3,NO,PHI,00-0031280,D.Carr,239.0,171.9121526804832
2024,4,NO,ATL,00-0031280,D.Carr,239.0,223.24470390664422
2024,4,NO,ATL,00-0031280,D.Carr,165.0,235.6072880116658
2024,5,NO,KC,00-0031280,D.Carr,165.0,170.94134654369364
2024,5,NO,KC,00-0031280,D.Carr,236.0,202.65271807136304
2024,9,NO,CAR,00-0031280,D.Carr,236.0,230.7989955017199
2024,9,NO,CAR,00-0031280,D.Carr,269.0,233.71963867006127
2024,10,NO,ATL,00-0031280,D.Carr,269.0,248.10300099570958
2024,10,NO,ATL,00-0031280,D.Carr,248.0,246.8113735484119
2024,11,NO,CLE,00-0031280,D.Carr,248.0,232.34339550000965
2024,11,NO,CLE,00-0031280,D.Carr,184.0,233.1331269166425
2024,13,NO,LA,00-0031280,D.Carr,184.0,209.73048236764902
2024,13,NO,LA,00-0031280,D.Carr,219.0,234.8021798566028
2024,14,NO,NYG,00-0031280,D.Carr,219.0,233.0234790755145
2024,18,LA,SEA,00-0031345,J.Garoppolo,334.0,316.2923777127559
2024,2,CLE,JAX,00-0031503,J.Winston,0.0,27.466265957610208
2024,2,CLE,JAX,00-0031503,J.Winston,0.0,27.466265957610208
2024,3,CLE,NYG,00-0031503,J.Winston,0.0,27.466265957610208
2024,3,CLE,NYG,00-0031503,J.Winston,16.0,27.466265957610208
2024,5,CLE,WAS,00-0031503,J.Winston,16.0,33.13939967377072
2024,5,CLE,WAS,00-0031503,J.Winston,67.0,33.13939967377072
2024,7,CLE,CIN,00-0031503,J.Winston,67.0,58.76833539453519
2024,7,CLE,CIN,00-0031503,J.Winston,334.0,61.130298266507374
2024,8,CLE,BAL,00-0031503,J.Winston,334.0,309.92069434224334
2024,8,CLE,BAL,00-0031503,J.Winston,235.0,273.0748874327857
2024,9,CLE,LAC,00-0031503,J.Winston,235.0,230.64475321519103
2024,9,CLE,LAC,00-0031503,J.Winston,395.0,236.42576562392776
2024,11,CLE,NO,00-0031503,J.Winston,395.0,361.87282007142664
2024,11,CLE,NO,00-0031503,J.Winston,219.0,296.062108038648
2024,12,CLE,PIT,00-0031503,J.Winston,219.0,226.17766574647626
2024,12,CLE,PIT,00-0031503,J.Winston,497.0,227.6790993987914
2024,13,CLE,DEN,00-0031503,J.Winston,497.0,413.05444590282633
2024,13,CLE,DEN,00-0031503,J.Winston,212.0,348.60348274403185
2024,14,CLE,PIT,00-0031503,J.Winston,212.0,228.74609638970745
2024,14,CLE,PIT,00-0031503,J.Winston,146.0,234.77269517320374
2024,15,CLE,KC,00-0031503,J.Winston,146.0,211.72208573438922
2024,3,LAC,PIT,00-0031800,T.Heinicke,24.0,38.41250308994687
2024,3,LAC,PIT,00-0031800,T.Heinicke,0.0,67.36435161815004
2024,14,LAC,KC,00-0031800,T.Heinicke,0.0,34.350721408376856
2024,14,LAC,KC,00-0031800,T.Heinicke,4.0,32.9806854990608
2024,15,LAC,TB,00-0031800,T.Heinicke,4.0,33.13939967377072
2024,15,LAC,TB,00-0031800,T.Heinicke,0.0,33.13939967377072
2024,17,LAC,NE,00-0031800,T.Heinicke,0.0,33.13939967377072
2024,5,WAS,CLE,00-0032268,M.Mariota,-2.0,63.13278928539636
2024,5,WAS,CLE,00-0032268,M.Mariota,205.0,73.25766479948771
2024,7,WAS,CAR,00-0032268,M.Mariota,205.0,196.07440505810192
2024,7,WAS,CAR,00-0032268,M.Mariota,161.0,191.2171992570549
2024,18,WAS,DAL,00-0032268,M.Mariota,161.0,162.43005799735786
2024,18,WAS,DAL,00-0032268,M.Mariota,0.0,163.66623293983224
2024,19,WAS,TB,00-0032268,M.Mariota,0.0,65.41175434329315
2024,19,WAS,TB,00-0032268,M.Mariota,0.0,37.25199872781908
2024,20,WAS,DET,00-0032268,M.Mariota,0.0,24.61071346036536
2024,1,SF,NYJ,00-0032434,B.Allen,0.0,33.93035695202167
2024,1,SF,NYJ,00-0032434,B.Allen,199.0,32.9839643704847
2024,12,SF,GB,00-0032434,B.Allen,199.0,183.309279690306
2024,12,SF,GB,00-0032434,B.Allen,0.0,178.45207388925894
2024,14,SF,CHI,00-0032434,B.Allen,0.0,26.205386813714554
2024,15,KC,CLE,00-0032950,C.Wentz,20.0,46.04511287674474
2024,15,KC,CLE,00-0032950,C.Wentz,98.0,66.02947756947171
2024,18,KC,DEN,00-0032950,C.Wentz,98.0,99.76117539654834
2024,1,DAL,CLE,00-0033077,D.Prescott,179.0,204.6812509492906
2024,1,DAL,CLE,00-0033077,D.Prescott,293.0,210.0130393238251
2024,2,DAL,NO,00-0033077,D.Prescott,293.0,279.78700485518704
2024,2,DAL,NO,00-0033077,D.Prescott,379.0,273.920791904266
2024,3,DAL,BAL,00-0033077,D.Prescott,379.0,286.82429548077914
2024,3,DAL,BAL,00-0033077,D.Prescott,221.0,273.86891216181573
2024,4,DAL,NYG,00-0033077,D.Prescott,221.0,232.8710641073696
2024,4,DAL,NYG,00-0033077,D.Prescott,352.0,231.08375310594107
2024,5,DAL,PIT,00-0033077,D.Prescott,352.0,342.95105381691457
2024,5,DAL,PIT,00-0033077,D.Prescott,178.0,281.7584482261795
2024,6,DAL,DET,00-0033077,D.Prescott,178.0,195.31925514137924
2024,6,DAL,DET,00-0033077,D.Prescott,243.0,210.42217250719548
2024,8,DAL,SF,00-0033077,D.Prescott,243.0,247.23846904345322
2024,8,DAL,SF,00-0033077,D.Prescott,133.0,234.24427813016965
2024,9,DAL,ATL,00-0033077,D.Prescott,133.0,152.00765184091188
2024,1,DET,LA,00-0033106,J.Goff,217.0,224.7086058505146
2024,1,DET,LA,00-0033106,J.Goff,307.0,233.8052647068843
2024,2,DET,TB,00-0033106,J.Goff,307.0,288.362132173279
2024,2,DET,TB,00-0033106,J.Goff,199.0,275.77990085336495
2024,3,DET,ARI,00-0033106,J.Goff,199.0,199.58375849194502
2024,3,DET,ARI,00-0033106,J.Goff,292.0,213.13910445092827
2024,4,DET,SEA,00-0033106,J.Goff,292.0,279.118593542901
2024,4,DET,SEA,00-0033106,J.Goff,315.0,265.2347814436224
2024,6,DET,DAL,00-0033106,J.Goff,315.0,274.3260386578692
2024,6,DET,DAL,00-0033106,J.Goff,280.0,277.33503822867146
2024,7,DET,MIN,00-0033106,J.Goff,280.0,258.68776799716676
2024,7,DET,MIN,00-0033106,J.Goff,85.0,260.3146088132805
2024,8,DET,TEN,00-0033106,J.Goff,85.0,141.47711868649833
2024,8,DET,TEN,00-0033106,J.Goff,145.0,174.90809164379127
2024,9,DET,GB,00-0033106,J.Goff,145.0,156.6711791959986
2024,9,DET,GB,00-0033106,J.Goff,240.0,162.8870314743243
2024,10,DET,HOU,00-0033106,J.Goff,240.0,201.2135082811624
2024,10,DET,HOU,00-0033106,J.Goff,412.0,213.4642070908672
2024,11,DET,JAX,00-0033106,J.Goff,412.0,371.8917909079032
2024,11,DET,JAX,00-0033106,J.Goff,269.0,327.55767454042297
2024,12,DET,IND,00-0033106,J.Goff,269.0,264.5481960012896
2024,12,DET,IND,00-0033106,J.Goff,221.0,261.74601617560626
2024,13,DET,CHI,00-0033106,J.Goff,221.0,235.99459600145144
2024,13,DET,CHI,00-0033106,J.Goff,283.0,234.79925392712636
2024,14,DET,GB,00-0033106,J.Goff,283.0,262.49467280419077
2024,14,DET,GB,00-0033106,J.Goff,494.0,257.4509669260927
2024,15,DET,BUF,00-0033106,J.Goff,494.0,359.3540597892709
2024,15,DET,BUF,00-0033106,J.Goff,336.0,328.45119714380763
2024,16,DET,CHI,00-0033106,J.Goff,336.0,299.5672128215457
2024,16,DET,CHI,00-0033106,J.Goff,303.0,309.9104141615621
2024,17,DET,SF,00-0033106,J.Goff,303.0,284.20303852603786
2024,17,DET,SF,00-0033106,J.Goff,231.0,281.260858292298
2024,18,DET,MIN,00-0033106,J.Goff,231.0,236.65186853584615
2024,18,DET,MIN,00-0033106,J.Goff,313.0,234.66236161874434
2024,20,DET,WAS,00-0033106,J.Goff,313.0,292.9761209670426
2024,1,NE,CIN,00-0033119,J.Brissett,121.0,138.2630413745568
2024,1,NE,CIN,00-0033119,J.Brissett,149.0,144.2123506556758
2024,2,NE,SEA,00-0033119,J.Brissett,149.0,174.21242767165276
2024,2,NE,SEA,00-0033119,J.Brissett,98.0,161.46082712879095
2024,3,NE,NYJ,00-0033119,J.Brissett,98.0,127.5494473023189
2024,3,NE,NYJ,00-0033119,J.Brissett,168.0,126.75374840423764
2024,4,NE,SF,00-0033119,J.Brissett,168.0,155.54770120012205
2024,4,NE,SF,00-0033119,J.Brissett,160.0,156.95774563049238
2024,5,NE,MIA,00-0033119,J.Brissett,160.0,164.7272098557405
2024,5,NE,MIA,00-0033119,J.Brissett,132.0,173.37414096476874
2024,8,NE,NYJ,00-0033119,J.Brissett,132.0,169.10940743261506
2024,8,NE,NYJ,00-0033119,J.Brissett,-2.0,164.60226436752606
2024,17,NE,LAC,00-0033119,J.Brissett,-2.0,43.761294314426706
2024,3,MIN,HOU,00-0033319,N.Mullens,0.0,14.141289356298653
2024,3,MIN,HOU,00-0033319,N.Mullens,24.0,33.34489603592097
2024,5,MIN,NYJ,00-0033319,N.Mullens,24.0,27.17162541048056
2024,5,MIN,NYJ,00-0033319,N.Mullens,14.0,30.87199749099798
2024,12,MIN,CHI,00-0033319,N.Mullens,14.0,33.13939967377072
2024,12,MIN,CHI,00-0033319,N.Mullens,0.0,33.13939967377072
2024,14,MIN,ATL,00-0033319,N.Mullens,0.0,33.13939967377072
2024,1,CLE,DAL,00-0033537,D.Watson,169.0,194.58973967670218
2024,1,CLE,DAL,00-0033537,D.Watson,186.0,208.8802764173496
2024,2,CLE,JAX,00-0033537,D.Watson,186.0,215.7419633548039
2024,2,CLE,JAX,00-0033537,D.Watson,196.0,218.7671544625696
2024,3,CLE,NYG,00-0033537,D.Watson,196.0,208.90929429537664
2024,3,CLE,NYG,00-0033537,D.Watson,176.0,211.86017781898562
2024,4,CLE,LV,00-0033537,D.Watson,176.0,208.87483958901063
2024,4,CLE,LV,00-0033537,D.Watson,125.0,211.38725116351335
2024,5,CLE,WAS,00-0033537,D.Watson,125.0,179.41296394157948
2024,5,CLE,WAS,00-0033537,D.Watson,168.0,161.1861299930968
2024,6,CLE,PHI,00-0033537,D.Watson,168.0,173.99532923950727
2024,6,CLE,PHI,00-0033537,D.Watson,128.0,172.0790754879546
2024,7,CLE,CIN,00-0033537,D.Watson,128.0,160.40762508479068
2024,1,DAL,CLE,00-0033662,C.Rush,0.0,36.296350762684185
2024,1,DAL,CLE,00-0033662,C.Rush,6.0,35.08418163288639
2024,2,DAL,NO,00-0033662,C.Rush,6.0,39.86207195739586
2024,2,DAL,NO,00-0033662,C.Rush,46.0,37.91728999828019
2024,6,DAL,DET,00-0033662,C.Rush,46.0,73.78253135765908
2024,6,DAL,DET,00-0033662,C.Rush,115.0,105.86731973140365
2024,9,DAL,ATL,00-0033662,C.Rush,115.0,118.50677797149591
2024,9,DAL,ATL,00-0033662,C.Rush,45.0,131.93477399351212
2024,10,DAL,PHI,00-0033662,C.Rush,45.0,104.42613175652637
2024,10,DAL,PHI,00-0033662,C.Rush,354.0,111.71207635893545
2024,11,DAL,HOU,00-0033662,C.Rush,354.0,340.5081093356043
2024,11,DAL,HOU,00-0033662,C.Rush,247.0,306.3345645873298
2024,12,DAL,WAS,00-0033662,C.Rush,247.0,232.60141189708176
2024,12,DAL,WAS,00-0033662,C.Rush,195.0,239.5358865215373
2024,13,DAL,NYG,00-0033662,C.Rush,195.0,224.35019455048183
2024,13,DAL,NYG,00-0033662,C.Rush,183.0,232.52962902225696
2024,14,DAL,CIN,00-0033662,C.Rush,183.0,208.64278371230608
2024,14,DAL,CIN,00-0033662,C.Rush,214.0,197.86131375256699
2024,15,DAL,CAR,00-0033662,C.Rush,214.0,216.54263003321486
2024,15,DAL,CAR,00-0033662,C.Rush,292.0,220.37199152868072
2024,16,DAL,TB,00-0033662,C.Rush,292.0,249.6230151158935
2024,16,DAL,TB,00-0033662,C.Rush,147.0,246.63355930780358
2024,17,DAL,PHI,00-0033662,C.Rush,147.0,150.33484835404775
2024,2,BUF,MIA,00-0033869,M.Trubisky,0.0,42.27141257073833
2024,2,BUF,MIA,00-0033869,M.Trubisky,3.0,38.509450337508916
2024,3,BUF,JAX,00-0033869,M.Trubisky,3.0,30.87199749099798
2024,3,BUF,JAX,00-0033869,M.Trubisky,2.0,35.05642723306944
2024,4,BUF,BAL,00-0033869,M.Trubisky,2.0,33.13939967377072
2024,4,BUF,BAL,00-0033869,M.Trubisky,0.0,33.13939967377072
2024,8,BUF,SEA,00-0033869,M.Trubisky,0.0,33.13939967377072
2024,8,BUF,SEA,00-0033869,M.Trubisky,0.0,33.13939967377072
2024,10,BUF,IND,00-0033869,M.Trubisky,0.0,27.466265957610208
2024,10,BUF,IND,00-0033869,M.Trubisky,4.0,27.466265957610208
2024,13,BUF,SF,00-0033869,M.Trubisky,4.0,33.13939967377072
2024,13,BUF,SF,00-0033869,M.Trubisky,69.0,33.13939967377072
2024,17,BUF,NYJ,00-0033869,M.Trubisky,69.0,44.252018497451324
2024,17,BUF,NYJ,00-0033869,M.Trubisky,101.0,44.252018497451324
2024,18,BUF,NE,00-0033869,M.Trubisky,101.0,112.91695946764429
2024,18,BUF,NE,00-0033869,M.Trubisky,0.0,116.61124216918387
2024,19,BUF,DEN,00-0033869,M.Trubisky,0.0,38.21086301418996
2024,1,KC,BAL,00-0033873,P.Mahomes,291.0,274.7230254168922
2024,1,KC,BAL,00-0033873,P.Mahomes,151.0,269.8642885711338
2024,2,KC,CIN,00-0033873,P.Mahomes,151.0,174.691526775388
2024,2,KC,CIN,00-0033873,P.Mahomes,217.0,216.5852514210831
2024,3,KC,ATL,00-0033873,P.Mahomes,217.0,233.7507258786129
2024,3,KC,ATL,00-0033873,P.Mahomes,245.0,228.1896057834534
2024,4,KC,LAC,00-0033873,P.Mahomes,245.0,230.35737706913636
2024,4,KC,LAC,00-0033873,P.Mahomes,331.0,233.75375500810787
2024,5,KC,NO,00-0033873,P.Mahomes,331.0,304.2554834489913
2024,5,KC,NO,00-0033873,P.Mahomes,154.0,271.00878652268636
2024,7,KC,SF,00-0033873,P.Mahomes,154.0,158.6157133498674
2024,7,KC,SF,00-0033873,P.Mahomes,262.0,203.50933519397472
2024,8,KC,LV,00-0033873,P.Mahomes,262.0,249.3729125403319
2024,8,KC,LV,00-0033873,P.Mahomes,291.0,248.76419307706496
2024,9,KC,TB,00-0033873,P.Mahomes,291.0,239.03230973240022
2024,9,KC,TB,00-0033873,P.Mahomes,266.0,266.07725833356733
2024,10,KC,DEN,00-0033873,P.Mahomes,266.0,265.2810533227693
2024,10,KC,DEN,00-0033873,P.Mahomes,196.0,269.6006201878585
2024,11,KC,BUF,00-0033873,P.Mahomes,196.0,216.29349700945718
2024,11,KC,BUF,00-0033873,P.Mahomes,269.0,215.50119836398875
2024,12,KC,CAR,00-0033873,P.Mahomes,269.0,256.8951944983865
2024,12,KC,CAR,00-0033873,P.Mahomes,306.0,237.0886300872457
2024,13,KC,LV,00-0033873,P.Mahomes,306.0,266.736673603842
2024,13,KC,LV,00-0033873,P.Mahomes,210.0,270.27144928932034
2024,14,KC,LAC,00-0033873,P.Mahomes,210.0,226.352406722974
2024,14,KC,LAC,00-0033873,P.Mahomes,159.0,232.2325355668167
2024,15,KC,CLE,00-0033873,P.Mahomes,159.0,219.87732142717763
2024,15,KC,CLE,00-0033873,P.Mahomes,260.0,217.72855175077922
2024,16,KC,HOU,00-0033873,P.Mahomes,260.0,245.03256645371928
2024,16,KC,HOU,00-0033873,P.Mahomes,320.0,241.05620319566216
2024,17,KC,PIT,00-0033873,P.Mahomes,320.0,289.78626128094476
2024,17,KC,PIT,00-0033873,P.Mahomes,177.0,274.52502316519417
2024,20,KC,HOU,00-0033873,P.Mahomes,177.0,193.71374916908346
2024,20,KC,HOU,00-0033873,P.Mahomes,245.0,212.5484511639819
2024,21,KC,BUF,00-0033873,P.Mahomes,245.0,241.28542300734105
2024,21,KC,BUF,00-0033873,P.Mahomes,257.0,231.16840305518673
2024,22,KC,PHI,00-0033873,P.Mahomes,257.0,241.7235084611571
2024,17,SF,DET,00-0033949,J.Dobbs,35.0,90.9778983904689
2024,17,SF,DET,00-0033949,J.Dobbs,326.0,67.40716777497072
2024,18,SF,ARI,00-0033949,J.Dobbs,326.0,309.1266387603304
2024,3,MIA,SEA,00-0034177,T.Boyle,79.0,124.50974322186882
2024,3,MIA,SEA,00-0034177,T.Boyle,74.0,131.96463194768018
2024,7,MIA,IND,00-0034177,T.Boyle,74.0,131.26548809614644
2024,7,MIA,IND,00-0034177,T.Boyle,123.0,131.26548809614644
2024,15,NYG,BAL,00-0034177,T.Boyle,123.0,136.23178622926875
2024,18,BUF,NE,00-0034401,M.White,28.0,40.60440261280443
2024,5,PIT,DAL,00-0034577,K.Allen,19.0,33.13939967377072
2024,4,TEN,MIA,00-0034771,M.Rudolph,85.0,107.1109575702622
2024,4,TEN,MIA,00-0034771,M.Rudolph,215.0,170.15481955884516
2024,7,TEN,BUF,00-0034771,M.Rudolph,215.0,220.61448852430945
2024,7,TEN,BUF,00-0034771,M.Rudolph,266.0,220.85978609654006
2024,8,TEN,DET,00-0034771,M.Rudolph,266.0,252.27532604634015
2024,8,TEN,DET,00-0034771,M.Rudolph,240.0,229.68024735560346
2024,9,TEN,NE,00-0034771,M.Rudolph,240.0,236.06678410216892
2024,9,TEN,NE,00-0034771,M.Rudolph,209.0,237.73177542347733
2024,15,TEN,CIN,00-0034771,M.Rudolph,209.0,232.48024462145833
2024,15,TEN,CIN,00-0034771,M.Rudolph,252.0,226.27808725233837
2024,16,TEN,IND,00-0034771,M.Rudolph,252.0,247.58043228388962
2024,16,TEN,IND,00-0034771,M.Rudolph,193.0,241.82026774681364
2024,17,TEN,JAX,00-0034771,M.Rudolph,193.0,210.3116768415077
2024,17,TEN,JAX,00-0034771,M.Rudolph,70.0,225.00733214794664
2024,18,TEN,HOU,00-0034771,M.Rudolph,70.0,148.99462350873068
2024,1,BAL,KC,00-0034796,L.Jackson,273.0,242.73941565935294
2024,1,BAL,KC,00-0034796,L.Jackson,247.0,259.0363703360711
2024,2,BAL,LV,00-0034796,L.Jackson,247.0,231.66333420301174
2024,2,BAL,LV,00-0034796,L.Jackson,182.0,233.84370402462096
2024,3,BAL,DAL,00-0034796,L.Jackson,182.0,197.05912119821832
2024,3,BAL,DAL,00-0034796,L.Jackson,156.0,205.6097710532003
2024,4,BAL,BUF,00-0034796,L.Jackson,156.0,175.45976191273664
2024,4,BAL,BUF,00-0034796,L.Jackson,348.0,185.5467816275258
2024,5,BAL,CIN,00-0034796,L.Jackson,348.0,309.11635715501205
2024,5,BAL,CIN,00-0034796,L.Jackson,323.0,314.24742689603625
2024,6,BAL,WAS,00-0034796,L.Jackson,323.0,284.76623560382706
2024,6,BAL,WAS,00-0034796,L.Jackson,281.0,272.884246381071
2024,7,BAL,TB,00-0034796,L.Jackson,281.0,262.66378841097935
2024,7,BAL,TB,00-0034796,L.Jackson,289.0,264.31536271570013
2024,8,BAL,CLE,00-0034796,L.Jackson,289.0,266.4699573763016
2024,8,BAL,CLE,00-0034796,L.Jackson,280.0,269.94770545155274
2024,9,BAL,DEN,00-0034796,L.Jackson,280.0,256.76634823733474
2024,9,BAL,DEN,00-0034796,L.Jackson,290.0,258.97403345214195
2024,10,BAL,CIN,00-0034796,L.Jackson,290.0,273.48472094136883
2024,10,BAL,CIN,00-0034796,L.Jackson,207.0,273.48472094136883
2024,11,BAL,PIT,00-0034796,L.Jackson,207.0,205.0349449732809
2024,11,BAL,PIT,00-0034796,L.Jackson,177.0,210.52261328361817
2024,12,BAL,LAC,00-0034796,L.Jackson,177.0,214.8743132709195
2024,12,BAL,LAC,00-0034796,L.Jackson,237.0,198.22442518220612
2024,13,BAL,PHI,00-0034796,L.Jackson,237.0,234.6653548295694
2024,13,BAL,PHI,00-0034796,L.Jackson,290.0,232.82798078798743
2024,15,BAL,NYG,00-0034796,L.Jackson,290.0,249.08133538893898
2024,15,BAL,NYG,00-0034796,L.Jackson,207.0,261.3824150356864
2024,16,BAL,PIT,00-0034796,L.Jackson,207.0,208.000858695124
2024,16,BAL,PIT,00-0034796,L.Jackson,168.0,209.42696200712
2024,17,BAL,HOU,00-0034796,L.Jackson,168.0,193.31408824585796
2024,17,BAL,HOU,00-0034796,L.Jackson,217.0,191.00183173754596
2024,18,BAL,CLE,00-0034796,L.Jackson,217.0,212.69167159512696
2024,18,BAL,CLE,00-0034796,L.Jackson,175.0,207.1413164518374
2024,19,BAL,PIT,00-0034796,L.Jackson,175.0,181.1435197661426
2024,19,BAL,PIT,00-0034796,L.Jackson,254.0,190.62283369764225
2024,20,BAL,BUF,00-0034796,L.Jackson,254.0,236.4677185894666
2024,1,TB,WAS,00-0034855,B.Mayfield,289.0,270.6631086476327
2024,1,TB,WAS,00-0034855,B.Mayfield,185.0,273.0355060734104
2024,2,TB,DET,00-0034855,B.Mayfield,185.0,191.37289848677608
2024,2,TB,DET,00-0034855,B.Mayfield,163.0,193.5087597080239
2024,3,TB,DEN,00-0034855,B.Mayfield,163.0,198.8636381658848
2024,3,TB,DEN,00-0034855,B.Mayfield,347.0,194.9465801269413
2024,4,TB,PHI,00-0034855,B.Mayfield,347.0,320.79921618201547
2024,4,TB,PHI,00-0034855,B.Mayfield,180.0,309.4889470129282
2024,5,TB,ATL,00-0034855,B.Mayfield,180.0,195.19713734180607
2024,5,TB,ATL,00-0034855,B.Mayfield,325.0,209.12967571132458
2024,6,TB,NO,00-0034855,B.Mayfield,325.0,307.31519654455315
2024,6,TB,NO,00-0034855,B.Mayfield,370.0,265.063729260742
2024,7,TB,BAL,00-0034855,B.Mayfield,370.0,288.3469229865525
2024,7,TB,BAL,00-0034855,B.Mayfield,330.0,295.59100235259274
2024,8,TB,ATL,00-0034855,B.Mayfield,330.0,289.13047437292425
2024,8,TB,ATL,00-0034855,B.Mayfield,200.0,283.3644706405087
2024,9,TB,KC,00-0034855,B.Mayfield,200.0,213.02620667141068
2024,9,TB,KC,00-0034855,B.Mayfield,116.0,216.65392013974972
2024,10,TB,SF,00-0034855,B.Mayfield,116.0,188.36592029798908
2024,10,TB,SF,00-0034855,B.Mayfield,294.0,194.75242303783725
2024,12,TB,NYG,00-0034855,B.Mayfield,294.0,279.64871742328677
2024,12,TB,NYG,00-0034855,B.Mayfield,235.0,259.2425929569371
2024,13,TB,CAR,00-0034855,B.Mayfield,235.0,219.58990262806435
2024,13,TB,CAR,00-0034855,B.Mayfield,295.0,228.54389986645307
2024,14,TB,LV,00-0034855,B.Mayfield,295.0,258.8972004524716
2024,14,TB,LV,00-0034855,B.Mayfield,288.0,257.4111770232933
2024,15,TB,LAC,00-0034855,B.Mayfield,288.0,264.03063209460794
2024,15,TB,LAC,00-0034855,B.Mayfield,303.0,268.6093338765449
2024,16,TB,DAL,00-0034855,B.Mayfield,303.0,276.7847532888089
2024,16,TB,DAL,00-0034855,B.Mayfield,359.0,276.741999898753
2024,17,TB,CAR,00-0034855,B.Mayfield,359.0,301.43872811979065
2024,17,TB,CAR,00-0034855,B.Mayfield,221.0,286.930363587776
2024,18,TB,NO,00-0034855,B.Mayfield,221.0,235.30304030027122
2024,18,TB,NO,00-0034855,B.Mayfield,185.0,233.72974861709383
2024,19,TB,WAS,00-0034855,B.Mayfield,185.0,238.54967649884313
2024,1,BUF,ARI,00-0034857,J.Allen,232.0,220.32186035657702
2024,1,BUF,ARI,00-0034857,J.Allen,139.0,212.85024915522345
2024,2,BUF,MIA,00-0034857,J.Allen,139.0,177.19935833049908
2024,2,BUF,MIA,00-0034857,J.Allen,263.0,196.40715383368044
2024,3,BUF,JAX,00-0034857,J.Allen,263.0,237.52274735456712
2024,3,BUF,JAX,00-0034857,J.Allen,180.0,241.5208486862008
2024,4,BUF,BAL,00-0034857,J.Allen,180.0,200.53180697650873
2024,4,BUF,BAL,00-0034857,J.Allen,131.0,199.96772497670122
2024,5,BUF,HOU,00-0034857,J.Allen,131.0,192.7041754487917
2024,5,BUF,HOU,00-0034857,J.Allen,215.0,178.37395791663226
2024,6,BUF,NYJ,00-0034857,J.Allen,215.0,198.4449993896105
2024,6,BUF,NYJ,00-0034857,J.Allen,323.0,208.52350691790812
2024,7,BUF,TEN,00-0034857,J.Allen,323.0,262.0914358916491
2024,7,BUF,TEN,00-0034857,J.Allen,283.0,288.32061083757975
2024,8,BUF,SEA,00-0034857,J.Allen,283.0,255.55947203552077
2024,8,BUF,SEA,00-0034857,J.Allen,235.0,265.1457706020211
2024,9,BUF,MIA,00-0034857,J.Allen,235.0,239.14449059328481
2024,9,BUF,MIA,00-0034857,J.Allen,280.0,236.25178393506133
2024,10,BUF,IND,00-0034857,J.Allen,280.0,255.43323579725435
2024,10,BUF,IND,00-0034857,J.Allen,262.0,249.6722904691406
2024,11,BUF,KC,00-0034857,J.Allen,262.0,252.32446682466522
2024,11,BUF,KC,00-0034857,J.Allen,148.0,247.45583187827933
2024,13,BUF,SF,00-0034857,J.Allen,148.0,152.7652772591113
2024,13,BUF,SF,00-0034857,J.Allen,342.0,194.26817124129485
2024,14,BUF,LA,00-0034857,J.Allen,342.0,315.66889969903923
2024,14,BUF,LA,00-0034857,J.Allen,362.0,278.87191167878615
2024,15,BUF,DET,00-0034857,J.Allen,362.0,298.48271013948585
2024,15,BUF,DET,00-0034857,J.Allen,154.0,305.6710682044415
2024,16,BUF,NE,00-0034857,J.Allen,154.0,174.3347569539754
2024,16,BUF,NE,00-0034857,J.Allen,182.0,167.7552940840243
2024,17,BUF,NYJ,00-0034857,J.Allen,182.0,204.71256801599122
2024,17,BUF,NYJ,00-0034857,J.Allen,272.0,203.6028551404477
2024,19,BUF,DEN,00-0034857,J.Allen,272.0,260.886037241129
2024,19,BUF,DEN,00-0034857,J.Allen,127.0,241.97730047944572
2024,20,BUF,BAL,00-0034857,J.Allen,127.0,137.03516818246746
2024,20,BUF,BAL,00-0034857,J.Allen,237.0,176.59508360068713
2024,21,BUF,KC,00-0034857,J.Allen,237.0,235.5227579446987
2024,1,MIN,NYG,00-0034869,S.Darnold,208.0,183.13369659802
2024,1,MIN,NYG,00-0034869,S.Darnold,268.0,200.09354506139871
2024,2,MIN,SF,00-0034869,S.Darnold,268.0,251.52228000707814
2024,2,MIN,SF,00-0034869,S.Darnold,181.0,249.3064003461558
2024,3,MIN,HOU,00-0034869,S.Darnold,181.0,190.09838070215375
2024,3,MIN,HOU,00-0034869,S.Darnold,275.0,214.02861307733497
2024,4,MIN,GB,00-0034869,S.Darnold,275.0,265.5276447556077
2024,4,MIN,GB,00-0034869,S.Darnold,179.0,257.9303277884767
2024,5,MIN,NYJ,00-0034869,S.Darnold,179.0,186.30629510612374
2024,5,MIN,NYJ,00-0034869,S.Darnold,259.0,217.53118712989044
2024,7,MIN,DET,00-0034869,S.Darnold,259.0,250.44183260520208
2024,7,MIN,DET,00-0034869,S.Darnold,240.0,248.11994420706202
2024,8,MIN,LA,00-0034869,S.Darnold,240.0,229.19089762092082
2024,8,MIN,LA,00-0034869,S.Darnold,290.0,239.249076960499
2024,9,MIN,IND,00-0034869,S.Darnold,290.0,271.41700313734736
2024,9,MIN,IND,00-0034869,S.Darnold,241.0,261.89948685394756
2024,10,MIN,JAX,00-0034869,S.Darnold,241.0,237.91660112378568
2024,10,MIN,JAX,00-0034869,S.Darnold,246.0,236.56555441284914
2024,11,MIN,TEN,00-0034869,S.Darnold,246.0,238.05502473513562
2024,11,MIN,TEN,00-0034869,S.Darnold,330.0,238.91291199361532
2024,12,MIN,CHI,00-0034869,S.Darnold,330.0,295.42887157245855
2024,12,MIN,CHI,00-0034869,S.Darnold,235.0,263.6217052306443
2024,13,MIN,ARI,00-0034869,S.Darnold,235.0,238.19140585082746
2024,13,MIN,ARI,00-0034869,S.Darnold,347.0,228.1143934570256
2024,14,MIN,ATL,00-0034869,S.Darnold,347.0,315.6866760450054
2024,14,MIN,ATL,00-0034869,S.Darnold,231.0,284.50368962363325
2024,15,MIN,CHI,00-0034869,S.Darnold,231.0,233.70828312796712
2024,15,MIN,CHI,00-0034869,S.Darnold,246.0,237.48526442914493
2024,16,MIN,SEA,00-0034869,S.Darnold,246.0,241.03971427651234
2024,16,MIN,SEA,00-0034869,S.Darnold,377.0,234.6328440284622
2024,17,MIN,GB,00-0034869,S.Darnold,377.0,324.8481777414019
2024,17,MIN,GB,00-0034869,S.Darnold,166.0,298.93663008754044
2024,18,MIN,DET,00-0034869,S.Darnold,166.0,179.3864263024595
2024,18,MIN,DET,00-0034869,S.Darnold,245.0,188.98764234589365
2024,19,MIN,LA,00-0034869,S.Darnold,245.0,239.35317235884116
2024,9,CIN,LV,00-0035100,J.Browning,0.0,42.27141257073833
2024,9,CIN,LV,00-0035100,J.Browning,0.0,39.74444200057747
2024,16,CIN,CLE,00-0035100,J.Browning,0.0,25.198863774837474
2024,1,ARI,BUF,00-0035228,K.Murray,162.0,174.47134465085387
2024,1,ARI,BUF,00-0035228,K.Murray,266.0,214.47443241168065
2024,2,ARI,LA,00-0035228,K.Murray,266.0,265.8192717044032
2024,2,ARI,LA,00-0035228,K.Murray,207.0,262.94439299817213
2024,3,ARI,DET,00-0035228,K.Murray,207.0,206.61263099386372
2024,3,ARI,DET,00-0035228,K.Murray,142.0,213.47246016789518
2024,4,ARI,WAS,00-0035228,K.Murray,142.0,197.82841288605928
2024,4,ARI,WAS,00-0035228,K.Murray,195.0,189.16201845262322
2024,5,ARI,SF,00-0035228,K.Murray,195.0,212.4828842876043
2024,5,ARI,SF,00-0035228,K.Murray,214.0,209.18588361814636
2024,6,ARI,GB,00-0035228,K.Murray,214.0,215.42848767090805
2024,6,ARI,GB,00-0035228,K.Murray,145.0,220.27681914721902
2024,7,ARI,LAC,00-0035228,K.Murray,145.0,172.3647539160323
2024,7,ARI,LAC,00-0035228,K.Murray,307.0,184.6905549226524
2024,8,ARI,MIA,00-0035228,K.Murray,307.0,295.5517614701754
2024,8,ARI,MIA,00-0035228,K.Murray,154.0,249.02034914892343
2024,9,ARI,CHI,00-0035228,K.Murray,154.0,154.74655573792614
2024,9,ARI,CHI,00-0035228,K.Murray,266.0,174.77686395917786
2024,10,ARI,NYJ,00-0035228,K.Murray,266.0,263.95914893072234
2024,10,ARI,NYJ,00-0035228,K.Murray,285.0,262.9547425401332
2024,12,ARI,SEA,00-0035228,K.Murray,285.0,252.24131608053378
2024,12,ARI,SEA,00-0035228,K.Murray,260.0,255.1588307554807
2024,13,ARI,MIN,00-0035228,K.Murray,260.0,249.8814802630516
2024,13,ARI,MIN,00-0035228,K.Murray,259.0,247.7269223952414
2024,14,ARI,SEA,00-0035228,K.Murray,259.0,245.10558803439977
2024,14,ARI,SEA,00-0035228,K.Murray,224.0,241.41908325024903
2024,15,ARI,NE,00-0035228,K.Murray,224.0,235.88150069881658
2024,15,ARI,NE,00-0035228,K.Murray,202.0,237.49008147284593
2024,16,ARI,CAR,00-0035228,K.Murray,202.0,215.1894947389096
2024,16,ARI,CAR,00-0035228,K.Murray,321.0,220.7448588960059
2024,17,ARI,LA,00-0035228,K.Murray,321.0,291.8637024819029
2024,17,ARI,LA,00-0035228,K.Murray,242.0,261.86895859581733
2024,18,ARI,SF,00-0035228,K.Murray,242.0,241.03019635274714
2024,7,DEN,NO,00-0035264,J.Stidham,0.0,13.058870675921499
2024,7,DEN,NO,00-0035264,J.Stidham,0.0,34.20486774923932
2024,18,DEN,KC,00-0035264,J.Stidham,0.0,21.31033086662025
2024,1,LV,LAC,00-0035289,G.Minshew,257.0,241.31644694826974
2024,1,LV,LAC,00-0035289,G.Minshew,276.0,239.72929081181962
2024,2,LV,BAL,00-0035289,G.Minshew,276.0,232.9385604319441
2024,2,LV,BAL,00-0035289,G.Minshew,214.0,251.3293292667507
2024,3,LV,CAR,00-0035289,G.Minshew,214.0,225.159154290465
2024,3,LV,CAR,00-0035289,G.Minshew,130.0,233.73146585464025
2024,4,LV,CLE,00-0035289,G.Minshew,130.0,186.0241656463172
2024,4,LV,CLE,00-0035289,G.Minshew,137.0,182.03771034446828
2024,5,LV,DEN,00-0035289,G.Minshew,137.0,177.01834909334292
2024,5,LV,DEN,00-0035289,G.Minshew,154.0,160.2738224633208
2024,7,LV,LA,00-0035289,G.Minshew,154.0,168.38517265229464
2024,7,LV,LA,00-0035289,G.Minshew,209.0,173.20155686208273
2024,8,LV,KC,00-0035289,G.Minshew,209.0,197.34689316871157
2024,8,LV,KC,00-0035289,G.Minshew,124.0,202.19167548111346
2024,9,LV,CIN,00-0035289,G.Minshew,124.0,158.2455306678226
2024,9,LV,CIN,00-0035289,G.Minshew,282.0,179.7333724683376
2024,11,LV,MIA,00-0035289,G.Minshew,282.0,269.13108625342636
2024,11,LV,MIA,00-0035289,G.Minshew,230.0,261.58501895410825
2024,12,LV,DEN,00-0035289,G.Minshew,230.0,220.4119316919197
2024,7,NYG,PHI,00-0035704,D.Lock,6.0,44.11904603784101
2024,7,NYG,PHI,00-0035704,D.Lock,3.0,72.95466652740679
2024,12,NYG,TB,00-0035704,D.Lock,3.0,63.32565594163501
2024,12,NYG,TB,00-0035704,D.Lock,178.0,33.59951244014926
2024,13,NYG,DAL,00-0035704,D.Lock,178.0,176.5607487661744
2024,13,NYG,DAL,00-0035704,D.Lock,227.0,173.68789567970592
2024,14,NYG,NO,00-0035704,D.Lock,227.0,203.2547432654091
2024,14,NYG,NO,00-0035704,D.Lock,210.0,202.74614385066542
2024,16,NYG,ATL,00-0035704,D.Lock,210.0,212.59851108833496
2024,16,NYG,ATL,00-0035704,D.Lock,309.0,206.74453157702843
2024,17,NYG,IND,00-0035704,D.Lock,309.0,274.5411995313817
2024,17,NYG,IND,00-0035704,D.Lock,138.0,276.3782175901477
2024,18,NYG,PHI,00-0035704,D.Lock,138.0,153.98070072069964
2024,1,NYG,MIN,00-0035710,D.Jones,186.0,176.84988673057185
2024,1,NYG,MIN,00-0035710,D.Jones,178.0,180.55643035252712
2024,2,NYG,WAS,00-0035710,D.Jones,178.0,177.6119066154576
2024,2,NYG,WAS,00-0035710,D.Jones,236.0,180.03122568090103
2024,3,NYG,CLE,00-0035710,D.Jones,236.0,234.46657104558201
2024,3,NYG,CLE,00-0035710,D.Jones,281.0,234.90938156341133
2024,4,NYG,DAL,00-0035710,D.Jones,281.0,240.92286336680294
2024,4,NYG,DAL,00-0035710,D.Jones,257.0,248.52913504137044
2024,5,NYG,SEA,00-0035710,D.Jones,257.0,248.09272296241946
2024,5,NYG,SEA,00-0035710,D.Jones,205.0,243.1347326338389
2024,6,NYG,CIN,00-0035710,D.Jones,205.0,226.3362604582234
2024,6,NYG,CIN,00-0035710,D.Jones,99.0,220.33483509339092
2024,7,NYG,PHI,00-0035710,D.Jones,99.0,139.03617286286453
2024,7,NYG,PHI,00-0035710,D.Jones,264.0,157.96347528516915
2024,8,NYG,PIT,00-0035710,D.Jones,264.0,248.79885784018984
2024,8,NYG,PIT,00-0035710,D.Jones,174.0,247.15235846897062
2024,9,NYG,WAS,00-0035710,D.Jones,174.0,197.57498471996848
2024,9,NYG,WAS,00-0035710,D.Jones,190.0,198.00804495832048
2024,10,NYG,CAR,00-0035710,D.Jones,190.0,209.69215229086188
2024,4,MIA,TEN,00-0035993,T.Huntley,96.0,118.71461981846215
2024,4,MIA,TEN,00-0035993,T.Huntley,194.0,121.61573930206109
2024,5,MIA,NE,00-0035993,T.Huntley,194.0,179.61918709032588
2024,5,MIA,NE,00-0035993,T.Huntley,87.0,186.20136081886466
2024,7,MIA,IND,00-0035993,T.Huntley,87.0,121.0141861678322
2024,7,MIA,IND,00-0035993,T.Huntley,225.0,126.1488016193499
2024,17,MIA,CLE,00-0035993,T.Huntley,225.0,204.0160064869509
2024,17,MIA,CLE,00-0035993,T.Huntley,227.0,201.47678983231287
2024,18,MIA,NYJ,00-0035993,T.Huntley,227.0,207.12651995417897
2024,1,MIA,JAX,00-0036212,T.Tagovailoa,338.0,276.6134058900823
2024,1,MIA,JAX,00-0036212,T.Tagovailoa,145.0,266.04520949017666
2024,2,MIA,BUF,00-0036212,T.Tagovailoa,145.0,149.93216181381027
2024,2,MIA,BUF,00-0036212,T.Tagovailoa,234.0,173.86715516311432
2024,8,MIA,ARI,00-0036212,T.Tagovailoa,234.0,234.43965408952732
2024,8,MIA,ARI,00-0036212,T.Tagovailoa,231.0,243.85422906464106
2024,9,MIA,BUF,00-0036212,T.Tagovailoa,231.0,219.7204678010324
2024,9,MIA,BUF,00-0036212,T.Tagovailoa,207.0,227.65249480639147
2024,10,MIA,LA,00-0036212,T.Tagovailoa,207.0,211.66109735507962
2024,10,MIA,LA,00-0036212,T.Tagovailoa,288.0,225.8558294584231
2024,11,MIA,LV,00-0036212,T.Tagovailoa,288.0,273.7536646560736
2024,11,MIA,LV,00-0036212,T.Tagovailoa,317.0,261.37674859904445
2024,12,MIA,NE,00-0036212,T.Tagovailoa,317.0,270.5026138717428
2024,12,MIA,NE,00-0036212,T.Tagovailoa,365.0,274.87328599076335
2024,13,MIA,GB,00-0036212,T.Tagovailoa,365.0,275.87161462969374
2024,13,MIA,GB,00-0036212,T.Tagovailoa,331.0,281.20083756880126
2024,14,MIA,NYJ,00-0036212,T.Tagovailoa,331.0,282.7442172546044
2024,14,MIA,NYJ,00-0036212,T.Tagovailoa,196.0,285.1125775486325
2024,15,MIA,HOU,00-0036212,T.Tagovailoa,196.0,210.2663037725445
2024,15,MIA,HOU,00-0036212,T.Tagovailoa,215.0,216.8644913922448
2024,16,MIA,SF,00-0036212,T.Tagovailoa,215.0,236.9563932392527
2024,1,GB,PHI,00-0036264,J.Love,260.0,245.3518348408671
2024,1,GB,PHI,00-0036264,J.Love,389.0,237.7452749866996
2024,4,GB,MIN,00-0036264,J.Love,389.0,314.63181426296205
2024,4,GB,MIN,00-0036264,J.Love,224.0,283.95903144421453
2024,5,GB,LA,00-0036264,J.Love,224.0,220.08566312444873
2024,5,GB,LA,00-0036264,J.Love,258.0,222.0910920379571
2024,6,GB,ARI,00-0036264,J.Love,258.0,248.08518490849366
2024,6,GB,ARI,00-0036264,J.Love,220.0,247.66982188239066
2024,7,GB,HOU,00-0036264,J.Love,220.0,228.40534434435315
2024,7,GB,HOU,00-0036264,J.Love,196.0,230.78692101531965
2024,8,GB,JAX,00-0036264,J.Love,196.0,222.56729136346112
2024,8,GB,JAX,00-0036264,J.Love,273.0,220.87335516174574
2024,9,GB,DET,00-0036264,J.Love,273.0,267.3905575436907
2024,9,GB,DET,00-0036264,J.Love,261.0,245.43683778360455
2024,11,GB,CHI,00-0036264,J.Love,261.0,233.94708381279727
2024,11,GB,CHI,00-0036264,J.Love,163.0,230.12468356131257
2024,12,GB,SF,00-0036264,J.Love,163.0,154.562072110984
2024,12,GB,SF,00-0036264,J.Love,274.0,186.4255392126002
2024,13,GB,MIA,00-0036264,J.Love,274.0,250.60150657524005
2024,13,GB,MIA,00-0036264,J.Love,206.0,249.71705420318764
2024,14,GB,DET,00-0036264,J.Love,206.0,194.3693867408434
2024,14,GB,DET,00-0036264,J.Love,229.0,191.78943334758728
2024,15,GB,SEA,00-0036264,J.Love,229.0,237.4847280580292
2024,15,GB,SEA,00-0036264,J.Love,182.0,222.8363118278711
2024,16,GB,NO,00-0036264,J.Love,182.0,182.87455194817005
2024,16,GB,NO,00-0036264,J.Love,185.0,203.7822355513813
2024,17,GB,MIN,00-0036264,J.Love,185.0,209.39484139768828
2024,17,GB,MIN,00-0036264,J.Love,69.0,210.92031935659415
2024,18,GB,CHI,00-0036264,J.Love,69.0,148.55096090039436
2024,18,GB,CHI,00-0036264,J.Love,212.0,98.7366655567045
2024,19,GB,PHI,00-0036264,J.Love,212.0,210.0724725467639
2024,1,LAC,LV,00-0036355,J.Herbert,144.0,156.62649568520177
2024,1,LAC,LV,00-0036355,J.Herbert,130.0,165.4455565798785
2024,2,LAC,CAR,00-0036355,J.Herbert,130.0,159.7082175186659
2024,2,LAC,CAR,00-0036355,J.Herbert,125.0,159.2420120023816
2024,3,LAC,PIT,00-0036355,J.Herbert,125.0,156.70759554164778
2024,3,LAC,PIT,00-0036355,J.Herbert,179.0,156.70759554164778
2024,4,LAC,KC,00-0036355,J.Herbert,179.0,177.6661887297075
2024,4,LAC,KC,00-0036355,J.Herbert,237.0,185.07155421857644
2024,6,LAC,DEN,00-0036355,J.Herbert,237.0,220.95677595682298
2024,6,LAC,DEN,00-0036355,J.Herbert,349.0,232.16945988663298
2024,7,LAC,ARI,00-0036355,J.Herbert,349.0,324.61561088260254
2024,7,LAC,ARI,00-0036355,J.Herbert,279.0,261.25013108105543
2024,8,LAC,NO,00-0036355,J.Herbert,279.0,265.4978207118878
2024,8,LAC,NO,00-0036355,J.Herbert,282.0,261.913517280176
2024,9,LAC,CLE,00-0036355,J.Herbert,282.0,274.3112863654248
2024,9,LAC,CLE,00-0036355,J.Herbert,164.0,272.1443696597208
2024,10,LAC,TEN,00-0036355,J.Herbert,164.0,159.58357032632017
2024,10,LAC,TEN,00-0036355,J.Herbert,297.0,192.52145218454896
2024,11,LAC,CIN,00-0036355,J.Herbert,297.0,275.6319158633888
2024,11,LAC,CIN,00-0036355,J.Herbert,218.0,257.8044683755731
2024,12,LAC,BAL,00-0036355,J.Herbert,218.0,221.50388655546743
2024,12,LAC,BAL,00-0036355,J.Herbert,147.0,222.3380556821485
2024,13,LAC,ATL,00-0036355,J.Herbert,147.0,189.25489888051064
2024,13,LAC,ATL,00-0036355,J.Herbert,213.0,169.51793926693983
2024,14,LAC,KC,00-0036355,J.Herbert,213.0,222.85755899914355
2024,14,LAC,KC,00-0036355,J.Herbert,195.0,221.01843514330054
2024,15,LAC,TB,00-0036355,J.Herbert,195.0,205.7976122250518
2024,15,LAC,TB,00-0036355,J.Herbert,284.0,208.47554532639194
2024,16,LAC,DEN,00-0036355,J.Herbert,284.0,271.1929598562766
2024,16,LAC,DEN,00-0036355,J.Herbert,281.0,249.57829214149763
2024,17,LAC,NE,00-0036355,J.Herbert,281.0,258.89396783321615
2024,17,LAC,NE,00-0036355,J.Herbert,346.0,255.09110346110702
2024,18,LAC,LV,00-0036355,J.Herbert,346.0,277.2528868276702
2024,18,LAC,LV,00-0036355,J.Herbert,242.0,296.4208594735191
2024,19,LAC,HOU,00-0036355,J.Herbert,242.0,226.25849109109856
2024,1,PHI,GB,00-0036389,J.Hurts,278.0,242.40614212090628
2024,1,PHI,GB,00-0036389,J.Hurts,183.0,239.42481921259457
2024,2,PHI,ATL,00-0036389,J.Hurts,183.0,207.64923503617854
2024,2,PHI,ATL,00-0036389,J.Hurts,311.0,229.63205098035988
2024,3,PHI,NO,00-0036389,J.Hurts,311.0,301.7193807707715
2024,3,PHI,NO,00-0036389,J.Hurts,158.0,290.36182483876865
2024,4,PHI,TB,00-0036389,J.Hurts,158.0,156.35308760695
2024,4,PHI,TB,00-0036389,J.Hurts,264.0,193.3309194366539
2024,6,PHI,CLE,00-0036389,J.Hurts,264.0,251.18649577309512
2024,6,PHI,CLE,00-0036389,J.Hurts,114.0,247.3671858363963
2024,7,PHI,NYG,00-0036389,J.Hurts,114.0,143.402363451004
2024,7,PHI,NYG,00-0036389,J.Hurts,236.0,180.04092782007012
2024,8,PHI,CIN,00-0036389,J.Hurts,236.0,215.2235634971426
2024,8,PHI,CIN,00-0036389,J.Hurts,230.0,209.80072233780905
2024,9,PHI,JAX,00-0036389,J.Hurts,230.0,209.7351007084739
2024,9,PHI,JAX,00-0036389,J.Hurts,202.0,217.83344749134295
2024,10,PHI,DAL,00-0036389,J.Hurts,202.0,191.82412598984132
2024,10,PHI,DAL,00-0036389,J.Hurts,221.0,221.5484031449127
2024,11,PHI,WAS,00-0036389,J.Hurts,221.0,236.92770974240065
2024,11,PHI,WAS,00-0036389,J.Hurts,179.0,236.57786126833858
2024,12,PHI,LA,00-0036389,J.Hurts,179.0,187.04724478624203
2024,12,PHI,LA,00-0036389,J.Hurts,118.0,196.38621261523807
2024,13,PHI,BAL,00-0036389,J.Hurts,118.0,198.73417822223652
2024,13,PHI,BAL,00-0036389,J.Hurts,108.0,160.0211684027852
2024,14,PHI,CAR,00-0036389,J.Hurts,108.0,156.79295868275688
2024,14,PHI,CAR,00-0036389,J.Hurts,290.0,158.017923215134
2024,15,PHI,PIT,00-0036389,J.Hurts,290.0,262.70212505311605
2024,15,PHI,PIT,00-0036389,J.Hurts,11.0,269.9832831652563
2024,16,PHI,WAS,00-0036389,J.Hurts,11.0,33.19620363095383
2024,16,PHI,WAS,00-0036389,J.Hurts,131.0,130.0495285473658
2024,19,PHI,GB,00-0036389,J.Hurts,131.0,159.38659657925243
2024,19,PHI,GB,00-0036389,J.Hurts,128.0,140.9863759947174
2024,20,PHI,LA,00-0036389,J.Hurts,128.0,127.6880562230376
2024,20,PHI,LA,00-0036389,J.Hurts,246.0,131.53697897831242
2024,21,PHI,WAS,00-0036389,J.Hurts,246.0,207.6466753673226
2024,21,PHI,WAS,00-0036389,J.Hurts,221.0,222.37374821417336
2024,22,PHI,KC,00-0036389,J.Hurts,221.0,224.2782377242777
2024,1,CIN,NE,00-0036442,J.Burrow,164.0,166.09368742357822
2024,1,CIN,NE,00-0036442,J.Burrow,258.0,189.93933487022434
2024,2,CIN,KC,00-0036442,J.Burrow,258.0,242.08109210183773
2024,2,CIN,KC,00-0036442,J.Burrow,324.0,239.59051310187095
2024,3,CIN,WAS,00-0036442,J.Burrow,324.0,280.2757628645581
2024,3,CIN,WAS,00-0036442,J.Burrow,232.0,265.0135543475657
2024,4,CIN,CAR,00-0036442,J.Burrow,232.0,231.70354289267013
2024,4,CIN,CAR,00-0036442,J.Burrow,392.0,231.55057826650335
2024,5,CIN,BAL,00-0036442,J.Burrow,392.0,368.61666779401236
2024,5,CIN,BAL,00-0036442,J.Burrow,208.0,299.64652554214985
2024,6,CIN,NYG,00-0036442,J.Burrow,208.0,212.8783882718341
2024,6,CIN,NYG,00-0036442,J.Burrow,181.0,221.37389211906444
2024,7,CIN,CLE,00-0036442,J.Burrow,181.0,221.39277295389581
2024,7,CIN,CLE,00-0036442,J.Burrow,234.0,210.16979433508655
2024,8,CIN,PHI,00-0036442,J.Burrow,234.0,230.55569505233694
2024,8,CIN,PHI,00-0036442,J.Burrow,251.0,226.15904753083166
2024,9,CIN,LV,00-0036442,J.Burrow,251.0,236.2269022560088
2024,9,CIN,LV,00-0036442,J.Burrow,428.0,241.7829520907429
2024,10,CIN,BAL,00-0036442,J.Burrow,428.0,353.5365219983136
2024,10,CIN,BAL,00-0036442,J.Burrow,356.0,307.1810345855111
2024,11,CIN,LAC,00-0036442,J.Burrow,356.0,299.0243649521758
2024,11,CIN,LAC,00-0036442,J.Burrow,309.0,296.6615553568332
2024,13,CIN,PIT,00-0036442,J.Burrow,309.0,289.8021147025567
2024,13,CIN,PIT,00-0036442,J.Burrow,369.0,285.77718963889845
2024,14,CIN,DAL,00-0036442,J.Burrow,369.0,309.7902628315038
2024,14,CIN,DAL,00-0036442,J.Burrow,271.0,304.5902076257401
2024,15,CIN,TEN,00-0036442,J.Burrow,271.0,271.8627004959036
2024,15,CIN,TEN,00-0036442,J.Burrow,252.0,268.2702069140087
2024,16,CIN,CLE,00-0036442,J.Burrow,252.0,255.31562779120816
2024,16,CIN,CLE,00-0036442,J.Burrow,412.0,252.6951870000775
2024,17,CIN,DEN,00-0036442,J.Burrow,412.0,333.29082179813116
2024,17,CIN,DEN,00-0036442,J.Burrow,277.0,292.92851138144135
2024,18,CIN,PIT,00-0036442,J.Burrow,277.0,271.44292500293574
2024,3,HOU,MIN,00-0036898,D.Mills,79.0,102.06913761287878
2024,3,HOU,MIN,00-0036898,D.Mills,0.0,99.40930377150565
2024,6,HOU,NE,00-0036898,D.Mills,0.0,66.74035921603286
2024,6,HOU,NE,00-0036898,D.Mills,5.0,58.722971502244356
2024,17,HOU,BAL,00-0036898,D.Mills,5.0,32.9806854990608
2024,17,HOU,BAL,00-0036898,D.Mills,128.0,32.9806854990608
2024,18,HOU,TEN,00-0036898,D.Mills,128.0,128.46414442165167
2024,1,TB,WAS,00-0036928,K.Trask,0.0,27.466265957610208
2024,1,TB,WAS,00-0036928,K.Trask,5.0,27.466265957610208
2024,13,TB,CAR,00-0036928,K.Trask,5.0,33.13939967377072
2024,13,TB,CAR,00-0036928,K.Trask,0.0,33.13939967377072
2024,17,TB,CAR,00-0036928,K.Trask,0.0,33.13939967377072
2024,1,PIT,ATL,00-0036945,J.Fields,156.0,189.7133073378997
2024,1,PIT,ATL,00-0036945,J.Fields,117.0,187.25552190245017
2024,2,PIT,DEN,00-0036945,J.Fields,117.0,152.41203213718694
2024,2,PIT,DEN,00-0036945,J.Fields,245.0,157.4053048732067
2024,3,PIT,LAC,00-0036945,J.Fields,245.0,222.64182863381998
2024,3,PIT,LAC,00-0036945,J.Fields,312.0,231.20814819380578
2024,4,PIT,IND,00-0036945,J.Fields,312.0,244.06185353360044
2024,4,PIT,IND,00-0036945,J.Fields,131.0,270.7509769270849
2024,5,PIT,DAL,00-0036945,J.Fields,131.0,144.59968277346042
2024,5,PIT,DAL,00-0036945,J.Fields,145.0,176.8673749994221
2024,6,PIT,LV,00-0036945,J.Fields,145.0,172.6609734822753
2024,6,PIT,LV,00-0036945,J.Fields,0.0,186.76531287744297
2024,11,PIT,BAL,00-0036945,J.Fields,0.0,39.876953613906004
2024,11,PIT,BAL,00-0036945,J.Fields,0.0,40.8832258334366
2024,12,PIT,CLE,00-0036945,J.Fields,0.0,24.61071346036536
2024,12,PIT,CLE,00-0036945,J.Fields,0.0,27.307551782900287
2024,13,PIT,CIN,00-0036945,J.Fields,0.0,27.466265957610208
2024,13,PIT,CIN,00-0036945,J.Fields,0.0,27.466265957610208
2024,15,PIT,PHI,00-0036945,J.Fields,0.0,27.466265957610208
2024,15,PIT,PHI,00-0036945,J.Fields,0.0,27.466265957610208
2024,19,PIT,BAL,00-0036945,J.Fields,0.0,27.466265957610208
2024,1,JAX,MIA,00-0036971,T.Lawrence,162.0,157.06509150145007
2024,1,JAX,MIA,00-0036971,T.Lawrence,220.0,187.80261631913373
2024,2,JAX,CLE,00-0036971,T.Lawrence,220.0,223.43591596881166
2024,2,JAX,CLE,00-0036971,T.Lawrence,178.0,222.93722381528463
2024,3,JAX,BUF,00-0036971,T.Lawrence,178.0,186.6755146543737
2024,3,JAX,BUF,00-0036971,T.Lawrence,169.0,200.805157377487
2024,4,JAX,HOU,00-0036971,T.Lawrence,169.0,197.07237491992666
2024,4,JAX,HOU,00-0036971,T.Lawrence,371.0,194.8598553568531
2024,5,JAX,IND,00-0036971,T.Lawrence,371.0,351.9898974896438
2024,5,JAX,IND,00-0036971,T.Lawrence,234.0,289.80418178975276
2024,6,JAX,CHI,00-0036971,T.Lawrence,234.0,231.4925252199669
2024,6,JAX,CHI,00-0036971,T.Lawrence,193.0,231.69952972822102
2024,7,JAX,NE,00-0036971,T.Lawrence,193.0,214.14421146146924
2024,7,JAX,NE,00-0036971,T.Lawrence,308.0,224.64680754174606
2024,8,JAX,GB,00-0036971,T.Lawrence,308.0,291.71758212244276
2024,8,JAX,GB,00-0036971,T.Lawrence,169.0,277.9289764585369
2024,9,JAX,PHI,00-0036971,T.Lawrence,169.0,168.39041616276634
2024,9,JAX,PHI,00-0036971,T.Lawrence,41.0,196.18716814057356
2024,13,JAX,HOU,00-0036971,T.Lawrence,41.0,107.88967437564368
2024,3,JAX,BUF,00-0036972,M.Jones,22.0,75.43474330493864
2024,3,JAX,BUF,00-0036972,M.Jones,6.0,77.70418337144426
2024,6,JAX,CHI,00-0036972,M.Jones,6.0,75.81507883850274
2024,6,JAX,CHI,00-0036972,M.Jones,111.0,40.191320290110966
2024,10,JAX,MIN,00-0036972,M.Jones,111.0,127.98492663936588
2024,10,JAX,MIN,00-0036972,M.Jones,138.0,127.85855730894878
2024,11,JAX,DET,00-0036972,M.Jones,138.0,152.429747709469
2024,11,JAX,DET,00-0036972,M.Jones,235.0,168.5293134855903
2024,13,JAX,HOU,00-0036972,M.Jones,235.0,216.11240904761115
2024,13,JAX,HOU,00-0036972,M.Jones,220.0,220.74771429536048
2024,14,JAX,TEN,00-0036972,M.Jones,220.0,220.27681914721902
2024,14,JAX,TEN,00-0036972,M.Jones,294.0,223.37246138480643
2024,15,JAX,NYJ,00-0036972,M.Jones,294.0,258.6777227882484
2024,15,JAX,NYJ,00-0036972,M.Jones,247.0,269.1744234354015
2024,16,JAX,LV,00-0036972,M.Jones,247.0,237.35338804523354
2024,16,JAX,LV,00-0036972,M.Jones,174.0,234.5041558305705
2024,17,JAX,TEN,00-0036972,M.Jones,174.0,207.3793562329958
2024,17,JAX,TEN,00-0036972,M.Jones,225.0,238.11903584562407
2024,18,JAX,IND,00-0036972,M.Jones,225.0,223.4365251916415
2024,10,DAL,PHI,00-0037012,T.Lance,21.0,58.84358069840868
2024,10,DAL,PHI,00-0037012,T.Lance,0.0,61.980380640776545
2024,12,DAL,WAS,00-0037012,T.Lance,0.0,39.45283515001057
2024,12,DAL,WAS,00-0037012,T.Lance,1.0,32.9806854990608
2024,17,DAL,PHI,00-0037012,T.Lance,1.0,32.9806854990608
2024,17,DAL,PHI,00-0037012,T.Lance,244.0,33.13939967377072
2024,18,DAL,WAS,00-0037012,T.Lance,244.0,222.94816816931473
2024,15,SEA,GB,00-0037077,S.Howell,24.0,48.93201806193232
2024,18,KC,DEN,00-0037324,C.Oladokun,0.0,27.830911533271845
2024,2,MIA,BUF,00-0037327,S.Thompson,80.0,107.97949294500049
2024,2,MIA,BUF,00-0037327,S.Thompson,107.0,149.4173683156977
2024,3,MIA,SEA,00-0037327,S.Thompson,107.0,136.19084946763965
2024,1,SF,NYJ,00-0037834,B.Purdy,231.0,223.90715867833478
2024,1,SF,NYJ,00-0037834,B.Purdy,319.0,231.25631629451732
2024,2,SF,MIN,00-0037834,B.Purdy,319.0,292.263651376817
2024,2,SF,MIN,00-0037834,B.Purdy,292.0,260.45458560034217
2024,3,SF,LA,00-0037834,B.Purdy,292.0,271.524497701992
2024,3,SF,LA,00-0037834,B.Purdy,288.0,270.1357056179653
2024,4,SF,NE,00-0037834,B.Purdy,288.0,267.4577966129774
2024,4,SF,NE,00-0037834,B.Purdy,244.0,268.0526617928586
2024,5,SF,ARI,00-0037834,B.Purdy,244.0,244.49502840186673
2024,5,SF,ARI,00-0037834,B.Purdy,255.0,223.6635727612693
2024,6,SF,SEA,00-0037834,B.Purdy,255.0,241.03696541233955
2024,6,SF,SEA,00-0037834,B.Purdy,212.0,242.70198629911778
2024,7,SF,KC,00-0037834,B.Purdy,212.0,222.71986146473
2024,7,SF,KC,00-0037834,B.Purdy,260.0,228.75023051607855
2024,8,SF,DAL,00-0037834,B.Purdy,260.0,249.06609212509247
2024,8,SF,DAL,00-0037834,B.Purdy,353.0,245.7233779999521
2024,10,SF,TB,00-0037834,B.Purdy,353.0,288.8658329722248
2024,10,SF,TB,00-0037834,B.Purdy,159.0,290.422149149823
2024,11,SF,SEA,00-0037834,B.Purdy,159.0,175.03481705756514
2024,11,SF,SEA,00-0037834,B.Purdy,94.0,188.23663705362875
2024,13,SF,BUF,00-0037834,B.Purdy,94.0,183.98360379857488
2024,13,SF,BUF,00-0037834,B.Purdy,325.0,163.8239472847601
2024,14,SF,CHI,00-0037834,B.Purdy,325.0,308.49442147117435
2024,14,SF,CHI,00-0037834,B.Purdy,142.0,272.856030264035
2024,15,SF,LA,00-0037834,B.Purdy,142.0,147.44622563717067
2024,15,SF,LA,00-0037834,B.Purdy,313.0,181.46946820426976
2024,16,SF,MIA,00-0037834,B.Purdy,313.0,307.3324734160709
2024,16,SF,MIA,00-0037834,B.Purdy,377.0,284.3048860104496
2024,17,SF,DET,00-0037834,B.Purdy,377.0,279.9300957154718
2024,7,PHI,NYG,00-0038102,K.Pickett,0.0,90.18906183687727
2024,7,PHI,NYG,00-0038102,K.Pickett,5.0,64.37401972147127
2024,10,PHI,DAL,00-0038102,K.Pickett,5.0,32.9806854990608
2024,10,PHI,DAL,00-0038102,K.Pickett,0.0,32.9806854990608
2024,12,PHI,LA,00-0038102,K.Pickett,0.0,33.13939967377072
2024,12,PHI,LA,00-0038102,K.Pickett,143.0,33.13939967377072
2024,16,PHI,WAS,00-0038102,K.Pickett,143.0,140.68395455290937
2024,16,PHI,WAS,00-0038102,K.Pickett,143.0,130.829443626052
2024,17,PHI,DAL,00-0038102,K.Pickett,143.0,161.48777716429288
2024,17,PHI,DAL,00-0038102,K.Pickett,0.0,162.4060063463202
2024,21,PHI,WAS,00-0038102,K.Pickett,0.0,38.22563000867477
2024,21,PHI,WAS,00-0038102,K.Pickett,0.0,36.80646559916922
2024,22,PHI,KC,00-0038102,K.Pickett,0.0,31.007356357400795
2024,18,CLE,BAL,00-0038108,B.Zappe,170.0,181.34175240157927
2024,9,LV,CIN,00-0038122,D.Ridder,74.0,102.02993037993889
2024,9,LV,CIN,00-0038122,D.Ridder,64.0,154.44389615790604
2024,12,LV,DEN,00-0038122,D.Ridder,64.0,105.65362923238494
2024,12,LV,DEN,00-0038122,D.Ridder,101.0,98.78871683548185
2024,14,LV,TB,00-0038122,D.Ridder,101.0,124.25870219473501
2024,14,LV,TB,00-0038122,D.Ridder,208.0,115.80733213677784
2024,15,LV,ATL,00-0038122,D.Ridder,208.0,195.93858110741223
2024,15,LV,ATL,00-0038122,D.Ridder,11.0,199.1509293995988
2024,18,LV,LAC,00-0038122,D.Ridder,11.0,21.216298291197862
2024,1,GB,PHI,00-0038128,M.Willis,0.0,29.775693492387514
2024,1,GB,PHI,00-0038128,M.Willis,122.0,27.830911533271845
2024,2,GB,IND,00-0038128,M.Willis,122.0,129.72277536502867
2024,2,GB,IND,00-0038128,M.Willis,202.0,132.91619653366251
2024,3,GB,TEN,00-0038128,M.Willis,202.0,179.68076299369474
2024,3,GB,TEN,00-0038128,M.Willis,56.0,172.24489013718542
2024,8,GB,JAX,00-0038128,M.Willis,56.0,96.38285755760808
2024,8,GB,JAX,00-0038128,M.Willis,34.0,94.0342830143682
2024,16,GB,NO,00-0038128,M.Willis,34.0,53.387395811723785
2024,16,GB,NO,00-0038128,M.Willis,136.0,45.720646034657165
2024,18,GB,CHI,00-0038128,M.Willis,136.0,136.25794697696227
2024,17,PHI,DAL,00-0038400,T.McKee,54.0,62.87981156052169
2024,17,PHI,DAL,00-0038400,T.McKee,269.0,62.87981156052169
2024,18,PHI,NYG,00-0038400,T.McKee,269.0,266.2901920345439
2024,5,CHI,CAR,00-0038416,T.Bagent,0.0,19.742327639103305
2024,5,CHI,CAR,00-0038416,T.Bagent,0.0,36.76265528972369
2024,6,CHI,JAX,00-0038416,T.Bagent,0.0,24.941557972237774
2024,6,CHI,JAX,00-0038416,T.Bagent,6.0,29.383293516908928
2024,14,CHI,SF,00-0038416,T.Bagent,6.0,33.13939967377072
2024,14,CHI,SF,00-0038416,T.Bagent,5.0,33.13939967377072
2024,15,CHI,MIN,00-0038416,T.Bagent,5.0,33.13939967377072
2024,12,NYG,TB,00-0038476,T.DeVito,189.0,180.71842562598775
2024,12,NYG,TB,00-0038476,T.DeVito,68.0,177.95224987059132
2024,15,NYG,BAL,00-0038476,T.DeVito,68.0,100.98969379931674
2024,6,DET,DAL,00-0038550,H.Hooker,19.0,37.03109032977358
2024,6,DET,DAL,00-0038550,H.Hooker,6.0,37.03109032977358
2024,8,DET,TEN,00-0038550,H.Hooker,6.0,37.91728999828019
2024,8,DET,TEN,00-0038550,H.Hooker,37.0,43.177737221019264
2024,11,DET,JAX,00-0038550,H.Hooker,37.0,48.87119464725087
2024,3,LV,CAR,00-0038579,A.O'Connell,82.0,131.5800314875851
2024,3,LV,CAR,00-0038579,A.O'Connell,94.0,205.00601802412223
2024,5,LV,DEN,00-0038579,A.O'Connell,94.0,143.35306105246556
2024,5,LV,DEN,00-0038579,A.O'Connell,227.0,128.01941699628043
2024,6,LV,PIT,00-0038579,A.O'Connell,227.0,220.01785000173442
2024,6,LV,PIT,00-0038579,A.O'Connell,52.0,218.84403773370866
2024,7,LV,LA,00-0038579,A.O'Connell,52.0,71.49864677700702
2024,7,LV,LA,00-0038579,A.O'Connell,340.0,90.213375476731
2024,13,LV,KC,00-0038579,A.O'Connell,340.0,316.04464151582795
2024,13,LV,KC,00-0038579,A.O'Connell,104.0,289.52849713239624
2024,14,LV,TB,00-0038579,A.O'Connell,104.0,108.86344072255463
2024,14,LV,TB,00-0038579,A.O'Connell,257.0,132.5502763509729
2024,16,LV,JAX,00-0038579,A.O'Connell,257.0,247.58619301749354
2024,16,LV,JAX,00-0038579,A.O'Connell,242.0,239.26656991101532
2024,17,LV,NO,00-0038579,A.O'Connell,242.0,233.2422814652525
2024,17,LV,NO,00-0038579,A.O'Connell,214.0,231.77837982725836
2024,18,LV,LAC,00-0038579,A.O'Connell,214.0,233.0222358996108
2024,2,ARI,LA,00-0038582,C.Tune,0.0,27.466265957610208
2024,2,ARI,LA,00-0038582,C.Tune,0.0,27.466265957610208
2024,7,ARI,LAC,00-0038582,C.Tune,0.0,27.466265957610208
2024,7,ARI,LAC,00-0038582,C.Tune,0.0,27.466265957610208
2024,10,ARI,NYJ,00-0038582,C.Tune,0.0,27.466265957610208
2024,10,ARI,NYJ,00-0038582,C.Tune,8.0,27.466265957610208
2024,15,ARI,NE,00-0038582,C.Tune,8.0,33.13939967377072
2024,15,ARI,NE,00-0038582,C.Tune,0.0,33.13939967377072
2024,18,ARI,SF,00-0038582,C.Tune,0.0,33.13939967377072
2024,7,CLE,CIN,00-0038583,D.Thompson-Robinson,82.0,93.90685568688367
2024,7,CLE,CIN,00-0038583,D.Thompson-Robinson,0.0,107.09975109251121
2024,11,CLE,NO,00-0038583,D.Thompson-Robinson,0.0,38.892502304219654
2024,11,CLE,NO,00-0038583,D.Thompson-Robinson,18.0,71.06921945979207
2024,15,CLE,KC,00-0038583,D.Thompson-Robinson,18.0,30.934216354536442
2024,15,CLE,KC,00-0038583,D.Thompson-Robinson,157.0,64.08211258603268
2024,16,CLE,CIN,00-0038583,D.Thompson-Robinson,157.0,140.60357425571632
2024,16,CLE,CIN,00-0038583,D.Thompson-Robinson,170.0,152.47914306335585
2024,17,CLE,MIA,00-0038583,D.Thompson-Robinson,170.0,199.3974238875861
2024,17,CLE,MIA,00-0038583,D.Thompson-Robinson,13.0,210.69028316104252
2024,18,CLE,BAL,00-0038583,D.Thompson-Robinson,13.0,27.857527157609567
2024,1,NO,CAR,00-0038998,J.Haener,0.0,27.466265957610208
2024,1,NO,CAR,00-0038998,J.Haener,0.0,27.466265957610208
2024,2,NO,DAL,00-0038998,J.Haener,0.0,27.466265957610208
2024,2,NO,DAL,00-0038998,J.Haener,17.0,27.466265957610208
2024,5,NO,KC,00-0038998,J.Haener,17.0,37.91728999828019
2024,5,NO,KC,00-0038998,J.Haener,38.0,45.705007810556424
2024,7,NO,DEN,00-0038998,J.Haener,38.0,55.610753721556776
2024,7,NO,DEN,00-0038998,J.Haener,122.0,53.085669609165905
2024,8,NO,LAC,00-0038998,J.Haener,122.0,134.26704469133952
2024,8,NO,LAC,00-0038998,J.Haener,0.0,148.562554407703
2024,11,NO,CLE,00-0038998,J.Haener,0.0,31.30414440366291
2024,11,NO,CLE,00-0038998,J.Haener,0.0,36.1470455630183
2024,14,NO,NYG,00-0038998,J.Haener,0.0,36.58058440628318
2024,14,NO,NYG,00-0038998,J.Haener,49.0,32.880779831782675
2024,15,NO,WAS,00-0038998,J.Haener,49.0,52.968423293994306
2024,1,CAR,NO,00-0039150,B.Young,161.0,155.23082709832144
2024,1,CAR,NO,00-0039150,B.Young,84.0,162.98583577828117
2024,2,CAR,LAC,00-0039150,B.Young,84.0,133.5091850695469
2024,2,CAR,LAC,00-0039150,B.Young,58.0,110.9810236898709
2024,5,CAR,CHI,00-0039150,B.Young,58.0,81.49000877197113
2024,5,CAR,CHI,00-0039150,B.Young,-4.0,96.76588457723057
2024,7,CAR,WAS,00-0039150,B.Young,-4.0,77.33358988947906
2024,7,CAR,WAS,00-0039150,B.Young,224.0,33.59951244014926
2024,8,CAR,DEN,00-0039150,B.Young,224.0,208.77207755410421
2024,8,CAR,DEN,00-0039150,B.Young,171.0,205.5587543018119
2024,9,CAR,NO,00-0039150,B.Young,171.0,180.30718537107225
2024,9,CAR,NO,00-0039150,B.Young,126.0,193.38753425779888
2024,10,CAR,NYG,00-0039150,B.Young,126.0,182.0782468609027
2024,10,CAR,NYG,00-0039150,B.Young,263.0,188.89342208165726
2024,12,CAR,KC,00-0039150,B.Young,263.0,253.14036204115266
2024,12,CAR,KC,00-0039150,B.Young,298.0,250.56771997539
2024,13,CAR,TB,00-0039150,B.Young,298.0,254.5798189069124
2024,13,CAR,TB,00-0039150,B.Young,191.0,269.2850179982844
2024,14,CAR,PHI,00-0039150,B.Young,191.0,204.41531450359707
2024,14,CAR,PHI,00-0039150,B.Young,219.0,212.7552490806591
2024,15,CAR,DAL,00-0039150,B.Young,219.0,236.89012202068554
2024,15,CAR,DAL,00-0039150,B.Young,158.0,227.5844995853515
2024,16,CAR,ARI,00-0039150,B.Young,158.0,176.0739830121576
2024,16,CAR,ARI,00-0039150,B.Young,203.0,191.09759908461595
2024,17,CAR,TB,00-0039150,B.Young,203.0,205.66694916034436
2024,17,CAR,TB,00-0039150,B.Young,251.0,204.12040078741188
2024,18,CAR,ATL,00-0039150,B.Young,251.0,240.45316482686508
2024,1,TEN,CHI,00-0039152,W.Levis,127.0,146.59721253515428
2024,1,TEN,CHI,00-0039152,W.Levis,192.0,147.7166841323734
2024,2,TEN,NYJ,00-0039152,W.Levis,192.0,180.27071831285875
2024,2,TEN,NYJ,00-0039152,W.Levis,260.0,175.90757334162157
2024,3,TEN,GB,00-0039152,W.Levis,260.0,247.85423293895911
2024,3,TEN,GB,00-0039152,W.Levis,25.0,224.33342070457357
2024,4,TEN,MIA,00-0039152,W.Levis,25.0,41.108537788638685
2024,4,TEN,MIA,00-0039152,W.Levis,95.0,134.5513356251196
2024,6,TEN,IND,00-0039152,W.Levis,95.0,132.18749899927704
2024,6,TEN,IND,00-0039152,W.Levis,175.0,125.17160838270662
2024,10,TEN,LAC,00-0039152,W.Levis,175.0,176.67999939810798
2024,10,TEN,LAC,00-0039152,W.Levis,295.0,167.61342692385247
2024,11,TEN,MIN,00-0039152,W.Levis,295.0,268.4472828799919
2024,11,TEN,MIN,00-0039152,W.Levis,278.0,250.28336577425938
2024,12,TEN,HOU,00-0039152,W.Levis,278.0,258.88829678196174
2024,12,TEN,HOU,00-0039152,W.Levis,212.0,256.66639581293583
2024,13,TEN,WAS,00-0039152,W.Levis,212.0,217.21718793582372
2024,13,TEN,WAS,00-0039152,W.Levis,168.0,222.78869744882508
2024,14,TEN,JAX,00-0039152,W.Levis,168.0,209.81230681421025
2024,14,TEN,JAX,00-0039152,W.Levis,89.0,196.38652924210044
2024,15,TEN,CIN,00-0039152,W.Levis,89.0,163.880534148927
2024,15,TEN,CIN,00-0039152,W.Levis,175.0,118.96237151608108
2024,18,TEN,HOU,00-0039152,W.Levis,175.0,184.0617370854672
2024,1,HOU,IND,00-0039163,C.Stroud,234.0,226.57846671276508
2024,1,HOU,IND,00-0039163,C.Stroud,260.0,230.03167199050142
2024,2,HOU,CHI,00-0039163,C.Stroud,260.0,238.25727188965809
2024,2,HOU,CHI,00-0039163,C.Stroud,215.0,241.78303030469544
2024,3,HOU,MIN,00-0039163,C.Stroud,215.0,224.70559752418848
2024,3,HOU,MIN,00-0039163,C.Stroud,345.0,229.65491535896626
2024,4,HOU,JAX,00-0039163,C.Stroud,345.0,322.07326759660515
2024,4,HOU,JAX,00-0039163,C.Stroud,331.0,265.26088127062883
2024,5,HOU,BUF,00-0039163,C.Stroud,331.0,279.6188803554385
2024,5,HOU,BUF,00-0039163,C.Stroud,192.0,287.070733847251
2024,6,HOU,NE,00-0039163,C.Stroud,192.0,214.84531070970843
2024,6,HOU,NE,00-0039163,C.Stroud,86.0,221.2357051857309
2024,7,HOU,GB,00-0039163,C.Stroud,86.0,136.76603064430148
2024,7,HOU,GB,00-0039163,C.Stroud,285.0,173.31794011600107
2024,8,HOU,IND,00-0039163,C.Stroud,285.0,270.36593857566965
2024,8,HOU,IND,00-0039163,C.Stroud,191.0,257.90872072218986
2024,9,HOU,NYJ,00-0039163,C.Stroud,191.0,193.15950450712575
2024,9,HOU,NYJ,00-0039163,C.Stroud,232.0,198.16154799982897
2024,10,HOU,DET,00-0039163,C.Stroud,232.0,237.75499423823848
2024,10,HOU,DET,00-0039163,C.Stroud,257.0,222.57874846958748
2024,11,HOU,DAL,00-0039163,C.Stroud,257.0,236.69290484354167
2024,11,HOU,DAL,00-0039163,C.Stroud,247.0,243.31557928432713
2024,12,HOU,TEN,00-0039163,C.Stroud,247.0,231.0615319401394
2024,12,HOU,TEN,00-0039163,C.Stroud,242.0,232.51225484544443
2024,13,HOU,JAX,00-0039163,C.Stroud,242.0,236.30717331345258
2024,13,HOU,JAX,00-0039163,C.Stroud,131.0,237.49790314789038
2024,15,HOU,MIA,00-0039163,C.Stroud,131.0,160.11439906794914
2024,15,HOU,MIA,00-0039163,C.Stroud,244.0,179.46818776884467
2024,16,HOU,KC,00-0039163,C.Stroud,244.0,231.65584839186226
2024,16,HOU,KC,00-0039163,C.Stroud,185.0,231.89006226292415
2024,17,HOU,BAL,00-0039163,C.Stroud,185.0,196.61102237483888
2024,17,HOU,BAL,00-0039163,C.Stroud,50.0,197.2474185276465
2024,18,HOU,TEN,00-0039163,C.Stroud,50.0,138.96284427222892
2024,18,HOU,TEN,00-0039163,C.Stroud,282.0,97.56994559414407
2024,19,HOU,LAC,00-0039163,C.Stroud,282.0,273.7091371548204
2024,19,HOU,LAC,00-0039163,C.Stroud,245.0,246.9341096174689
2024,20,HOU,KC,00-0039163,C.Stroud,245.0,218.2365273440142
2024,1,IND,HOU,00-0039164,A.Richardson,212.0,209.33547189123328
2024,1,IND,HOU,00-0039164,A.Richardson,204.0,202.17293906375383
2024,2,IND,GB,00-0039164,A.Richardson,204.0,190.86667168704815
2024,2,IND,GB,00-0039164,A.Richardson,167.0,197.2862679392926
2024,3,IND,CHI,00-0039164,A.Richardson,167.0,163.2408475762946
2024,3,IND,CHI,00-0039164,A.Richardson,71.0,185.53895691710966
2024,4,IND,PIT,00-0039164,A.Richardson,71.0,138.79041408676267
2024,4,IND,PIT,00-0039164,A.Richardson,129.0,103.47548436293293
2024,7,IND,MIA,00-0039164,A.Richardson,129.0,134.325910302363
2024,7,IND,MIA,00-0039164,A.Richardson,175.0,142.94152381590638
2024,8,IND,HOU,00-0039164,A.Richardson,175.0,174.39518122051874
2024,8,IND,HOU,00-0039164,A.Richardson,272.0,174.86865291112383
2024,11,IND,NYJ,00-0039164,A.Richardson,272.0,249.96975073270644
2024,11,IND,NYJ,00-0039164,A.Richardson,172.0,241.88435676898953
2024,12,IND,DET,00-0039164,A.Richardson,172.0,171.55547073128946
2024,12,IND,DET,00-0039164,A.Richardson,109.0,171.15732901574012
2024,13,IND,NE,00-0039164,A.Richardson,109.0,197.4732102380961
2024,13,IND,NE,00-0039164,A.Richardson,172.0,175.86432652222626
2024,15,IND,DEN,00-0039164,A.Richardson,172.0,179.88850622083493
2024,15,IND,DEN,00-0039164,A.Richardson,131.0,166.382145980072
2024,16,IND,TEN,00-0039164,A.Richardson,131.0,169.010267928394
2024,6,NO,TB,00-0039376,S.Rattler,243.0,235.70907597771026
2024,6,NO,TB,00-0039376,S.Rattler,172.0,235.70907597771026
2024,7,NO,DEN,00-0039376,S.Rattler,172.0,201.00013576169513
2024,7,NO,DEN,00-0039376,S.Rattler,156.0,211.53289176817626
2024,8,NO,LAC,00-0039376,S.Rattler,156.0,190.47868203159726
2024,8,NO,LAC,00-0039376,S.Rattler,135.0,182.4627271301274
2024,15,NO,WAS,00-0039376,S.Rattler,135.0,163.60936238880424
2024,15,NO,WAS,00-0039376,S.Rattler,153.0,157.20947744228403
2024,16,NO,GB,00-0039376,S.Rattler,153.0,172.45605718979542
2024,16,NO,GB,00-0039376,S.Rattler,218.0,179.44473157853201
2024,17,NO,LV,00-0039376,S.Rattler,218.0,194.24980091661993
2024,17,NO,LV,00-0039376,S.Rattler,240.0,202.62347085125313
2024,18,NO,TB,00-0039376,S.Rattler,240.0,232.40750413554824
2024,18,NE,BUF,00-0039398,J.Milton,241.0,240.18307306116873
2024,1,DEN,SEA,00-0039732,B.Nix,138.0,171.23914921041495
2024,1,DEN,SEA,00-0039732,B.Nix,246.0,171.23914921041495
2024,2,DEN,PIT,00-0039732,B.Nix,246.0,229.47821577712864
2024,2,DEN,PIT,00-0039732,B.Nix,216.0,235.92313235834138
2024,3,DEN,TB,00-0039732,B.Nix,216.0,221.7808260253538
2024,3,DEN,TB,00-0039732,B.Nix,60.0,216.18000976262064
2024,4,DEN,NYJ,00-0039732,B.Nix,60.0,93.67271296414322
2024,4,DEN,NYJ,00-0039732,B.Nix,206.0,136.00263219843106
2024,5,DEN,LV,00-0039732,B.Nix,206.0,206.24777676671175
2024,5,DEN,LV,00-0039732,B.Nix,216.0,198.10723816398664
2024,6,DEN,LAC,00-0039732,B.Nix,216.0,197.98861092258554
2024,6,DEN,LAC,00-0039732,B.Nix,164.0,212.92408835783593
2024,7,DEN,NO,00-0039732,B.Nix,164.0,177.93306983656205
2024,7,DEN,NO,00-0039732,B.Nix,284.0,190.1717188010089
2024,8,DEN,CAR,00-0039732,B.Nix,284.0,265.1086896288333
2024,8,DEN,CAR,00-0039732,B.Nix,223.0,253.7433282975652
2024,9,DEN,BAL,00-0039732,B.Nix,223.0,212.97037815146683
2024,9,DEN,BAL,00-0039732,B.Nix,215.0,224.51869489201684
2024,10,DEN,KC,00-0039732,B.Nix,215.0,234.00445373748605
2024,10,DEN,KC,00-0039732,B.Nix,307.0,234.43854119694157
2024,11,DEN,ATL,00-0039732,B.Nix,307.0,266.96069110773806
2024,11,DEN,ATL,00-0039732,B.Nix,273.0,270.6264877543132
2024,12,DEN,LV,00-0039732,B.Nix,273.0,253.80799530662725
2024,12,DEN,LV,00-0039732,B.Nix,294.0,261.65087253815096
2024,13,DEN,CLE,00-0039732,B.Nix,294.0,276.6875728947546
2024,13,DEN,CLE,00-0039732,B.Nix,130.0,261.78883253219266
2024,15,DEN,IND,00-0039732,B.Nix,130.0,143.42189720996558
2024,15,DEN,IND,00-0039732,B.Nix,263.0,177.25356549320296
2024,16,DEN,LAC,00-0039732,B.Nix,263.0,258.04451900617477
2024,16,DEN,LAC,00-0039732,B.Nix,219.0,257.82757064436925
2024,17,DEN,CIN,00-0039732,B.Nix,219.0,224.76757953352845
2024,17,DEN,CIN,00-0039732,B.Nix,321.0,233.2832046324467
2024,18,DEN,KC,00-0039732,B.Nix,321.0,289.6303874424705
2024,18,DEN,KC,00-0039732,B.Nix,144.0,276.9395717668576
2024,19,DEN,BUF,00-0039732,B.Nix,144.0,151.05840815492158
2024,3,NE,NYJ,00-0039851,D.Maye,22.0,61.779094874362784
2024,3,NE,NYJ,00-0039851,D.Maye,243.0,61.779094874362784
2024,6,NE,HOU,00-0039851,D.Maye,243.0,216.3845163968751
2024,6,NE,HOU,00-0039851,D.Maye,276.0,203.5143083460735
2024,7,NE,JAX,00-0039851,D.Maye,276.0,245.616330680989
2024,7,NE,JAX,00-0039851,D.Maye,23.0,222.36705115676403
2024,8,NE,NYJ,00-0039851,D.Maye,23.0,29.938581956599993
2024,8,NE,NYJ,00-0039851,D.Maye,206.0,88.49234584124919
2024,9,NE,TEN,00-0039851,D.Maye,206.0,210.71386712874786
2024,9,NE,TEN,00-0039851,D.Maye,184.0,207.14999113387944
2024,10,NE,CHI,00-0039851,D.Maye,184.0,188.70193628238167
2024,10,NE,CHI,00-0039851,D.Maye,282.0,195.45283238756565
2024,11,NE,LA,00-0039851,D.Maye,282.0,260.1914202105055
2024,11,NE,LA,00-0039851,D.Maye,222.0,244.0412273264074
2024,12,NE,MIA,00-0039851,D.Maye,222.0,218.95360676218414
2024,12,NE,MIA,00-0039851,D.Maye,238.0,220.33134257082781
2024,13,NE,IND,00-0039851,D.Maye,238.0,235.17250416447666
2024,13,NE,IND,00-0039851,D.Maye,202.0,235.17250416447666
2024,15,NE,ARI,00-0039851,D.Maye,202.0,216.63014735769346
2024,15,NE,ARI,00-0039851,D.Maye,261.0,222.35071770156313
2024,16,NE,BUF,00-0039851,D.Maye,261.0,247.05215073921372
2024,16,NE,BUF,00-0039851,D.Maye,117.0,240.2124174416361
2024,17,NE,LAC,00-0039851,D.Maye,117.0,132.6583583043797
2024,17,NE,LAC,00-0039851,D.Maye,0.0,189.50770205621524
2024,18,NE,BUF,00-0039851,D.Maye,0.0,59.108725945765514
2024,1,WAS,TB,00-0039910,J.Daniels,184.0,202.06451782063417
2024,1,WAS,TB,00-0039910,J.Daniels,226.0,202.06451782063417
2024,2,WAS,NYG,00-0039910,J.Daniels,226.0,215.3348292128706
2024,2,WAS,NYG,00-0039910,J.Daniels,254.0,217.1445311051062
2024,3,WAS,CIN,00-0039910,J.Daniels,254.0,232.8529927703689
2024,3,WAS,CIN,00-0039910,J.Daniels,233.0,242.44829301004347
2024,4,WAS,ARI,00-0039910,J.Daniels,233.0,234.13991227479903
2024,4,WAS,ARI,00-0039910,J.Daniels,238.0,235.96871067975604
2024,5,WAS,CLE,00-0039910,J.Daniels,238.0,232.75793901098433
2024,5,WAS,CLE,00-0039910,J.Daniels,269.0,231.060506352779
2024,6,WAS,BAL,00-0039910,J.Daniels,269.0,256.24075971566566
2024,6,WAS,BAL,00-0039910,J.Daniels,6.0,251.82475740345234
2024,7,WAS,CAR,00-0039910,J.Daniels,6.0,16.441610923018573
2024,7,WAS,CAR,00-0039910,J.Daniels,326.0,83.23618123393442
2024,8,WAS,CHI,00-0039910,J.Daniels,326.0,304.42166735208025
2024,8,WAS,CHI,00-0039910,J.Daniels,209.0,290.973497085356
2024,9,WAS,NYG,00-0039910,J.Daniels,209.0,190.37948504838178
2024,9,WAS,NYG,00-0039910,J.Daniels,202.0,207.95260289188204
2024,10,WAS,PIT,00-0039910,J.Daniels,202.0,217.03967363045638
2024,10,WAS,PIT,00-0039910,J.Daniels,191.0,223.73785856992765
2024,11,WAS,PHI,00-0039910,J.Daniels,191.0,208.2197429438345
2024,11,WAS,PHI,00-0039910,J.Daniels,275.0,209.39155891424292
2024,12,WAS,DAL,00-0039910,J.Daniels,275.0,251.2925185230483
2024,12,WAS,DAL,00-0039910,J.Daniels,206.0,243.5899202522577
2024,13,WAS,TEN,00-0039910,J.Daniels,206.0,217.30676120553025
2024,13,WAS,TEN,00-0039910,J.Daniels,226.0,224.88074534103734
2024,15,WAS,NO,00-0039910,J.Daniels,226.0,227.58028841052112
2024,15,WAS,NO,00-0039910,J.Daniels,258.0,211.21824526565874
2024,16,WAS,PHI,00-0039910,J.Daniels,258.0,241.103152317274
2024,16,WAS,PHI,00-0039910,J.Daniels,227.0,242.94682399568802
2024,17,WAS,ATL,00-0039910,J.Daniels,227.0,223.00725491516386
2024,17,WAS,ATL,00-0039910,J.Daniels,38.0,224.83605332012087
2024,18,WAS,DAL,00-0039910,J.Daniels,38.0,96.20555875249151
2024,18,WAS,DAL,00-0039910,J.Daniels,268.0,162.23537545006963
2024,19,WAS,TB,00-0039910,J.Daniels,268.0,266.4234055294603
2024,19,WAS,TB,00-0039910,J.Daniels,299.0,261.56169699078936
2024,20,WAS,DET,00-0039910,J.Daniels,299.0,255.59591628001834
2024,20,WAS,DET,00-0039910,J.Daniels,255.0,262.8898991784269
2024,21,WAS,PHI,00-0039910,J.Daniels,255.0,254.7146609536576
2024,7,ATL,SEA,00-0039917,M.Penix,14.0,33.13939967377072
2024,7,ATL,SEA,00-0039917,M.Penix,24.0,33.13939967377072
2024,11,ATL,DEN,00-0039917,M.Penix,24.0,39.31483861920931
2024,11,ATL,DEN,00-0039917,M.Penix,202.0,44.575285841948386
2024,16,ATL,NYG,00-0039917,M.Penix,202.0,189.845717437853
2024,16,ATL,NYG,00-0039917,M.Penix,223.0,184.98851163680598
2024,17,ATL,WAS,00-0039917,M.Penix,223.0,200.47144739294393
2024,17,ATL,WAS,00-0039917,M.Penix,312.0,201.35243450615917
2024,18,ATL,CAR,00-0039917,M.Penix,312.0,269.7518526073983
2024,1,CHI,TEN,00-0039918,C.Williams,93.0,112.78535264890755
2024,1,CHI,TEN,00-0039918,C.Williams,174.0,112.78535264890755
2024,2,CHI,HOU,00-0039918,C.Williams,174.0,168.89914581443017
2024,2,CHI,HOU,00-0039918,C.Williams,363.0,185.22911557484852
2024,3,CHI,IND,00-0039918,C.Williams,363.0,311.2452353650767
2024,3,CHI,IND,00-0039918,C.Williams,157.0,288.14605873281636
2024,4,CHI,LA,00-0039918,C.Williams,157.0,161.49044996090564
2024,4,CHI,LA,00-0039918,C.Williams,304.0,179.73276755746846
2024,5,CHI,CAR,00-0039918,C.Williams,304.0,294.0389541992625
2024,5,CHI,CAR,00-0039918,C.Williams,226.0,276.9897230035433
2024,6,CHI,JAX,00-0039918,C.Williams,226.0,224.94187761097854
2024,6,CHI,JAX,00-0039918,C.Williams,131.0,227.8120540284292
2024,8,CHI,WAS,00-0039918,C.Williams,131.0,170.88462105248217
2024,8,CHI,WAS,00-0039918,C.Williams,217.0,186.80590852762876
2024,9,CHI,ARI,00-0039918,C.Williams,217.0,205.73591859045072
2024,9,CHI,ARI,00-0039918,C.Williams,120.0,205.93263598697118
2024,10,CHI,NE,00-0039918,C.Williams,120.0,144.86294070675507
2024,10,CHI,NE,00-0039918,C.Williams,231.0,156.79189183121812
2024,11,CHI,GB,00-0039918,C.Williams,231.0,219.1478673785622
2024,11,CHI,GB,00-0039918,C.Williams,340.0,214.81789633807506
2024,12,CHI,MIN,00-0039918,C.Williams,340.0,255.0302452702232
2024,12,CHI,MIN,00-0039918,C.Williams,256.0,270.0877456980619
2024,13,CHI,DET,00-0039918,C.Williams,256.0,249.98509106824585
2024,13,CHI,DET,00-0039918,C.Williams,134.0,255.6028235429918
2024,14,CHI,SF,00-0039918,C.Williams,134.0,190.20987895822032
2024,14,CHI,SF,00-0039918,C.Williams,191.0,187.0118820326558
2024,15,CHI,MIN,00-0039918,C.Williams,191.0,205.68192099542927
2024,15,CHI,MIN,00-0039918,C.Williams,334.0,209.98714676836724
2024,16,CHI,DET,00-0039918,C.Williams,334.0,284.9171370430075
2024,16,CHI,DET,00-0039918,C.Williams,122.0,298.17447357561565
2024,17,CHI,SEA,00-0039918,C.Williams,122.0,132.85489832629685
2024,17,CHI,SEA,00-0039918,C.Williams,148.0,169.8036649797926
2024,18,CHI,GB,00-0039918,C.Williams,148.0,184.68479448044684
