"game_id","home_team","away_team","matchupQuality","home_prob","away_prob","tie_prob","away_projected_pts","home_projected_pts","total_projected_pts","home_PtDiff","away_PtDiff","home_rating","away_rating","game_name","season","season_type","week","sport","league"
"401547353","Kansas City Chiefs","Detroit Lions","78.507","0.6620","0.3353","0.0026","","","","6.063","-6.063","7.609","3.614","Detroit Lions at Kansas City Chiefs","2023","2","1","football","nfl"
"401547403","Atlanta Falcons","Carolina Panthers","20.837","0.5591","0.4373","0.0035","","","","2.203","-2.203","-3.489","-8.905","Carolina Panthers at Atlanta Falcons","2023","2","1","football","nfl"
"401547397","Cleveland Browns","Cincinnati Bengals","65.977","0.4048","0.5919","0.0032","","","","-3.403","3.403","0.545","3.43","Cincinnati Bengals at Cleveland Browns","2023","2","1","football","nfl"
"401547404","Indianapolis Colts","Jacksonville Jaguars","45.872","0.3519","0.6452","0.0028","","","","-5.411","5.411","-2.91","1.918","Jacksonville Jaguars at Indianapolis Colts","2023","2","1","football","nfl"
"401547398","Minnesota Vikings","Tampa Bay Buccaneers","57.114","0.6710","0.3263","0.0026","","","","6.421","-6.421","2.369","0.013","Tampa Bay Buccaneers at Minnesota Vikings","2023","2","1","football","nfl"
"401547399","New Orleans Saints","Tennessee Titans","55.781","0.5337","0.4625","0.0037","","","","1.287","-1.287","2.136","-0.34","Tennessee Titans at New Orleans Saints","2023","2","1","football","nfl"
"401547405","Pittsburgh Steelers","San Francisco 49ers","73.374","0.4377","0.5587","0.0035","","","","-2.19","2.19","-0.314","6.196","San Francisco 49ers at Pittsburgh Steelers","2023","2","1","football","nfl"
"401547406","Washington Commanders","Arizona Cardinals","19.991","0.7313","0.2665","0.0021","","","","8.916","-8.916","-4.776","-9.156","Arizona Cardinals at Washington Commanders","2023","2","1","football","nfl"
"401547396","Baltimore Ravens","Houston Texans","59.817","0.7349","0.2629","0.0021","","","","9.077","-9.077","9.874","-0.844","Houston Texans at Baltimore Ravens","2023","2","1","football","nfl"
"401547407","Chicago Bears","Green Bay Packers","52.969","0.5151","0.4809","0.0038","","","","0.616","-0.616","-1.581","2.296","Green Bay Packers at Chicago Bears","2023","2","1","football","nfl"
"401547400","Denver Broncos","Las Vegas Raiders","49.284","0.5905","0.4061","0.0032","","","","3.353","-3.353","-1.579","1.404","Las Vegas Raiders at Denver Broncos","2023","2","1","football","nfl"
"401547402","New England Patriots","Philadelphia Eagles","45.208","0.3782","0.6186","0.0030","","","","-4.401","4.401","-3.146","1.996","Philadelphia Eagles at New England Patriots","2023","2","1","football","nfl"
"401547401","Los Angeles Chargers","Miami Dolphins","77.128","0.5538","0.4426","0.0035","","","","2.011","-2.011","1.744","5.625","Miami Dolphins at Los Angeles Chargers","2023","2","1","football","nfl"
"401547408","Seattle Seahawks","Los Angeles Rams","67.116","0.6267","0.3702","0.0029","","","","4.706","-4.706","0.856","3.524","Los Angeles Rams at Seattle Seahawks","2023","2","1","football","nfl"
"401547409","New York Giants","Dallas Cowboys","68.958","0.4434","0.5530","0.0035","","","","-1.982","1.982","-3.145","8.399","Dallas Cowboys at New York Giants","2023","2","1","football","nfl"
"401547352","New York Jets","Buffalo Bills","56.498","0.4204","0.5761","0.0033","","","","-2.824","2.824","-6.342","8.856","Buffalo Bills at New York Jets","2023","2","1","football","nfl"
"401547410","Philadelphia Eagles","Minnesota Vikings","65.733","0.6474","0.3497","0.0028","","","","5.409","-5.409","1.996","2.369","Minnesota Vikings at Philadelphia Eagles","2023","2","2","football","nfl"
"401547417","Atlanta Falcons","Green Bay Packers","45.028","0.5148","0.4813","0.0038","","","","0.595","-0.595","-3.489","2.296","Green Bay Packers at Atlanta Falcons","2023","2","2","football","nfl"
"401547411","Buffalo Bills","Las Vegas Raiders","67.205","0.7137","0.2839","0.0022","","","","8.033","-8.033","8.856","1.404","Las Vegas Raiders at Buffalo Bills","2023","2","2","football","nfl"
"401547412","Cincinnati Bengals","Baltimore Ravens","93.445","0.5145","0.4816","0.0038","","","","0.583","-0.583","3.43","9.874","Baltimore Ravens at Cincinnati Bengals","2023","2","2","football","nfl"
"401547418","Detroit Lions","Seattle Seahawks","60.409","0.6466","0.3505","0.0028","","","","5.376","-5.376","3.614","0.856","Seattle Seahawks at Detroit Lions","2023","2","2","football","nfl"
"401547414","Tennessee Titans","Los Angeles Chargers","55.313","0.3690","0.6280","0.0029","","","","-4.676","4.676","-0.34","1.744","Los Angeles Chargers at Tennessee Titans","2023","2","2","football","nfl"
"401547420","Tampa Bay Buccaneers","Chicago Bears","44.889","0.5209","0.4752","0.0038","","","","0.809","-0.809","0.013","-1.581","Chicago Bears at Tampa Bay Buccaneers","2023","2","2","football","nfl"
"401547413","Jacksonville Jaguars","Kansas City Chiefs","85.06","0.3843","0.6125","0.0030","","","","-4.102","4.102","1.918","7.609","Kansas City Chiefs at Jacksonville Jaguars","2023","2","2","football","nfl"
"401547419","Houston Texans","Indianapolis Colts","38.148","0.5300","0.4661","0.0037","","","","1.135","-1.135","-0.844","-2.91","Indianapolis Colts at Houston Texans","2023","2","2","football","nfl"
"401547422","Los Angeles Rams","San Francisco 49ers","93.747","0.3418","0.6554","0.0027","","","","-5.712","5.712","3.524","10.017","San Francisco 49ers at Los Angeles Rams","2023","2","2","football","nfl"
"401547421","Arizona Cardinals","New York Giants","8.477","0.3505","0.6466","0.0028","","","","-5.376","5.376","-9.156","-3.145","New York Giants at Arizona Cardinals","2023","2","2","football","nfl"
"401547415","Dallas Cowboys","New York Jets","50.292","0.6800","0.3173","0.0025","","","","6.671","-6.671","8.399","-6.342","New York Jets at Dallas Cowboys","2023","2","2","football","nfl"
"401547416","Denver Broncos","Washington Commanders","32.042","0.6639","0.3333","0.0026","","","","6.041","-6.041","-1.579","-6.722","Washington Commanders at Denver Broncos","2023","2","2","football","nfl"
"401547423","New England Patriots","Miami Dolphins","59.998","0.3807","0.6161","0.0030","","","","-4.237","4.237","-3.146","5.625","Miami Dolphins at New England Patriots","2023","2","2","football","nfl"
"401547425","Carolina Panthers","New Orleans Saints","26.552","0.3799","0.6170","0.0030","","","","-4.269","4.269","-8.905","2.136","New Orleans Saints at Carolina Panthers","2023","2","2","football","nfl"
"401547424","Pittsburgh Steelers","Cleveland Browns","50.902","0.4076","0.5890","0.0032","","","","-3.245","3.245","-0.314","0.545","Cleveland Browns at Pittsburgh Steelers","2023","2","2","football","nfl"
"401547426","San Francisco 49ers","New York Giants","52.535","0.8045","0.1938","0.0015","","","","12.023","-12.023","10.017","-3.145","New York Giants at San Francisco 49ers","2023","2","3","football","nfl"
"401547428","Cleveland Browns","Tennessee Titans","50.753","0.5709","0.4256","0.0034","","","","2.559","-2.559","0.545","-0.34","Tennessee Titans at Cleveland Browns","2023","2","3","football","nfl"
"401547433","Detroit Lions","Atlanta Falcons","50.242","0.5510","0.4453","0.0035","","","","1.855","-1.855","3.614","-3.489","Atlanta Falcons at Detroit Lions","2023","2","3","football","nfl"
"401547434","Green Bay Packers","New Orleans Saints","65.012","0.5331","0.4630","0.0037","","","","1.229","-1.229","2.296","2.136","New Orleans Saints at Green Bay Packers","2023","2","3","football","nfl"
"401547429","Miami Dolphins","Denver Broncos","56.287","0.7005","0.2970","0.0023","","","","7.393","-7.393","5.625","-1.579","Denver Broncos at Miami Dolphins","2023","2","3","football","nfl"
"401547436","Minnesota Vikings","Los Angeles Chargers","62.426","0.4646","0.5316","0.0037","","","","-1.174","1.174","2.369","1.744","Los Angeles Chargers at Minnesota Vikings","2023","2","3","football","nfl"
"401547430","New York Jets","New England Patriots","15.323","0.5470","0.4493","0.0036","","","","1.714","-1.714","-6.342","-3.146","New England Patriots at New York Jets","2023","2","3","football","nfl"
"401547431","Washington Commanders","Buffalo Bills","55.266","0.2636","0.7342","0.0021","","","","-8.783","8.783","-6.722","8.856","Buffalo Bills at Washington Commanders","2023","2","3","football","nfl"
"401547435","Jacksonville Jaguars","Houston Texans","53.277","0.7118","0.2858","0.0023","","","","7.85","-7.85","1.918","-0.844","Houston Texans at Jacksonville Jaguars","2023","2","3","football","nfl"
"401547427","Baltimore Ravens","Indianapolis Colts","57.452","0.7726","0.2255","0.0018","","","","10.482","-10.482","9.874","-2.092","Indianapolis Colts at Baltimore Ravens","2023","2","3","football","nfl"
"401547432","Seattle Seahawks","Carolina Panthers","44.282","0.7249","0.2729","0.0021","","","","8.389","-8.389","0.856","-3.978","Carolina Panthers at Seattle Seahawks","2023","2","3","football","nfl"
"401547438","Kansas City Chiefs","Chicago Bears","58.947","0.8190","0.1795","0.0014","","","","12.77","-12.77","7.609","-1.581","Chicago Bears at Kansas City Chiefs","2023","2","3","football","nfl"
"401547437","Arizona Cardinals","Dallas Cowboys","48.383","0.1180","0.8809","0.0009","","","","-16.509","16.509","-9.156","8.399","Dallas Cowboys at Arizona Cardinals","2023","2","3","football","nfl"
"401547439","Las Vegas Raiders","Pittsburgh Steelers","53.081","0.5064","0.4896","0.0039","","","","0.294","-0.294","1.404","-0.314","Pittsburgh Steelers at Las Vegas Raiders","2023","2","3","football","nfl"
"401547440","Tampa Bay Buccaneers","Philadelphia Eagles","58.11","0.2950","0.7026","0.0023","","","","-7.476","7.476","0.013","1.996","Philadelphia Eagles at Tampa Bay Buccaneers","2023","2","3","football","nfl"
"401547441","Cincinnati Bengals","Los Angeles Rams","72.293","0.6526","0.3446","0.0027","","","","5.532","-5.532","3.43","3.524","Los Angeles Rams at Cincinnati Bengals","2023","2","3","football","nfl"
"401547442","Green Bay Packers","Detroit Lions","72.288","0.4589","0.5374","0.0036","","","","-1.361","1.361","2.296","3.614","Detroit Lions at Green Bay Packers","2023","2","4","football","nfl"
"401547227","Jacksonville Jaguars","Atlanta Falcons","44.184","0.5220","0.4741","0.0038","","","","0.831","-0.831","1.918","-3.489","Atlanta Falcons at Jacksonville Jaguars","2023","2","4","football","nfl"
"401547443","Buffalo Bills","Miami Dolphins","85.345","0.4858","0.5102","0.0039","","","","-0.422","0.422","8.856","5.625","Miami Dolphins at Buffalo Bills","2023","2","4","football","nfl"
"401547444","Chicago Bears","Denver Broncos","38.635","0.4672","0.5290","0.0037","","","","-1.07","1.07","-1.581","-1.579","Denver Broncos at Chicago Bears","2023","2","4","football","nfl"
"401547445","Cleveland Browns","Baltimore Ravens","79.454","0.4127","0.5839","0.0033","","","","-2.988","2.988","-0.93","9.874","Baltimore Ravens at Cleveland Browns","2023","2","4","football","nfl"
"401547452","Tennessee Titans","Cincinnati Bengals","62.584","0.3886","0.6082","0.0031","","","","-3.849","3.849","-0.34","3.43","Cincinnati Bengals at Tennessee Titans","2023","2","4","football","nfl"
"401547449","Indianapolis Colts","Los Angeles Rams","52.553","0.4378","0.5586","0.0035","","","","-2.1","2.1","-2.91","3.524","Los Angeles Rams at Indianapolis Colts","2023","2","4","football","nfl"
"401547450","New Orleans Saints","Tampa Bay Buccaneers","56.8","0.5465","0.4498","0.0036","","","","1.68","-1.68","2.136","0.013","Tampa Bay Buccaneers at New Orleans Saints","2023","2","4","football","nfl"
"401547451","Philadelphia Eagles","Washington Commanders","41.448","0.7650","0.2330","0.0018","","","","10.023","-10.023","1.996","-6.722","Washington Commanders at Philadelphia Eagles","2023","2","4","football","nfl"
"401547448","Carolina Panthers","Minnesota Vikings","27.197","0.3583","0.6387","0.0028","","","","-4.959","4.959","-8.905","2.369","Minnesota Vikings at Carolina Panthers","2023","2","4","football","nfl"
"401547446","Houston Texans","Pittsburgh Steelers","45.776","0.4100","0.5867","0.0032","","","","-3.084","3.084","-0.844","-0.314","Pittsburgh Steelers at Houston Texans","2023","2","4","football","nfl"
"401547447","Los Angeles Chargers","Las Vegas Raiders","47.59","0.8205","0.1779","0.0014","","","","12.712","-12.712","1.744","-2.605","Las Vegas Raiders at Los Angeles Chargers","2023","2","4","football","nfl"
"401547453","Dallas Cowboys","New England Patriots","53.588","0.6858","0.3116","0.0025","","","","6.737","-6.737","8.399","-3.146","New England Patriots at Dallas Cowboys","2023","2","4","football","nfl"
"401547454","San Francisco 49ers","Arizona Cardinals","50.005","0.8733","0.1256","0.0010","","","","15.813","-15.813","10.017","-9.156","Arizona Cardinals at San Francisco 49ers","2023","2","4","football","nfl"
"401547455","New York Jets","Kansas City Chiefs","54.043","0.2557","0.7421","0.0020","","","","-9.024","9.024","-6.342","7.609","Kansas City Chiefs at New York Jets","2023","2","4","football","nfl"
"401547456","New York Giants","Seattle Seahawks","41.376","0.4336","0.5628","0.0034","","","","-2.247","2.247","-3.145","0.856","Seattle Seahawks at New York Giants","2023","2","4","football","nfl"
"401547457","Washington Commanders","Chicago Bears","18.402","0.6076","0.3892","0.0031","","","","3.802","-3.802","-6.722","-1.581","Chicago Bears at Washington Commanders","2023","2","5","football","nfl"
"401547228","Buffalo Bills","Jacksonville Jaguars","80.765","0.7910","0.2072","0.0016","","","","11.154","-11.154","8.856","1.918","Jacksonville Jaguars at Buffalo Bills","2023","2","5","football","nfl"
"401547463","Atlanta Falcons","Houston Texans","32.961","0.5258","0.4703","0.0037","","","","0.954","-0.954","-3.489","-0.844","Houston Texans at Atlanta Falcons","2023","2","5","football","nfl"
"401547464","Detroit Lions","Carolina Panthers","47.17","0.7718","0.2263","0.0018","","","","10.262","-10.262","3.614","-8.905","Carolina Panthers at Detroit Lions","2023","2","5","football","nfl"
"401547458","Indianapolis Colts","Tennessee Titans","36.927","0.4408","0.5556","0.0035","","","","-1.981","1.981","-2.91","-0.34","Tennessee Titans at Indianapolis Colts","2023","2","5","football","nfl"
"401547465","Miami Dolphins","New York Giants","52.87","0.8698","0.1291","0.0010","","","","15.477","-15.477","5.625","-3.145","New York Giants at Miami Dolphins","2023","2","5","football","nfl"
"401547459","New England Patriots","New Orleans Saints","45.808","0.5370","0.4592","0.0036","","","","1.339","-1.339","-3.146","2.136","New Orleans Saints at New England Patriots","2023","2","5","football","nfl"
"401547460","Pittsburgh Steelers","Baltimore Ravens","81.702","0.2796","0.7180","0.0022","","","","-7.962","7.962","-0.314","9.874","Baltimore Ravens at Pittsburgh Steelers","2023","2","5","football","nfl"
"401547467","Los Angeles Rams","Philadelphia Eagles","65.411","0.4425","0.5538","0.0035","","","","-1.92","1.92","3.524","1.996","Philadelphia Eagles at Los Angeles Rams","2023","2","5","football","nfl"
"401547466","Arizona Cardinals","Cincinnati Bengals","30.277","0.3497","0.6474","0.0028","","","","-5.242","5.242","-9.156","3.43","Cincinnati Bengals at Arizona Cardinals","2023","2","5","football","nfl"
"401547461","Denver Broncos","New York Jets","32.793","0.4508","0.5455","0.0036","","","","-1.631","1.631","-1.579","-6.342","New York Jets at Denver Broncos","2023","2","5","football","nfl"
"401547462","Minnesota Vikings","Kansas City Chiefs","86.425","0.3175","0.6798","0.0025","","","","-6.461","6.461","2.369","7.609","Kansas City Chiefs at Minnesota Vikings","2023","2","5","football","nfl"
"401547354","San Francisco 49ers","Dallas Cowboys","93.697","0.5504","0.4460","0.0035","","","","1.8","-1.8","10.017","8.399","Dallas Cowboys at San Francisco 49ers","2023","2","5","football","nfl"
"401547468","Las Vegas Raiders","Green Bay Packers","64.003","0.4356","0.5608","0.0035","","","","-2.163","2.163","1.404","2.296","Green Bay Packers at Las Vegas Raiders","2023","2","5","football","nfl"
"401547469","Kansas City Chiefs","Denver Broncos","58.683","0.8490","0.1497","0.0012","","","","14.126","-14.126","7.609","-1.579","Denver Broncos at Kansas City Chiefs","2023","2","6","football","nfl"
"401547229","Tennessee Titans","Baltimore Ravens","71.979","0.3103","0.6871","0.0024","","","","-6.705","6.705","-0.34","9.874","Baltimore Ravens at Tennessee Titans","2023","2","6","football","nfl"
"401547470","Atlanta Falcons","Washington Commanders","19.959","0.5786","0.4179","0.0033","","","","2.768","-2.768","-3.489","-6.722","Washington Commanders at Atlanta Falcons","2023","2","6","football","nfl"
"401547475","Chicago Bears","Minnesota Vikings","53.213","0.4011","0.5955","0.0032","","","","-3.359","3.359","-1.581","2.369","Minnesota Vikings at Chicago Bears","2023","2","6","football","nfl"
"401547471","Cincinnati Bengals","Seattle Seahawks","64.093","0.4613","0.5349","0.0037","","","","-1.26","1.26","3.43","0.856","Seattle Seahawks at Cincinnati Bengals","2023","2","6","football","nfl"
"401547476","Cleveland Browns","San Francisco 49ers","83.925","0.2614","0.7364","0.0021","","","","-8.675","8.675","-0.93","10.017","San Francisco 49ers at Cleveland Browns","2023","2","6","football","nfl"
"401547473","Miami Dolphins","Carolina Panthers","48.964","0.8769","0.1220","0.0009","","","","15.862","-15.862","5.625","-8.905","Carolina Panthers at Miami Dolphins","2023","2","6","football","nfl"
"401547472","Jacksonville Jaguars","Indianapolis Colts","49.521","0.6538","0.3434","0.0027","","","","5.452","-5.452","1.918","-2.092","Indianapolis Colts at Jacksonville Jaguars","2023","2","6","football","nfl"
"401547477","Houston Texans","New Orleans Saints","55.292","0.4533","0.5429","0.0036","","","","-1.535","1.535","-0.844","2.136","New Orleans Saints at Houston Texans","2023","2","6","football","nfl"
"401547474","Las Vegas Raiders","New England Patriots","46.171","0.5567","0.4397","0.0035","","","","2.009","-2.009","1.404","-3.146","New England Patriots at Las Vegas Raiders","2023","2","6","football","nfl"
"401547479","Los Angeles Rams","Arizona Cardinals","45.79","0.7265","0.2712","0.0021","","","","8.266","-8.266","3.524","-9.156","Arizona Cardinals at Los Angeles Rams","2023","2","6","football","nfl"
"401547480","New York Jets","Philadelphia Eagles","33.184","0.3445","0.6526","0.0027","","","","-5.409","5.409","-6.342","1.996","Philadelphia Eagles at New York Jets","2023","2","6","football","nfl"
"401547478","Tampa Bay Buccaneers","Detroit Lions","63.242","0.4460","0.5503","0.0035","","","","-1.789","1.789","0.013","3.614","Detroit Lions at Tampa Bay Buccaneers","2023","2","6","football","nfl"
"401547481","Buffalo Bills","New York Giants","50.014","0.9487","0.0508","0.0004","","","","22.307","-22.307","8.856","-8.646","New York Giants at Buffalo Bills","2023","2","6","football","nfl"
"401547482","Los Angeles Chargers","Dallas Cowboys","85.891","0.5560","0.4404","0.0035","","","","1.985","-1.985","1.744","8.399","Dallas Cowboys at Los Angeles Chargers","2023","2","6","football","nfl"
"401547483","New Orleans Saints","Jacksonville Jaguars","64.619","0.4267","0.5698","0.0034","","","","-2.451","2.451","2.136","1.918","Jacksonville Jaguars at New Orleans Saints","2023","2","7","football","nfl"
"401547490","Chicago Bears","Las Vegas Raiders","33.673","0.6643","0.3329","0.0026","","","","5.814","-5.814","-2.32","-2.605","Las Vegas Raiders at Chicago Bears","2023","2","7","football","nfl"
"401547484","Indianapolis Colts","Cleveland Browns","43.702","0.3981","0.5986","0.0032","","","","-3.45","3.45","-2.092","0.545","Cleveland Browns at Indianapolis Colts","2023","2","7","football","nfl"
"401547485","New England Patriots","Buffalo Bills","68.875","0.1750","0.8235","0.0014","","","","-12.654","12.654","-3.146","8.856","Buffalo Bills at New England Patriots","2023","2","7","football","nfl"
"401547486","New York Giants","Washington Commanders","4.458","0.3828","0.6140","0.0030","","","","-3.992","3.992","-8.646","-6.722","Washington Commanders at New York Giants","2023","2","7","football","nfl"
"401547491","Tampa Bay Buccaneers","Atlanta Falcons","39.668","0.5251","0.4710","0.0037","","","","0.922","-0.922","0.013","-3.489","Atlanta Falcons at Tampa Bay Buccaneers","2023","2","7","football","nfl"
"401547489","Baltimore Ravens","Detroit Lions","79.024","0.5391","0.4571","0.0036","","","","1.398","-1.398","9.874","3.614","Detroit Lions at Baltimore Ravens","2023","2","7","football","nfl"
"401547492","Los Angeles Rams","Pittsburgh Steelers","60.009","0.5829","0.4137","0.0033","","","","2.901","-2.901","3.524","-0.314","Pittsburgh Steelers at Los Angeles Rams","2023","2","7","football","nfl"
"401547493","Seattle Seahawks","Arizona Cardinals","40.032","0.7963","0.2019","0.0016","","","","11.297","-11.297","0.856","-9.156","Arizona Cardinals at Seattle Seahawks","2023","2","7","football","nfl"
"401547487","Denver Broncos","Green Bay Packers","52.984","0.4289","0.5675","0.0034","","","","-2.372","2.372","-1.579","2.296","Green Bay Packers at Denver Broncos","2023","2","7","football","nfl"
"401547488","Kansas City Chiefs","Los Angeles Chargers","65.621","0.6855","0.3119","0.0025","","","","6.613","-6.613","7.609","1.744","Los Angeles Chargers at Kansas City Chiefs","2023","2","7","football","nfl"
"401547494","Philadelphia Eagles","Miami Dolphins","78.875","0.4116","0.5850","0.0033","","","","-2.976","2.976","1.996","5.625","Miami Dolphins at Philadelphia Eagles","2023","2","7","football","nfl"
"401547495","Minnesota Vikings","San Francisco 49ers","91.833","0.2969","0.7006","0.0023","","","","-7.195","7.195","2.369","10.017","San Francisco 49ers at Minnesota Vikings","2023","2","7","football","nfl"
"401547496","Buffalo Bills","Tampa Bay Buccaneers","63.158","0.8266","0.1720","0.0013","","","","12.756","-12.756","8.856","0.013","Tampa Bay Buccaneers at Buffalo Bills","2023","2","8","football","nfl"
"401547505","Dallas Cowboys","Los Angeles Rams","71.515","0.6869","0.3105","0.0024","","","","6.635","-6.635","8.399","3.524","Los Angeles Rams at Dallas Cowboys","2023","2","8","football","nfl"
"401547506","Green Bay Packers","Minnesota Vikings","66.777","0.4163","0.5803","0.0033","","","","-2.8","2.8","2.296","2.369","Minnesota Vikings at Green Bay Packers","2023","2","8","football","nfl"
"401547500","Tennessee Titans","Atlanta Falcons","23.777","0.5172","0.4788","0.0038","","","","0.651","-0.651","-4.776","-3.489","Atlanta Falcons at Tennessee Titans","2023","2","8","football","nfl"
"401547507","Indianapolis Colts","New Orleans Saints","50.187","0.4504","0.5459","0.0036","","","","-1.621","1.621","-2.092","2.136","New Orleans Saints at Indianapolis Colts","2023","2","8","football","nfl"
"401547497","Miami Dolphins","New England Patriots","53.202","0.8054","0.1930","0.0015","","","","11.68","-11.68","5.625","-3.146","New England Patriots at Miami Dolphins","2023","2","8","football","nfl"
"401547498","New York Giants","New York Jets","3.924","0.2262","0.7719","0.0018","","","","-10.115","10.115","-8.646","-6.342","New York Jets at New York Giants","2023","2","8","football","nfl"
"401547499","Pittsburgh Steelers","Jacksonville Jaguars","56.558","0.3909","0.6059","0.0031","","","","-3.687","3.687","-0.314","1.918","Jacksonville Jaguars at Pittsburgh Steelers","2023","2","8","football","nfl"
"401547508","Washington Commanders","Philadelphia Eagles","31.907","0.2350","0.7630","0.0018","","","","-9.724","9.724","-6.722","1.996","Philadelphia Eagles at Washington Commanders","2023","2","8","football","nfl"
"401547504","Carolina Panthers","Houston Texans","14.869","0.3690","0.6279","0.0029","","","","-4.467","4.467","-8.905","-0.844","Houston Texans at Carolina Panthers","2023","2","8","football","nfl"
"401547509","Seattle Seahawks","Cleveland Browns","49.78","0.6575","0.3397","0.0027","","","","5.536","-5.536","0.856","-0.93","Cleveland Browns at Seattle Seahawks","2023","2","8","football","nfl"
"401547502","Denver Broncos","Kansas City Chiefs","72.625","0.1722","0.8263","0.0013","","","","-12.743","12.743","-1.579","7.609","Kansas City Chiefs at Denver Broncos","2023","2","8","football","nfl"
"401547501","Arizona Cardinals","Baltimore Ravens","51.502","0.1456","0.8531","0.0011","","","","-14.23","14.23","-9.156","9.874","Baltimore Ravens at Arizona Cardinals","2023","2","8","football","nfl"
"401547503","San Francisco 49ers","Cincinnati Bengals","81.78","0.6973","0.3002","0.0024","","","","7.034","-7.034","10.017","3.43","Cincinnati Bengals at San Francisco 49ers","2023","2","8","football","nfl"
"401547510","Los Angeles Chargers","Chicago Bears","48.61","0.7565","0.2415","0.0019","","","","9.442","-9.442","1.744","-2.32","Chicago Bears at Los Angeles Chargers","2023","2","8","football","nfl"
"401547511","Detroit Lions","Las Vegas Raiders","64.196","0.7066","0.2910","0.0023","","","","7.396","-7.396","3.614","1.404","Las Vegas Raiders at Detroit Lions","2023","2","8","football","nfl"
"401547512","Pittsburgh Steelers","Tennessee Titans","36.438","0.5825","0.4141","0.0033","","","","2.862","-2.862","-0.314","-4.776","Tennessee Titans at Pittsburgh Steelers","2023","2","9","football","nfl"
"401547230","Kansas City Chiefs","Miami Dolphins","92.956","0.5079","0.4881","0.0039","","","","0.335","-0.335","7.609","5.625","Miami Dolphins at Kansas City Chiefs","2023","2","9","football","nfl"
"401547518","Atlanta Falcons","Minnesota Vikings","31.816","0.5079","0.4881","0.0039","","","","0.333","-0.333","-2.45","-2.843","Minnesota Vikings at Atlanta Falcons","2023","2","9","football","nfl"
"401547514","Cleveland Browns","Arizona Cardinals","35.062","0.6926","0.3048","0.0024","","","","6.823","-6.823","-0.93","-9.156","Arizona Cardinals at Cleveland Browns","2023","2","9","football","nfl"
"401547519","Green Bay Packers","Los Angeles Rams","61.214","0.5506","0.4457","0.0035","","","","1.774","-1.774","2.296","1.267","Los Angeles Rams at Green Bay Packers","2023","2","9","football","nfl"
"401547520","New England Patriots","Washington Commanders","23.061","0.5616","0.4348","0.0034","","","","2.148","-2.148","-3.146","-6.722","Washington Commanders at New England Patriots","2023","2","9","football","nfl"
"401547516","New Orleans Saints","Chicago Bears","49.529","0.6731","0.3242","0.0026","","","","6.086","-6.086","2.136","-2.32","Chicago Bears at New Orleans Saints","2023","2","9","football","nfl"
"401547513","Baltimore Ravens","Seattle Seahawks","63.378","0.6948","0.3027","0.0024","","","","6.905","-6.905","9.874","0.856","Seattle Seahawks at Baltimore Ravens","2023","2","9","football","nfl"
"401547515","Houston Texans","Tampa Bay Buccaneers","46.71","0.5053","0.4906","0.0039","","","","0.248","-0.248","-0.844","0.013","Tampa Bay Buccaneers at Houston Texans","2023","2","9","football","nfl"
"401547517","Carolina Panthers","Indianapolis Colts","11.388","0.4023","0.5944","0.0032","","","","-3.271","3.271","-8.905","-2.092","Indianapolis Colts at Carolina Panthers","2023","2","9","football","nfl"
"401547521","Las Vegas Raiders","New York Giants","31.717","0.4106","0.5860","0.0033","","","","-2.984","2.984","-2.605","-3.145","New York Giants at Las Vegas Raiders","2023","2","9","football","nfl"
"401547522","Philadelphia Eagles","Dallas Cowboys","87.506","0.4987","0.4972","0.0039","","","","0.024","-0.024","1.996","8.399","Dallas Cowboys at Philadelphia Eagles","2023","2","9","football","nfl"
"401547523","Cincinnati Bengals","Buffalo Bills","91.465","0.3282","0.6691","0.0026","","","","-5.936","5.936","3.43","8.856","Buffalo Bills at Cincinnati Bengals","2023","2","9","football","nfl"
"401547524","New York Jets","Los Angeles Chargers","31.34","0.3851","0.6117","0.0030","","","","-3.874","3.874","-6.342","1.744","Los Angeles Chargers at New York Jets","2023","2","9","football","nfl"
"401547525","Chicago Bears","Carolina Panthers","26.72","0.6104","0.3864","0.0031","","","","3.813","-3.813","-2.32","-8.905","Carolina Panthers at Chicago Bears","2023","2","10","football","nfl"
"401547231","New England Patriots","Indianapolis Colts","28.916","0.4739","0.5222","0.0038","","","","-0.811","0.811","-3.146","-2.092","Indianapolis Colts at New England Patriots","2023","2","10","football","nfl"
"401547526","Cincinnati Bengals","Houston Texans","56.863","0.6533","0.3438","0.0027","","","","5.336","-5.336","3.43","-0.844","Houston Texans at Cincinnati Bengals","2023","2","10","football","nfl"
"401547533","Minnesota Vikings","New Orleans Saints","47.064","0.4989","0.4970","0.0039","","","","0.031","-0.031","-2.843","2.136","New Orleans Saints at Minnesota Vikings","2023","2","10","football","nfl"
"401547527","Pittsburgh Steelers","Green Bay Packers","57.749","0.5949","0.4017","0.0032","","","","3.277","-3.277","-0.314","2.296","Green Bay Packers at Pittsburgh Steelers","2023","2","10","football","nfl"
"401547528","Tampa Bay Buccaneers","Tennessee Titans","36.466","0.5463","0.4500","0.0036","","","","1.62","-1.62","0.013","-4.776","Tennessee Titans at Tampa Bay Buccaneers","2023","2","10","football","nfl"
"401547532","Jacksonville Jaguars","San Francisco 49ers","91.042","0.4345","0.5619","0.0034","","","","-2.148","2.148","1.918","10.017","San Francisco 49ers at Jacksonville Jaguars","2023","2","10","football","nfl"
"401547531","Baltimore Ravens","Cleveland Browns","66.886","0.6994","0.2981","0.0024","","","","7.051","-7.051","9.874","0.545","Cleveland Browns at Baltimore Ravens","2023","2","10","football","nfl"
"401547529","Arizona Cardinals","Atlanta Falcons","25.825","0.4374","0.5590","0.0035","","","","-2.05","2.05","-4.298","-2.45","Atlanta Falcons at Arizona Cardinals","2023","2","10","football","nfl"
"401547530","Los Angeles Chargers","Detroit Lions","71.129","0.5907","0.4060","0.0032","","","","3.13","-3.13","1.744","3.614","Detroit Lions at Los Angeles Chargers","2023","2","10","football","nfl"
"401547534","Dallas Cowboys","New York Giants","49.99","0.8984","0.1007","0.0008","","","","17.085","-17.085","8.399","-8.646","New York Giants at Dallas Cowboys","2023","2","10","football","nfl"
"401547535","Seattle Seahawks","Washington Commanders","43.135","0.6347","0.3623","0.0029","","","","4.669","-4.669","0.856","-4.776","Washington Commanders at Seattle Seahawks","2023","2","10","football","nfl"
"401547536","Las Vegas Raiders","New York Jets","30.772","0.4406","0.5558","0.0035","","","","-1.941","1.941","-2.605","-6.342","New York Jets at Las Vegas Raiders","2023","2","10","football","nfl"
"401547537","Buffalo Bills","Denver Broncos","62.227","0.7868","0.2114","0.0017","","","","10.699","-10.699","8.856","-1.579","Denver Broncos at Buffalo Bills","2023","2","10","football","nfl"
"401547538","Baltimore Ravens","Cincinnati Bengals","78.454","0.6482","0.3489","0.0028","","","","5.13","-5.13","9.874","3.43","Cincinnati Bengals at Baltimore Ravens","2023","2","11","football","nfl"
"401547539","Cleveland Browns","Pittsburgh Steelers","45.171","0.5283","0.4679","0.0037","","","","1.012","-1.012","-0.93","-0.314","Pittsburgh Steelers at Cleveland Browns","2023","2","11","football","nfl"
"401547546","Detroit Lions","Chicago Bears","55.937","0.6882","0.3092","0.0024","","","","6.6","-6.6","3.614","-1.581","Chicago Bears at Detroit Lions","2023","2","11","football","nfl"
"401547547","Green Bay Packers","Los Angeles Chargers","63.043","0.3270","0.6703","0.0026","","","","-5.934","5.934","2.296","1.744","Los Angeles Chargers at Green Bay Packers","2023","2","11","football","nfl"
"401547542","Miami Dolphins","Las Vegas Raiders","51.404","0.9049","0.0942","0.0007","","","","17.523","-17.523","5.625","-2.605","Las Vegas Raiders at Miami Dolphins","2023","2","11","football","nfl"
"401547548","Washington Commanders","New York Giants","8.915","0.7102","0.2874","0.0023","","","","7.441","-7.441","-6.722","-8.646","New York Giants at Washington Commanders","2023","2","11","football","nfl"
"401547545","Carolina Panthers","Dallas Cowboys","48.694","0.1555","0.8432","0.0012","","","","-13.49","13.49","-8.905","8.399","Dallas Cowboys at Carolina Panthers","2023","2","11","football","nfl"
"401547541","Jacksonville Jaguars","Tennessee Titans","44.061","0.6998","0.2977","0.0023","","","","7.042","-7.042","1.918","-4.776","Tennessee Titans at Jacksonville Jaguars","2023","2","11","football","nfl"
"401547540","Houston Texans","Arizona Cardinals","35.961","0.6751","0.3222","0.0025","","","","6.112","-6.112","-0.844","-4.298","Arizona Cardinals at Houston Texans","2023","2","11","football","nfl"
"401547549","San Francisco 49ers","Tampa Bay Buccaneers","60.372","0.8117","0.1868","0.0015","","","","11.841","-11.841","10.017","0.013","Tampa Bay Buccaneers at San Francisco 49ers","2023","2","11","football","nfl"
"401547543","Buffalo Bills","New York Jets","50.8","0.7958","0.2025","0.0016","","","","11.075","-11.075","8.856","-6.342","New York Jets at Buffalo Bills","2023","2","11","football","nfl"
"401547544","Los Angeles Rams","Seattle Seahawks","58.086","0.5514","0.4449","0.0035","","","","1.788","-1.788","2.396","0.856","Seattle Seahawks at Los Angeles Rams","2023","2","11","football","nfl"
"401547550","Denver Broncos","Minnesota Vikings","34.685","0.4220","0.5746","0.0033","","","","-2.569","2.569","-1.579","-2.843","Minnesota Vikings at Denver Broncos","2023","2","11","football","nfl"
"401547345","Kansas City Chiefs","Philadelphia Eagles","70.579","0.6062","0.3906","0.0031","","","","3.652","-3.652","7.609","1.996","Philadelphia Eagles at Kansas City Chiefs","2023","2","11","football","nfl"
"401547552","Detroit Lions","Green Bay Packers","69.947","0.6397","0.3573","0.0028","","","","4.814","-4.814","3.614","2.296","Green Bay Packers at Detroit Lions","2023","2","12","football","nfl"
"401547551","Dallas Cowboys","Washington Commanders","50.26","0.8514","0.1474","0.0011","","","","13.907","-13.907","8.399","-6.722","Washington Commanders at Dallas Cowboys","2023","2","12","football","nfl"
"401547553","Seattle Seahawks","San Francisco 49ers","86.849","0.2651","0.7327","0.0021","","","","-8.31","8.31","0.856","10.017","San Francisco 49ers at Seattle Seahawks","2023","2","12","football","nfl"
"401547242","New York Jets","Miami Dolphins","47.428","0.1893","0.8091","0.0015","","","","-11.678","11.678","-6.342","5.625","Miami Dolphins at New York Jets","2023","2","12","football","nfl"
"401547559","Atlanta Falcons","New Orleans Saints","44.373","0.4262","0.5703","0.0034","","","","-2.418","2.418","-3.489","2.136","New Orleans Saints at Atlanta Falcons","2023","2","12","football","nfl"
"401547554","Cincinnati Bengals","Pittsburgh Steelers","48.716","0.4813","0.5148","0.0038","","","","-0.559","0.559","-0.051","-0.314","Pittsburgh Steelers at Cincinnati Bengals","2023","2","12","football","nfl"
"401547561","Tennessee Titans","Carolina Panthers","15.966","0.6130","0.3839","0.0030","","","","3.875","-3.875","-4.776","-8.905","Carolina Panthers at Tennessee Titans","2023","2","12","football","nfl"
"401547556","Indianapolis Colts","Tampa Bay Buccaneers","42.881","0.5466","0.4497","0.0036","","","","1.62","-1.62","-2.092","0.013","Tampa Bay Buccaneers at Indianapolis Colts","2023","2","12","football","nfl"
"401547560","New York Giants","New England Patriots","11.192","0.2681","0.7297","0.0021","","","","-8.188","8.188","-8.646","-3.146","New England Patriots at New York Giants","2023","2","12","football","nfl"
"401547555","Houston Texans","Jacksonville Jaguars","54.326","0.4254","0.5711","0.0034","","","","-2.444","2.444","-0.844","1.918","Jacksonville Jaguars at Houston Texans","2023","2","12","football","nfl"
"401547563","Denver Broncos","Cleveland Browns","40.783","0.4693","0.5268","0.0037","","","","-0.96","0.96","-1.579","-0.93","Cleveland Browns at Denver Broncos","2023","2","12","football","nfl"
"401547562","Arizona Cardinals","Los Angeles Rams","46.861","0.3359","0.6613","0.0027","","","","-5.587","5.587","-4.298","3.524","Los Angeles Rams at Arizona Cardinals","2023","2","12","football","nfl"
"401547557","Las Vegas Raiders","Kansas City Chiefs","69.208","0.1513","0.8474","0.0012","","","","-13.68","13.68","-2.605","7.609","Kansas City Chiefs at Las Vegas Raiders","2023","2","12","football","nfl"
"401547558","Philadelphia Eagles","Buffalo Bills","87.854","0.4558","0.5405","0.0036","","","","-1.416","1.416","1.996","8.856","Buffalo Bills at Philadelphia Eagles","2023","2","12","football","nfl"
"401547564","Los Angeles Chargers","Baltimore Ravens","89.944","0.4403","0.5561","0.0035","","","","-1.938","1.938","1.744","9.874","Baltimore Ravens at Los Angeles Chargers","2023","2","12","football","nfl"
"401547565","Minnesota Vikings","Chicago Bears","32.975","0.6191","0.3777","0.0030","","","","4.09","-4.09","-2.843","-1.581","Chicago Bears at Minnesota Vikings","2023","2","12","football","nfl"
"401547566","Dallas Cowboys","Seattle Seahawks","64.734","0.7947","0.2036","0.0016","","","","10.961","-10.961","8.399","0.856","Seattle Seahawks at Dallas Cowboys","2023","2","13","football","nfl"
"401547570","Tennessee Titans","Indianapolis Colts","23.631","0.4231","0.5734","0.0034","","","","-2.515","2.515","-4.776","-2.092","Indianapolis Colts at Tennessee Titans","2023","2","13","football","nfl"
"401547567","New England Patriots","Los Angeles Chargers","37.197","0.3234","0.6739","0.0026","","","","-6.033","6.033","-4.874","1.744","Los Angeles Chargers at New England Patriots","2023","2","13","football","nfl"
"401547572","New Orleans Saints","Detroit Lions","72.146","0.4341","0.5623","0.0034","","","","-2.142","2.142","2.136","3.614","Detroit Lions at New Orleans Saints","2023","2","13","football","nfl"
"401547573","New York Jets","Atlanta Falcons","15.685","0.4281","0.5684","0.0034","","","","-2.345","2.345","-6.342","-3.489","Atlanta Falcons at New York Jets","2023","2","13","football","nfl"
"401547568","Pittsburgh Steelers","Arizona Cardinals","39.171","0.7171","0.2805","0.0022","","","","7.67","-7.67","-0.314","-4.298","Arizona Cardinals at Pittsburgh Steelers","2023","2","13","football","nfl"
"401547574","Washington Commanders","Miami Dolphins","46.091","0.1948","0.8035","0.0015","","","","-11.379","11.379","-6.722","5.625","Miami Dolphins at Washington Commanders","2023","2","13","football","nfl"
"401547571","Houston Texans","Denver Broncos","41.613","0.5445","0.4518","0.0036","","","","1.546","-1.546","-0.844","-1.579","Denver Broncos at Houston Texans","2023","2","13","football","nfl"
"401547569","Tampa Bay Buccaneers","Carolina Panthers","35.743","0.7123","0.2854","0.0022","","","","7.48","-7.48","0.013","-8.905","Carolina Panthers at Tampa Bay Buccaneers","2023","2","13","football","nfl"
"401547575","Los Angeles Rams","Cleveland Browns","55.632","0.5936","0.4031","0.0032","","","","3.201","-3.201","3.524","-0.93","Cleveland Browns at Los Angeles Rams","2023","2","13","football","nfl"
"401547276","Philadelphia Eagles","San Francisco 49ers","90.911","0.4417","0.5546","0.0035","","","","-1.884","1.884","1.996","10.017","San Francisco 49ers at Philadelphia Eagles","2023","2","13","football","nfl"
"401547576","Green Bay Packers","Kansas City Chiefs","85.979","0.2814","0.7163","0.0022","","","","-7.637","7.637","2.296","7.609","Kansas City Chiefs at Green Bay Packers","2023","2","13","football","nfl"
"401547577","Jacksonville Jaguars","Cincinnati Bengals","56.136","0.6636","0.3337","0.0026","","","","5.656","-5.656","1.918","-0.051","Cincinnati Bengals at Jacksonville Jaguars","2023","2","13","football","nfl"
"401547578","Pittsburgh Steelers","New England Patriots","28.156","0.6475","0.3496","0.0028","","","","5.066","-5.066","-1.992","-6.602","New England Patriots at Pittsburgh Steelers","2023","2","14","football","nfl"
"401547579","Atlanta Falcons","Tampa Bay Buccaneers","35.887","0.4849","0.5111","0.0039","","","","-0.434","0.434","-3.489","0.013","Tampa Bay Buccaneers at Atlanta Falcons","2023","2","14","football","nfl"
"401547586","Chicago Bears","Detroit Lions","58.275","0.3789","0.6180","0.0030","","","","-4.032","4.032","-1.581","3.614","Detroit Lions at Chicago Bears","2023","2","14","football","nfl"
"401547580","Cincinnati Bengals","Indianapolis Colts","42.45","0.5335","0.4627","0.0037","","","","1.177","-1.177","-0.051","-2.092","Indianapolis Colts at Cincinnati Bengals","2023","2","14","football","nfl"
"401547581","Cleveland Browns","Jacksonville Jaguars","53.944","0.4335","0.5629","0.0034","","","","-2.158","2.158","-0.93","1.918","Jacksonville Jaguars at Cleveland Browns","2023","2","14","football","nfl"
"401547587","New Orleans Saints","Carolina Panthers","43.002","0.7414","0.2564","0.0020","","","","8.625","-8.625","2.136","-8.905","Carolina Panthers at New Orleans Saints","2023","2","14","football","nfl"
"401547582","New York Jets","Houston Texans","22.092","0.4174","0.5792","0.0033","","","","-2.706","2.706","-6.342","-0.844","Houston Texans at New York Jets","2023","2","14","football","nfl"
"401547585","Baltimore Ravens","Los Angeles Rams","67.897","0.7419","0.2559","0.0020","","","","8.645","-8.645","9.874","3.524","Los Angeles Rams at Baltimore Ravens","2023","2","14","football","nfl"
"401547588","Las Vegas Raiders","Minnesota Vikings","32.19","0.3655","0.6315","0.0029","","","","-4.501","4.501","-2.605","-2.843","Minnesota Vikings at Las Vegas Raiders","2023","2","14","football","nfl"
"401547589","San Francisco 49ers","Seattle Seahawks","63.337","0.8124","0.1860","0.0014","","","","11.787","-11.787","10.017","-0.767","Seattle Seahawks at San Francisco 49ers","2023","2","14","football","nfl"
"401547583","Kansas City Chiefs","Buffalo Bills","97.452","0.4502","0.5461","0.0036","","","","-1.596","1.596","7.609","8.856","Buffalo Bills at Kansas City Chiefs","2023","2","14","football","nfl"
"401547584","Los Angeles Chargers","Denver Broncos","50.479","0.6861","0.3113","0.0025","","","","6.472","-6.472","1.744","-1.579","Denver Broncos at Los Angeles Chargers","2023","2","14","football","nfl"
"401547590","Dallas Cowboys","Philadelphia Eagles","67.765","0.6523","0.3448","0.0027","","","","5.238","-5.238","8.399","1.996","Philadelphia Eagles at Dallas Cowboys","2023","2","14","football","nfl"
"401547592","Miami Dolphins","Tennessee Titans","50.815","0.8565","0.1423","0.0011","","","","14.139","-14.139","5.625","-4.776","Tennessee Titans at Miami Dolphins","2023","2","14","football","nfl"
"401547591","New York Giants","Green Bay Packers","25.335","0.2735","0.7242","0.0022","","","","-7.932","7.932","-8.646","2.296","Green Bay Packers at New York Giants","2023","2","14","football","nfl"
"401547593","Las Vegas Raiders","Los Angeles Chargers","28.291","0.4258","0.5707","0.0034","","","","-2.416","2.416","-2.605","-3.815","Los Angeles Chargers at Las Vegas Raiders","2023","2","15","football","nfl"
"401547604","Cincinnati Bengals","Minnesota Vikings","41.11","0.5656","0.4308","0.0034","","","","2.245","-2.245","-0.051","-2.843","Minnesota Vikings at Cincinnati Bengals","2023","2","15","football","nfl"
"401547607","Indianapolis Colts","Pittsburgh Steelers","34.268","0.4356","0.5608","0.0035","","","","-2.083","2.083","-2.092","-1.992","Pittsburgh Steelers at Indianapolis Colts","2023","2","15","football","nfl"
"401547606","Detroit Lions","Denver Broncos","54.598","0.5928","0.4038","0.0032","","","","3.163","-3.163","3.614","-1.579","Denver Broncos at Detroit Lions","2023","2","15","football","nfl"
"401547605","Cleveland Browns","Chicago Bears","40.908","0.5699","0.4266","0.0034","","","","2.39","-2.39","-0.93","-1.581","Chicago Bears at Cleveland Browns","2023","2","15","football","nfl"
"401547598","Green Bay Packers","Tampa Bay Buccaneers","57.344","0.5615","0.4349","0.0034","","","","2.106","-2.106","2.296","0.013","Tampa Bay Buccaneers at Green Bay Packers","2023","2","15","football","nfl"
"401547595","Tennessee Titans","Houston Texans","20.966","0.4773","0.5187","0.0038","","","","-0.687","0.687","-4.776","-3.104","Houston Texans at Tennessee Titans","2023","2","15","football","nfl"
"401547594","Miami Dolphins","New York Jets","49.525","0.8031","0.1952","0.0015","","","","11.319","-11.319","5.625","-6.342","New York Jets at Miami Dolphins","2023","2","15","football","nfl"
"401547608","New England Patriots","Kansas City Chiefs","53.461","0.2164","0.7818","0.0017","","","","-10.334","10.334","-6.602","7.609","Kansas City Chiefs at New England Patriots","2023","2","15","football","nfl"
"401547599","New Orleans Saints","New York Giants","44.455","0.7947","0.2035","0.0016","","","","10.925","-10.925","2.136","-8.646","New York Giants at New Orleans Saints","2023","2","15","football","nfl"
"401547603","Carolina Panthers","Atlanta Falcons","8.024","0.3331","0.6641","0.0026","","","","-5.654","5.654","-8.905","-3.489","Atlanta Falcons at Carolina Panthers","2023","2","15","football","nfl"
"401547597","Los Angeles Rams","Washington Commanders","45.75","0.7547","0.2433","0.0019","","","","9.161","-9.161","3.524","-6.722","Washington Commanders at Los Angeles Rams","2023","2","15","football","nfl"
"401547596","Arizona Cardinals","San Francisco 49ers","69.927","0.1478","0.8509","0.0011","","","","-13.795","13.795","-4.298","10.017","San Francisco 49ers at Arizona Cardinals","2023","2","15","football","nfl"
"401547600","Buffalo Bills","Dallas Cowboys","93.968","0.4963","0.4996","0.0039","","","","-0.054","0.054","8.856","8.399","Dallas Cowboys at Buffalo Bills","2023","2","15","football","nfl"
"401547602","Jacksonville Jaguars","Baltimore Ravens","89.913","0.3615","0.6355","0.0029","","","","-4.634","4.634","1.918","9.874","Baltimore Ravens at Jacksonville Jaguars","2023","2","15","football","nfl"
"401547601","Seattle Seahawks","Philadelphia Eagles","59.852","0.4189","0.5776","0.0033","","","","-2.648","2.648","0.856","1.996","Philadelphia Eagles at Seattle Seahawks","2023","2","15","football","nfl"
"401547609","Los Angeles Rams","New Orleans Saints","67.194","0.6015","0.3952","0.0031","","","","3.454","-3.454","3.524","2.136","New Orleans Saints at Los Angeles Rams","2023","2","16","football","nfl"
"401547610","Pittsburgh Steelers","Cincinnati Bengals","41.814","0.3856","0.6112","0.0031","","","","-3.786","3.786","-1.992","-0.051","Cincinnati Bengals at Pittsburgh Steelers","2023","2","16","football","nfl"
"401547611","Los Angeles Chargers","Buffalo Bills","69.051","0.1819","0.8165","0.0014","","","","-11.955","11.955","-3.815","8.856","Buffalo Bills at Los Angeles Chargers","2023","2","16","football","nfl"
"401547616","Atlanta Falcons","Indianapolis Colts","32.982","0.5077","0.4883","0.0039","","","","0.322","-0.322","-2.45","-2.092","Indianapolis Colts at Atlanta Falcons","2023","2","16","football","nfl"
"401547614","Tennessee Titans","Seattle Seahawks","51.807","0.5179","0.4782","0.0038","","","","0.658","-0.658","-0.34","0.856","Seattle Seahawks at Tennessee Titans","2023","2","16","football","nfl"
"401547618","Minnesota Vikings","Detroit Lions","53.207","0.3898","0.6070","0.0031","","","","-3.643","3.643","-2.843","3.614","Detroit Lions at Minnesota Vikings","2023","2","16","football","nfl"
"401547613","New York Jets","Washington Commanders","10.66","0.5143","0.4817","0.0038","","","","0.54","-0.54","-6.342","-6.722","Washington Commanders at New York Jets","2023","2","16","football","nfl"
"401547617","Carolina Panthers","Green Bay Packers","27.083","0.3027","0.6948","0.0024","","","","-6.776","6.776","-8.905","2.296","Green Bay Packers at Carolina Panthers","2023","2","16","football","nfl"
"401547612","Houston Texans","Cleveland Browns","34.484","0.4515","0.5448","0.0036","","","","-1.549","1.549","-3.104","-0.93","Cleveland Browns at Houston Texans","2023","2","16","football","nfl"
"401547615","Tampa Bay Buccaneers","Jacksonville Jaguars","57.716","0.4214","0.5752","0.0033","","","","-2.562","2.562","0.013","1.918","Jacksonville Jaguars at Tampa Bay Buccaneers","2023","2","16","football","nfl"
"401547619","Chicago Bears","Arizona Cardinals","33.773","0.6184","0.3785","0.0030","","","","4.034","-4.034","-1.581","-4.298","Arizona Cardinals at Chicago Bears","2023","2","16","football","nfl"
"401547620","Miami Dolphins","Dallas Cowboys","93.294","0.4970","0.4989","0.0039","","","","-0.031","0.031","5.625","8.399","Dallas Cowboys at Miami Dolphins","2023","2","16","football","nfl"
"401547621","Denver Broncos","New England Patriots","33.34","0.6546","0.3425","0.0027","","","","5.306","-5.306","-1.579","-6.602","New England Patriots at Denver Broncos","2023","2","16","football","nfl"
"401547351","Kansas City Chiefs","Las Vegas Raiders","56.37","0.8248","0.1737","0.0014","","","","12.374","-12.374","7.609","-2.605","Las Vegas Raiders at Kansas City Chiefs","2023","2","16","football","nfl"
"401547241","Philadelphia Eagles","New York Giants","40.75","0.8761","0.1229","0.0009","","","","15.297","-15.297","1.996","-8.646","New York Giants at Philadelphia Eagles","2023","2","16","football","nfl"
"401547622","San Francisco 49ers","Baltimore Ravens","95.603","0.6448","0.3523","0.0028","","","","4.955","-4.955","10.017","9.874","Baltimore Ravens at San Francisco 49ers","2023","2","16","football","nfl"
"401547623","Cleveland Browns","New York Jets","32.473","0.7026","0.2949","0.0023","","","","7.066","-7.066","-0.93","-6.342","New York Jets at Cleveland Browns","2023","2","17","football","nfl"
"401547624","Dallas Cowboys","Detroit Lions","77.844","0.7003","0.2972","0.0023","","","","6.978","-6.978","8.399","3.614","Detroit Lions at Dallas Cowboys","2023","2","17","football","nfl"
"401547626","Buffalo Bills","New England Patriots","50.412","0.8698","0.1291","0.0010","","","","14.881","-14.881","8.856","-6.602","New England Patriots at Buffalo Bills","2023","2","17","football","nfl"
"401547627","Chicago Bears","Atlanta Falcons","35.958","0.4857","0.5104","0.0039","","","","-0.409","0.409","-1.581","-2.45","Atlanta Falcons at Chicago Bears","2023","2","17","football","nfl"
"401547628","Indianapolis Colts","Las Vegas Raiders","35.072","0.6038","0.3930","0.0031","","","","3.527","-3.527","-2.092","-2.605","Las Vegas Raiders at Indianapolis Colts","2023","2","17","football","nfl"
"401547632","New York Giants","Los Angeles Rams","32.335","0.1766","0.8219","0.0014","","","","-12.211","12.211","-8.646","3.524","Los Angeles Rams at New York Giants","2023","2","17","football","nfl"
"401547633","Philadelphia Eagles","Arizona Cardinals","45.947","0.8081","0.1903","0.0015","","","","11.53","-11.53","1.996","-4.298","Arizona Cardinals at Philadelphia Eagles","2023","2","17","football","nfl"
"401547634","Tampa Bay Buccaneers","New Orleans Saints","58.79","0.4774","0.5186","0.0038","","","","-0.681","0.681","0.013","2.136","New Orleans Saints at Tampa Bay Buccaneers","2023","2","17","football","nfl"
"401547635","Washington Commanders","San Francisco 49ers","75.72","0.2217","0.7764","0.0017","","","","-10.071","10.071","-2.829","10.017","San Francisco 49ers at Washington Commanders","2023","2","17","football","nfl"
"401547629","Jacksonville Jaguars","Carolina Panthers","24.067","0.6556","0.3416","0.0027","","","","5.334","-5.334","-2.752","-8.905","Carolina Panthers at Jacksonville Jaguars","2023","2","17","football","nfl"
"401547625","Baltimore Ravens","Miami Dolphins","86.787","0.5571","0.4393","0.0035","","","","1.955","-1.955","9.874","5.625","Miami Dolphins at Baltimore Ravens","2023","2","17","football","nfl"
"401547631","Houston Texans","Tennessee Titans","34.705","0.5791","0.4175","0.0033","","","","2.691","-2.691","-0.844","-4.776","Tennessee Titans at Houston Texans","2023","2","17","football","nfl"
"401547636","Seattle Seahawks","Pittsburgh Steelers","47.335","0.6710","0.3263","0.0026","","","","5.89","-5.89","0.856","-1.824","Pittsburgh Steelers at Seattle Seahawks","2023","2","17","football","nfl"
"401547630","Denver Broncos","Los Angeles Chargers","20.337","0.5309","0.4653","0.0037","","","","1.087","-1.087","-4.636","-3.815","Los Angeles Chargers at Denver Broncos","2023","2","17","football","nfl"
"401547235","Kansas City Chiefs","Cincinnati Bengals","65.333","0.7283","0.2694","0.0021","","","","8.063","-8.063","7.609","-0.051","Cincinnati Bengals at Kansas City Chiefs","2023","2","17","football","nfl"
"401547637","Minnesota Vikings","Green Bay Packers","47.717","0.4861","0.5099","0.0039","","","","-0.393","0.393","-2.843","2.296","Green Bay Packers at Minnesota Vikings","2023","2","17","football","nfl"
"401547639","Baltimore Ravens","Pittsburgh Steelers","58.206","0.7892","0.2091","0.0016","","","","10.631","-10.631","9.874","-1.992","Pittsburgh Steelers at Baltimore Ravens","2023","2","18","football","nfl"
"401547644","Indianapolis Colts","Houston Texans","38.838","0.5158","0.4803","0.0038","","","","0.587","-0.587","-2.092","-0.844","Houston Texans at Indianapolis Colts","2023","2","18","football","nfl"
"401547641","Cincinnati Bengals","Cleveland Browns","46.243","0.5411","0.4552","0.0036","","","","1.423","-1.423","-0.051","-0.93","Cleveland Browns at Cincinnati Bengals","2023","2","18","football","nfl"
"401547642","Detroit Lions","Minnesota Vikings","51.548","0.7066","0.2910","0.0023","","","","7.21","-7.21","3.614","-2.843","Minnesota Vikings at Detroit Lions","2023","2","18","football","nfl"
"401547652","Tennessee Titans","Jacksonville Jaguars","56.33","0.4254","0.5711","0.0034","","","","-2.422","2.422","-0.34","1.918","Jacksonville Jaguars at Tennessee Titans","2023","2","18","football","nfl"
"401547648","New England Patriots","New York Jets","8.647","0.5424","0.4539","0.0036","","","","1.464","-1.464","-6.602","-6.342","New York Jets at New England Patriots","2023","2","18","football","nfl"
"401547649","New Orleans Saints","Atlanta Falcons","46.736","0.6206","0.3763","0.0030","","","","4.1","-4.1","2.136","-3.489","Atlanta Falcons at New Orleans Saints","2023","2","18","football","nfl"
"401547640","Carolina Panthers","Tampa Bay Buccaneers","18.268","0.2780","0.7197","0.0022","","","","-7.715","7.715","-8.905","0.013","Tampa Bay Buccaneers at Carolina Panthers","2023","2","18","football","nfl"
"401547643","Green Bay Packers","Chicago Bears","52.147","0.5738","0.4227","0.0034","","","","2.512","-2.512","2.296","-1.581","Chicago Bears at Green Bay Packers","2023","2","18","football","nfl"
"401547646","Las Vegas Raiders","Denver Broncos","27.656","0.5410","0.4553","0.0036","","","","1.418","-1.418","-2.605","-4.636","Denver Broncos at Las Vegas Raiders","2023","2","18","football","nfl"
"401547650","New York Giants","Philadelphia Eagles","27.239","0.1594","0.8393","0.0012","","","","-13.105","13.105","-8.646","1.996","Philadelphia Eagles at New York Giants","2023","2","18","football","nfl"
"401547638","Arizona Cardinals","Seattle Seahawks","35.899","0.3659","0.6311","0.0029","","","","-4.465","4.465","-4.298","0.856","Seattle Seahawks at Arizona Cardinals","2023","2","18","football","nfl"
"401547645","Los Angeles Chargers","Kansas City Chiefs","29.288","0.4871","0.5089","0.0039","","","","-0.359","0.359","-3.815","-1.753","Kansas City Chiefs at Los Angeles Chargers","2023","2","18","football","nfl"
"401547651","San Francisco 49ers","Los Angeles Rams","69.762","0.6861","0.3113","0.0025","","","","6.439","-6.439","10.017","1.267","Los Angeles Rams at San Francisco 49ers","2023","2","18","football","nfl"
"401547653","Washington Commanders","Dallas Cowboys","54.754","0.1531","0.8456","0.0012","","","","-13.45","13.45","-6.722","8.399","Dallas Cowboys at Washington Commanders","2023","2","18","football","nfl"
"401547647","Miami Dolphins","Buffalo Bills","94.357","0.4527","0.5436","0.0036","","","","-1.506","1.506","5.625","8.856","Buffalo Bills at Miami Dolphins","2023","2","18","football","nfl"
"401547749","Houston Texans","Cleveland Browns","43.799","0.4953","0.5046","0.0000","","","","-0.168","0.168","-0.844","-0.93","Cleveland Browns at Houston Texans","2023","3","1","football","nfl"
"401547750","Kansas City Chiefs","Miami Dolphins","84.993","0.5261","0.4738","0.0000","","","","0.945","-0.945","7.609","5.625","Miami Dolphins at Kansas City Chiefs","2023","3","1","football","nfl"
"401547752","Dallas Cowboys","Green Bay Packers","72.398","0.7345","0.2654","0.0000","","","","9.011","-9.011","8.399","2.296","Green Bay Packers at Dallas Cowboys","2023","3","1","football","nfl"
"401547753","Detroit Lions","Los Angeles Rams","72.405","0.5414","0.4585","0.0000","","","","1.497","-1.497","3.614","3.524","Los Angeles Rams at Detroit Lions","2023","3","1","football","nfl"
"401547751","Buffalo Bills","Pittsburgh Steelers","59.032","0.7649","0.2350","0.0000","","","","10.388","-10.388","8.856","-1.992","Pittsburgh Steelers at Buffalo Bills","2023","3","1","football","nfl"
"401547754","Tampa Bay Buccaneers","Philadelphia Eagles","57.848","0.4319","0.5680","0.0000","","","","-2.464","2.464","0.013","1.996","Philadelphia Eagles at Tampa Bay Buccaneers","2023","3","1","football","nfl"
"401547755","Baltimore Ravens","Houston Texans","55.564","0.8346","0.1653","0.0000","","","","12.802","-12.802","9.874","-0.844","Houston Texans at Baltimore Ravens","2023","3","2","football","nfl"
"401547756","San Francisco 49ers","Green Bay Packers","64.21","0.8027","0.1972","0.0000","","","","11.206","-11.206","10.017","2.296","Green Bay Packers at San Francisco 49ers","2023","3","2","football","nfl"
"401547757","Detroit Lions","Tampa Bay Buccaneers","59.561","0.6355","0.3645","0.0000","","","","4.56","-4.56","3.614","0.013","Tampa Bay Buccaneers at Detroit Lions","2023","3","2","football","nfl"
"401547758","Buffalo Bills","Kansas City Chiefs","93.58","0.5704","0.4295","0.0000","","","","2.336","-2.336","8.856","7.609","Kansas City Chiefs at Buffalo Bills","2023","3","2","football","nfl"
"401547379","Baltimore Ravens","Kansas City Chiefs","91.696","0.6355","0.3644","0.0000","","","","4.561","-4.561","9.874","7.609","Kansas City Chiefs at Baltimore Ravens","2023","3","3","football","nfl"
"401547380","San Francisco 49ers","Detroit Lions","74.292","0.7410","0.2589","0.0000","","","","8.51","-8.51","10.017","3.614","Detroit Lions at San Francisco 49ers","2023","3","3","football","nfl"
"401547378","Kansas City Chiefs","San Francisco 49ers","97.498","0.4062","0.5938","0.0000","","","","-3.127","3.127","7.609","10.017","San Francisco 49ers at Kansas City Chiefs","2023","3","5","football","nfl"
