"season","season_type","week","game_id","game_name","home_away","team_id","gameProjection","matchupQuality","oppSeasonStrengthFbsRank","oppSeasonStrengthRating","teamChanceLoss","teamChanceTie","teamPredPtDiff"
"2025","2","1","401772510","Dallas Cowboys at Philadelphia Eagles","homeTeam","21","67.47","64.041","0","-0.827","32.269999999999996","0.259","7.572"
"2025","2","1","401772510","Dallas Cowboys at Philadelphia Eagles","awayTeam","6","32.269999999999996","64.041","0","5.429","67.47","0.259","-7.572"
"2025","2","1","401772714","Kansas City Chiefs at Los Angeles Chargers","homeTeam","24","42.363","75.987","0","5.127","57.297","0.33999999999999997","-2.771"
"2025","2","1","401772714","Kansas City Chiefs at Los Angeles Chargers","awayTeam","12","57.297","75.987","0","2.348","42.363","0.33999999999999997","2.771"
"2025","2","1","401772830","Tampa Bay Buccaneers at Atlanta Falcons","homeTeam","1","44.023","43.179","0","0.651","55.623","0.35400000000000004","-2.07"
"2025","2","1","401772830","Tampa Bay Buccaneers at Atlanta Falcons","awayTeam","27","55.623","43.179","0","-2.768","44.023","0.35400000000000004","2.07"
"2025","2","1","401772829","Cincinnati Bengals at Cleveland Browns","homeTeam","5","35.723","42.871","0","2.387","63.99","0.28700000000000003","-5.884"
"2025","2","1","401772829","Cincinnati Bengals at Cleveland Browns","awayTeam","4","63.99","42.871","0","-4.847","35.723","0.28700000000000003","5.884"
"2025","2","1","401772719","Miami Dolphins at Indianapolis Colts","homeTeam","11","52.21","36.923","0","-1.768","47.410000000000004","0.381","0.929"
"2025","2","1","401772719","Miami Dolphins at Indianapolis Colts","awayTeam","15","47.410000000000004","36.923","0","-2.186","52.21","0.381","-0.929"
"2025","2","1","401772720","Las Vegas Raiders at New England Patriots","homeTeam","17","51.339","32.275","0","-2.321","48.272999999999996","0.388","0.748"
"2025","2","1","401772720","Las Vegas Raiders at New England Patriots","awayTeam","13","48.272999999999996","32.275","0","-2.911","51.339","0.388","-0.748"
"2025","2","1","401772718","Arizona Cardinals at New Orleans Saints","homeTeam","18","41.434","30.07","0","-0.789","58.233999999999995","0.333","-3.281"
"2025","2","1","401772718","Arizona Cardinals at New Orleans Saints","awayTeam","22","58.233999999999995","30.07","0","-5.416","41.434","0.333","3.281"
"2025","2","1","401772721","Pittsburgh Steelers at New York Jets","homeTeam","20","41.434","36.137","0","0.327","58.233999999999995","0.333","-3.529"
"2025","2","1","401772721","Pittsburgh Steelers at New York Jets","awayTeam","23","58.233999999999995","36.137","0","-4.55","41.434","0.333","3.529"
"2025","2","1","401772827","New York Giants at Washington Commanders","homeTeam","28","67.537","45.614","0","-3.625","32.204","0.259","7.241"
"2025","2","1","401772827","New York Giants at Washington Commanders","awayTeam","19","32.204","45.614","0","2.267","67.537","0.259","-7.241"
"2025","2","1","401772828","Carolina Panthers at Jacksonville Jaguars","homeTeam","30","60.978","27.239","0","-4.522","38.711","0.311","4.099"
"2025","2","1","401772828","Carolina Panthers at Jacksonville Jaguars","awayTeam","29","38.711","27.239","0","-1.773","60.978","0.311","-4.099"
"2025","2","1","401772832","Tennessee Titans at Denver Broncos","homeTeam","7","67.604","40.033","0","-4.91","32.138","0.258","7.676"
"2025","2","1","401772832","Tennessee Titans at Denver Broncos","awayTeam","10","32.138","40.033","0","1.424","67.604","0.258","-7.676"
"2025","2","1","401772831","San Francisco 49ers at Seattle Seahawks","homeTeam","26","44.621","51.069","0","1.789","55.021","0.358","-1.696"
"2025","2","1","401772831","San Francisco 49ers at Seattle Seahawks","awayTeam","25","55.021","51.069","0","-1.227","44.621","0.358","1.696"
"2025","2","1","401772722","Detroit Lions at Green Bay Packers","homeTeam","9","49.934","75.409","0","4.501","49.667","0.39899999999999997","-0.065"
"2025","2","1","401772722","Detroit Lions at Green Bay Packers","awayTeam","8","49.667","75.409","0","3.096","49.934","0.39899999999999997","0.065"
"2025","2","1","401772723","Houston Texans at Los Angeles Rams","homeTeam","14","54.61899999999999","58.957","0","0.837","45.019","0.362","2.017"
"2025","2","1","401772723","Houston Texans at Los Angeles Rams","awayTeam","34","45.019","58.957","0","1.496","54.61899999999999","0.362","-2.017"
"2025","2","1","401772918","Baltimore Ravens at Buffalo Bills","homeTeam","2","50.468999999999994","84.198","0","5.332","49.136","0.395","0.572"
"2025","2","1","401772918","Baltimore Ravens at Buffalo Bills","awayTeam","33","49.136","84.198","0","4.569","50.468999999999994","0.395","-0.572"
"2025","2","1","401772810","Minnesota Vikings at Chicago Bears","homeTeam","3","51.87500000000001","54.86","0","0.808","47.742000000000004","0.383","0.733"
"2025","2","1","401772810","Minnesota Vikings at Chicago Bears","awayTeam","16","47.742000000000004","54.86","0","0.047","51.87500000000001","0.383","-0.733"
"2025","2","2","401772936","Washington Commanders at Green Bay Packers","homeTeam","9","58.367000000000004","75.861","0","2.743","41.301","0.332","3.586"
"2025","2","2","401772936","Washington Commanders at Green Bay Packers","awayTeam","28","41.301","75.861","0","4.866","58.367000000000004","0.332","-3.586"
"2025","2","2","401772725","Jacksonville Jaguars at Cincinnati Bengals","homeTeam","4","59.907","54.814","0","-0.854","39.774","0.319","3.99"
"2025","2","2","401772725","Jacksonville Jaguars at Cincinnati Bengals","awayTeam","30","39.774","54.814","0","1.548","59.907","0.319","-3.99"
"2025","2","2","401772834","New York Giants at Dallas Cowboys","homeTeam","6","65.864","38.067","0","-4.425","33.864","0.272","6.553"
"2025","2","2","401772834","New York Giants at Dallas Cowboys","awayTeam","19","33.864","38.067","0","0.519","65.864","0.272","-6.553"
"2025","2","2","401772835","Chicago Bears at Detroit Lions","homeTeam","8","61.848000000000006","60.467","0","-0.174","37.848","0.304","4.609"
"2025","2","2","401772835","Chicago Bears at Detroit Lions","awayTeam","3","37.848","60.467","0","2.826","61.848000000000006","0.304","-4.609"
"2025","2","2","401772724","Los Angeles Rams at Tennessee Titans","homeTeam","10","32.934000000000005","36.469","0","1.713","66.801","0.265","-6.726"
"2025","2","2","401772724","Los Angeles Rams at Tennessee Titans","awayTeam","14","66.801","36.469","0","-6.445","32.934000000000005","0.265","6.726"
"2025","2","2","401772728","New England Patriots at Miami Dolphins","homeTeam","15","51.942","26.388","0","-3.239","47.675","0.383","0.777"
"2025","2","2","401772728","New England Patriots at Miami Dolphins","awayTeam","17","47.675","26.388","0","-4.142","51.942","0.383","-0.777"
"2025","2","2","401772833","San Francisco 49ers at New Orleans Saints","homeTeam","18","47.808","45.685","0","-3.201","51.808","0.384","-0.89"
"2025","2","2","401772833","San Francisco 49ers at New Orleans Saints","awayTeam","25","51.808","45.685","0","-5.616","47.808","0.384","0.89"
"2025","2","2","401772727","Buffalo Bills at New York Jets","homeTeam","20","35.192","55.203","0","4.684","64.525","0.28300000000000003","-6.091"
"2025","2","2","401772727","Buffalo Bills at New York Jets","awayTeam","2","64.525","55.203","0","-2.956","35.192","0.28300000000000003","6.091"
"2025","2","2","401772836","Seattle Seahawks at Pittsburgh Steelers","homeTeam","23","61.045","45.809","0","-2.212","38.645","0.31","4.596"
"2025","2","2","401772836","Seattle Seahawks at Pittsburgh Steelers","awayTeam","26","38.645","45.809","0","0.754","61.045","0.31","-4.596"
"2025","2","2","401772726","Cleveland Browns at Baltimore Ravens","homeTeam","33","79.652","57.872","0","-4.278","20.186","0.16199999999999998","12.908"
"2025","2","2","401772726","Cleveland Browns at Baltimore Ravens","awayTeam","5","20.186","57.872","0","7.185","79.652","0.16199999999999998","-12.908"
"2025","2","2","401772729","Denver Broncos at Indianapolis Colts","homeTeam","11","51.205999999999996","54.673","0","0.877","48.406","0.38899999999999996","0.653"
"2025","2","2","401772729","Denver Broncos at Indianapolis Colts","awayTeam","7","48.406","54.673","0","0.181","51.205999999999996","0.38899999999999996","-0.653"
"2025","2","2","401772730","Carolina Panthers at Arizona Cardinals","homeTeam","22","65.66300000000001","29.456","0","-5.517","34.063","0.27399999999999997","6.239"
"2025","2","2","401772730","Carolina Panthers at Arizona Cardinals","awayTeam","29","34.063","29.456","0","-0.737","65.66300000000001","0.27399999999999997","-6.239"
"2025","2","2","401772837","Philadelphia Eagles at Kansas City Chiefs","homeTeam","12","52.276999999999994","83.087","0","5.11","47.343","0.38","1.014"
"2025","2","2","401772837","Philadelphia Eagles at Kansas City Chiefs","awayTeam","21","47.343","83.087","0","4.612","52.276999999999994","0.38","-1.014"
"2025","2","2","401772919","Atlanta Falcons at Minnesota Vikings","homeTeam","16","63.856","46.994","0","-2.672","35.856","0.28800000000000003","5.43"
"2025","2","2","401772919","Atlanta Falcons at Minnesota Vikings","awayTeam","1","35.856","46.994","0","1.367","63.856","0.28800000000000003","-5.43"
"2025","2","2","401772715","Tampa Bay Buccaneers at Houston Texans","homeTeam","34","48.738","55.554","0","1.501","50.871","0.391","-0.287"
"2025","2","2","401772715","Tampa Bay Buccaneers at Houston Texans","awayTeam","27","50.871","55.554","0","-0.127","48.738","0.391","0.287"
"2025","2","2","401772811","Los Angeles Chargers at Las Vegas Raiders","homeTeam","13","40.57","57.213","0","3.62","59.104","0.326","-4.08"
"2025","2","2","401772811","Los Angeles Chargers at Las Vegas Raiders","awayTeam","24","59.104","57.213","0","-1.707","40.57","0.326","4.08"
"2025","2","3","401772937","Miami Dolphins at Buffalo Bills","homeTeam","2","77.176","54.093","0","-4.497","22.642","0.182","10.967"
"2025","2","3","401772937","Miami Dolphins at Buffalo Bills","awayTeam","15","22.642","54.093","0","5.346","77.176","0.182","-10.967"
"2025","2","3","401772842","Green Bay Packers at Cleveland Browns","homeTeam","5","29.282000000000004","53.838","0","5.203","70.482","0.23500000000000001","-8.533"
"2025","2","3","401772842","Green Bay Packers at Cleveland Browns","awayTeam","9","70.482","53.838","0","-4.563","29.282000000000004","0.23500000000000001","8.533"
"2025","2","3","401772733","Indianapolis Colts at Tennessee Titans","homeTeam","10","34.262","30.712","0","0.305","65.462","0.27499999999999997","-6.155"
"2025","2","3","401772733","Indianapolis Colts at Tennessee Titans","awayTeam","11","65.462","30.712","0","-7.074","34.262","0.27499999999999997","6.155"
"2025","2","3","401772731","Cincinnati Bengals at Minnesota Vikings","homeTeam","16","55.556000000000004","52.875","0","0.146","44.09","0.35400000000000004","2.237"
"2025","2","3","401772731","Cincinnati Bengals at Minnesota Vikings","awayTeam","4","44.09","52.875","0","1.026","55.556000000000004","0.35400000000000004","-2.237"
"2025","2","3","401772732","Pittsburgh Steelers at New England Patriots","homeTeam","17","49.667","42.375","0","-1.027","49.934","0.39899999999999997","0.007"
"2025","2","3","401772732","Pittsburgh Steelers at New England Patriots","awayTeam","23","49.934","42.375","0","-2.106","49.667","0.39899999999999997","-0.007"
"2025","2","3","401772839","Los Angeles Rams at Philadelphia Eagles","homeTeam","21","57.43000000000001","77.261","0","2.872","42.230000000000004","0.33899999999999997","3.089"
"2025","2","3","401772839","Los Angeles Rams at Philadelphia Eagles","awayTeam","14","42.230000000000004","77.261","0","4.721","57.43000000000001","0.33899999999999997","-3.089"
"2025","2","3","401772840","New York Jets at Tampa Bay Buccaneers","homeTeam","27","70.68299999999999","44.825","0","-5.065","29.083","0.234","8.447"
"2025","2","3","401772840","New York Jets at Tampa Bay Buccaneers","awayTeam","20","29.083","44.825","0","2.217","70.68299999999999","0.234","-8.447"
"2025","2","3","401772841","Las Vegas Raiders at Washington Commanders","homeTeam","28","58.434","48.704","0","-2.733","41.234","0.331","3.375"
"2025","2","3","401772841","Las Vegas Raiders at Washington Commanders","awayTeam","13","41.234","48.704","0","-0.571","58.434","0.331","-3.375"
"2025","2","3","401772838","Atlanta Falcons at Carolina Panthers","homeTeam","29","42.43","32.812","0","-0.94","57.230000000000004","0.34099999999999997","-2.714"
"2025","2","3","401772838","Atlanta Falcons at Carolina Panthers","awayTeam","1","57.230000000000004","32.812","0","-4.869","42.43","0.34099999999999997","2.714"
"2025","2","3","401772734","Houston Texans at Jacksonville Jaguars","homeTeam","30","53.413999999999994","47.153","0","-0.454","46.214","0.371","1.197"
"2025","2","3","401772734","Houston Texans at Jacksonville Jaguars","awayTeam","34","46.214","47.153","0","-0.696","53.413999999999994","0.371","-1.197"
"2025","2","3","401772735","Denver Broncos at Los Angeles Chargers","homeTeam","24","56.56","73.097","0","2.131","43.094","0.346","2.402"
"2025","2","3","401772735","Denver Broncos at Los Angeles Chargers","awayTeam","7","43.094","73.097","0","3.363","56.56","0.346","-2.402"
"2025","2","3","401772736","New Orleans Saints at Seattle Seahawks","homeTeam","26","63.588","32.366","0","-5.361","36.122","0.29","5.722"
"2025","2","3","401772736","New Orleans Saints at Seattle Seahawks","awayTeam","18","36.122","32.366","0","-0.646","63.588","0.29","-5.722"
"2025","2","3","401772844","Dallas Cowboys at Chicago Bears","homeTeam","3","43.691","45.094","0","0.481","55.958","0.35100000000000003","-1.647"
"2025","2","3","401772844","Dallas Cowboys at Chicago Bears","awayTeam","6","55.958","45.094","0","-2.405","43.691","0.35100000000000003","1.647"
"2025","2","3","401772843","Arizona Cardinals at San Francisco 49ers","homeTeam","25","47.144000000000005","59.911","0","-0.792","52.477","0.379","-0.926"
"2025","2","3","401772843","Arizona Cardinals at San Francisco 49ers","awayTeam","22","52.477","59.911","0","-2.979","47.144000000000005","0.379","0.926"
"2025","2","3","401772920","Kansas City Chiefs at New York Giants","homeTeam","19","34.329","54.471","0","4.21","65.39500000000001","0.27599999999999997","-6.564"
"2025","2","3","401772920","Kansas City Chiefs at New York Giants","awayTeam","12","65.39500000000001","54.471","0","-3.556","34.329","0.27599999999999997","6.564"
"2025","2","3","401772812","Detroit Lions at Baltimore Ravens","homeTeam","33","57.096000000000004","91.247","0","5.565","42.562","0.34199999999999997","2.711"
"2025","2","3","401772812","Detroit Lions at Baltimore Ravens","awayTeam","8","42.562","91.247","0","7.006","57.096000000000004","0.34199999999999997","-2.711"
"2025","2","4","401772938","Seattle Seahawks at Arizona Cardinals","homeTeam","22","51.87500000000001","50.276","0","0.323","47.742000000000004","0.383","0.687"
"2025","2","4","401772938","Seattle Seahawks at Arizona Cardinals","awayTeam","26","47.742000000000004","50.276","0","-0.64","51.87500000000001","0.383","-0.687"
"2025","2","4","401772632","Minnesota Vikings at Pittsburgh Steelers","homeTeam","23","39.641","49.908","0","3.583","60.041","0.318","-3.918"
"2025","2","4","401772632","Minnesota Vikings at Pittsburgh Steelers","awayTeam","16","60.041","49.908","0","-0.434","39.641","0.318","3.918"
"2025","2","4","401772739","Washington Commanders at Atlanta Falcons","homeTeam","1","44.422","48.617","0","0.839","55.222","0.357","-2.423"
"2025","2","4","401772739","Washington Commanders at Atlanta Falcons","awayTeam","28","55.222","48.617","0","-3.144","44.422","0.357","2.423"
"2025","2","4","401772740","New Orleans Saints at Buffalo Bills","homeTeam","2","80.121","49.58","0","-6.184","19.721","0.158","12.957"
"2025","2","4","401772740","New Orleans Saints at Buffalo Bills","awayTeam","18","19.721","49.58","0","5.484","80.121","0.158","-12.957"
"2025","2","4","401772846","Cleveland Browns at Detroit Lions","homeTeam","8","78.314","58.07","0","-4.182","21.514","0.173","11.981"
"2025","2","4","401772846","Cleveland Browns at Detroit Lions","awayTeam","5","21.514","58.07","0","6.703","78.314","0.173","-11.981"
"2025","2","4","401772847","Carolina Panthers at New England Patriots","homeTeam","17","56.894999999999996","30.91","0","-3.516","42.762","0.34299999999999997","2.287"
"2025","2","4","401772847","Carolina Panthers at New England Patriots","awayTeam","29","42.762","30.91","0","-2.424","56.894999999999996","0.34299999999999997","-2.287"
"2025","2","4","401772737","Los Angeles Chargers at New York Giants","homeTeam","19","25.166","50.701","0","3.882","74.632","0.202","-10.273"
"2025","2","4","401772737","Los Angeles Chargers at New York Giants","awayTeam","24","74.632","50.701","0","-7.529","25.166","0.202","10.273"
"2025","2","4","401772845","Philadelphia Eagles at Tampa Bay Buccaneers","homeTeam","27","44.222","74.694","0","4.443","55.422000000000004","0.35500000000000004","-1.921"
"2025","2","4","401772845","Philadelphia Eagles at Tampa Bay Buccaneers","awayTeam","21","55.422000000000004","74.694","0","1.225","44.222","0.35500000000000004","1.921"
"2025","2","4","401772738","Tennessee Titans at Houston Texans","homeTeam","34","69.411","22.496","0","-7.791","30.345","0.244","7.771"
"2025","2","4","401772738","Tennessee Titans at Houston Texans","awayTeam","10","30.345","22.496","0","-1.209","69.411","0.244","-7.771"
"2025","2","4","401772849","Indianapolis Colts at Los Angeles Rams","homeTeam","14","56.226","69.7","0","1.7","43.425999999999995","0.349","2.479"
"2025","2","4","401772849","Indianapolis Colts at Los Angeles Rams","awayTeam","11","43.425999999999995","69.7","0","2.96","56.226","0.349","-2.479"
"2025","2","4","401772848","Jacksonville Jaguars at San Francisco 49ers","homeTeam","25","62.25000000000001","60.715","0","-0.891","37.45","0.301","4.794"
"2025","2","4","401772848","Jacksonville Jaguars at San Francisco 49ers","awayTeam","30","37.45","60.715","0","2.539","62.25000000000001","0.301","-4.794"
"2025","2","4","401772741","Baltimore Ravens at Kansas City Chiefs","homeTeam","12","48.406","86.937","0","6.677","51.205999999999996","0.38899999999999996","-0.532"
"2025","2","4","401772741","Baltimore Ravens at Kansas City Chiefs","awayTeam","33","51.205999999999996","86.937","0","4.657","48.406","0.38899999999999996","0.532"
"2025","2","4","401772742","Chicago Bears at Las Vegas Raiders","homeTeam","13","47.010999999999996","40.974","0","-0.781","52.611","0.378","-0.632"
"2025","2","4","401772742","Chicago Bears at Las Vegas Raiders","awayTeam","3","52.611","40.974","0","-2.793","47.010999999999996","0.378","0.632"
"2025","2","4","401772921","Green Bay Packers at Dallas Cowboys","homeTeam","6","39.973","65.203","0","4.46","59.706","0.321","-3.703"
"2025","2","4","401772921","Green Bay Packers at Dallas Cowboys","awayTeam","9","59.706","65.203","0","-0.607","39.973","0.321","3.703"
"2025","2","4","401772813","New York Jets at Miami Dolphins","homeTeam","15","55.489","23.369","0","-4.403","44.156","0.35500000000000004","2.344"
"2025","2","4","401772813","New York Jets at Miami Dolphins","awayTeam","20","44.156","23.369","0","-3.845","55.489","0.35500000000000004","-2.344"
"2025","2","4","401772716","Cincinnati Bengals at Denver Broncos","homeTeam","7","71.75399999999999","56.457","0","-5.955","28.021","0.22499999999999998","8.894"
"2025","2","4","401772716","Cincinnati Bengals at Denver Broncos","awayTeam","4","28.021","56.457","0","1.302","71.75399999999999","0.22499999999999998","-8.894"
"2025","2","5","401772939","San Francisco 49ers at Los Angeles Rams","homeTeam","14","70.817","69.838","0","-4.147","28.95","0.233","8.43"
"2025","2","5","401772939","San Francisco 49ers at Los Angeles Rams","awayTeam","25","28.95","69.838","0","2.891","70.817","0.233","-8.43"
"2025","2","5","401772633","Minnesota Vikings at Cleveland Browns","homeTeam","5","31.540000000000003","32.758","0","2.943","68.207","0.253","-7.352"
"2025","2","5","401772633","Minnesota Vikings at Cleveland Browns","awayTeam","16","68.207","32.758","0","-4.625","31.540000000000003","0.253","7.352"
"2025","2","5","401772851","Las Vegas Raiders at Indianapolis Colts","homeTeam","11","62.986","47.167","0","-2.557","36.719","0.295","5.119"
"2025","2","5","401772851","Las Vegas Raiders at Indianapolis Colts","awayTeam","13","36.719","47.167","0","1.26","62.986","0.295","-5.119"
"2025","2","5","401772744","New York Giants at New Orleans Saints","homeTeam","18","54.686","20.779","0","-5.885","44.952999999999996","0.361","1.555"
"2025","2","5","401772744","New York Giants at New Orleans Saints","awayTeam","19","44.952999999999996","20.779","0","-6.164","54.686","0.361","-1.555"
"2025","2","5","401772850","Dallas Cowboys at New York Jets","homeTeam","20","40.969","38.824","0","0.353","58.702","0.329","-3.54"
"2025","2","5","401772850","Dallas Cowboys at New York Jets","awayTeam","6","58.702","38.824","0","-4.728","40.969","0.329","3.54"
"2025","2","5","401772745","Denver Broncos at Philadelphia Eagles","homeTeam","21","60.175","75.641","0","2.303","39.507999999999996","0.317","4.056"
"2025","2","5","401772745","Denver Broncos at Philadelphia Eagles","awayTeam","7","39.507999999999996","75.641","0","4.709","60.175","0.317","-4.056"
"2025","2","5","401772852","Miami Dolphins at Carolina Panthers","homeTeam","29","50.602999999999994","23.288","0","-3.642","49.003","0.394","0.675"
"2025","2","5","401772852","Miami Dolphins at Carolina Panthers","awayTeam","15","49.003","23.288","0","-4.72","50.602999999999994","0.394","-0.675"
"2025","2","5","401772743","Houston Texans at Baltimore Ravens","homeTeam","33","52.477","65.69","0","-0.231","47.144000000000005","0.379","0.89"
"2025","2","5","401772743","Houston Texans at Baltimore Ravens","awayTeam","34","47.144000000000005","65.69","0","-1.093","52.477","0.379","-0.89"
"2025","2","5","401772747","Tennessee Titans at Arizona Cardinals","homeTeam","22","72.959","25.26","0","-8.944","26.826","0.215","9.56"
"2025","2","5","401772747","Tennessee Titans at Arizona Cardinals","awayTeam","10","26.826","25.26","0","-1.005","72.959","0.215","-9.56"
"2025","2","5","401772746","Tampa Bay Buccaneers at Seattle Seahawks","homeTeam","26","53.080000000000005","58.415","0","0.746","46.546","0.374","1.246"
"2025","2","5","401772746","Tampa Bay Buccaneers at Seattle Seahawks","awayTeam","27","46.546","58.415","0","0.732","53.080000000000005","0.374","-1.246"
"2025","2","5","401772854","Detroit Lions at Cincinnati Bengals","homeTeam","4","23.174","65.406","0","5.659","76.64","0.186","-10.92"
"2025","2","5","401772854","Detroit Lions at Cincinnati Bengals","awayTeam","8","76.64","65.406","0","-6.689","23.174","0.186","10.92"
"2025","2","5","401772853","Washington Commanders at Los Angeles Chargers","homeTeam","24","58.501000000000005","72.948","0","2.213","41.168","0.331","3.055"
"2025","2","5","401772853","Washington Commanders at Los Angeles Chargers","awayTeam","28","41.168","72.948","0","3.399","58.501000000000005","0.331","-3.055"
"2025","2","5","401772922","New England Patriots at Buffalo Bills","homeTeam","2","67.872","66.658","0","-0.592","31.872","0.256","7.15"
"2025","2","5","401772922","New England Patriots at Buffalo Bills","awayTeam","17","31.872","66.658","0","4.9","67.872","0.256","-7.15"
"2025","2","5","401772814","Kansas City Chiefs at Jacksonville Jaguars","homeTeam","30","37.582","69.012","0","5.706","62.11600000000001","0.302","-4.696"
"2025","2","5","401772814","Kansas City Chiefs at Jacksonville Jaguars","awayTeam","12","62.11600000000001","69.012","0","-0.47","37.582","0.302","4.696"
"2025","2","6","401772940","Philadelphia Eagles at New York Giants","homeTeam","19","25.430999999999997","53.965","0","4.261","74.36500000000001","0.20400000000000001","-10.235"
"2025","2","6","401772940","Philadelphia Eagles at New York Giants","awayTeam","21","74.36500000000001","53.965","0","-7.093","25.430999999999997","0.20400000000000001","10.235"
"2025","2","6","401772634","Denver Broncos at New York Jets","homeTeam","20","28.817999999999998","42.67","0","2.833","70.951","0.231","-8.354"
"2025","2","6","401772634","Denver Broncos at New York Jets","awayTeam","7","70.951","42.67","0","-5.616","28.817999999999998","0.231","8.354"
"2025","2","6","401772856","Arizona Cardinals at Indianapolis Colts","homeTeam","11","73.093","56.144","0","-5.216","26.693","0.214","9.263"
"2025","2","6","401772856","Arizona Cardinals at Indianapolis Colts","awayTeam","22","26.693","56.144","0","2.684","73.093","0.214","-9.263"
"2025","2","6","401772750","Los Angeles Chargers at Miami Dolphins","homeTeam","15","38.778","46.981","0","1.838","60.911","0.311","-4.023"
"2025","2","6","401772750","Los Angeles Chargers at Miami Dolphins","awayTeam","24","60.911","46.981","0","-3.609","38.778","0.311","4.023"
"2025","2","6","401772751","New England Patriots at New Orleans Saints","homeTeam","18","39.973","33.324","0","-0.237","59.706","0.321","-4.133"
"2025","2","6","401772751","New England Patriots at New Orleans Saints","awayTeam","17","59.706","33.324","0","-6.317","39.973","0.321","4.133"
"2025","2","6","401772748","Cleveland Browns at Pittsburgh Steelers","homeTeam","23","63.187000000000005","38.466","0","-3.863","36.52","0.293","5.416"
"2025","2","6","401772748","Cleveland Browns at Pittsburgh Steelers","awayTeam","5","36.52","38.466","0","0.125","63.187000000000005","0.293","-5.416"
"2025","2","6","401772858","Dallas Cowboys at Carolina Panthers","homeTeam","29","38.114","44.316","0","1.219","61.58","0.306","-4.069"
"2025","2","6","401772858","Dallas Cowboys at Carolina Panthers","awayTeam","6","61.58","44.316","0","-4.47","38.114","0.306","4.069"
"2025","2","6","401772857","Seattle Seahawks at Jacksonville Jaguars","homeTeam","30","49.8","56.197","0","1.331","49.8","0.4","0.083"
"2025","2","6","401772857","Seattle Seahawks at Jacksonville Jaguars","awayTeam","26","49.8","56.197","0","-0.174","49.8","0.4","-0.083"
"2025","2","6","401772855","Los Angeles Rams at Baltimore Ravens","homeTeam","33","37.516","72.88","0","2.947","62.183","0.301","-4.624"
"2025","2","6","401772855","Los Angeles Rams at Baltimore Ravens","awayTeam","14","62.183","72.88","0","-3.143","37.516","0.301","4.624"
"2025","2","6","401772859","Tennessee Titans at Las Vegas Raiders","homeTeam","13","64.39099999999999","17.306","0","-8.027","35.325","0.28400000000000003","5.73"
"2025","2","6","401772859","Tennessee Titans at Las Vegas Raiders","awayTeam","10","35.325","17.306","0","-3.983","64.39099999999999","0.28400000000000003","-5.73"
"2025","2","6","401772752","Cincinnati Bengals at Green Bay Packers","homeTeam","9","80.389","64.493","0","-6.972","19.455","0.156","13.188"
"2025","2","6","401772752","Cincinnati Bengals at Green Bay Packers","awayTeam","4","19.455","64.493","0","4.529","80.389","0.156","-13.188"
"2025","2","6","401772749","San Francisco 49ers at Tampa Bay Buccaneers","homeTeam","27","64.86","69.562","0","-3.074","34.86","0.27999999999999997","5.724"
"2025","2","6","401772749","San Francisco 49ers at Tampa Bay Buccaneers","awayTeam","25","34.86","69.562","0","1.234","64.86","0.27999999999999997","-5.724"
"2025","2","6","401772923","Detroit Lions at Kansas City Chiefs","homeTeam","12","55.489","90.851","0","5.819","44.156","0.35500000000000004","2.008"
"2025","2","6","401772923","Detroit Lions at Kansas City Chiefs","awayTeam","8","44.156","90.851","0","6.23","55.489","0.35500000000000004","-2.008"
"2025","2","6","401772815","Buffalo Bills at Atlanta Falcons","homeTeam","1","38.91","59.916","0","4.1","60.777","0.313","-4.167"
"2025","2","6","401772815","Buffalo Bills at Atlanta Falcons","awayTeam","2","60.777","59.916","0","-1.901","38.91","0.313","4.167"
"2025","2","6","401772717","Chicago Bears at Washington Commanders","homeTeam","28","65.596","59.733","0","-1.54","34.13","0.27399999999999997","6.125"
"2025","2","6","401772717","Chicago Bears at Washington Commanders","awayTeam","3","34.13","59.733","0","3.556","65.596","0.27399999999999997","-6.125"
"2025","2","7","401772941","Pittsburgh Steelers at Cincinnati Bengals","homeTeam","4","35.391","53.475","0","0.713","64.325","0.28400000000000003","-5.722"
"2025","2","7","401772941","Pittsburgh Steelers at Cincinnati Bengals","awayTeam","23","64.325","53.475","0","-6.557","35.391","0.28400000000000003","5.722"
"2025","2","7","401772635","Los Angeles Rams at Jacksonville Jaguars","homeTeam","30","39.507999999999996","62.042","0","3.077","60.175","0.317","-3.392"
"2025","2","7","401772635","Los Angeles Rams at Jacksonville Jaguars","awayTeam","14","60.175","62.042","0","-0.337","39.507999999999996","0.317","3.392"
"2025","2","7","401772861","New Orleans Saints at Chicago Bears","homeTeam","3","64.592","26.598","0","-6.459","35.126000000000005","0.28200000000000003","5.973"
"2025","2","7","401772861","New Orleans Saints at Chicago Bears","awayTeam","18","35.126000000000005","26.598","0","-1.756","64.592","0.28200000000000003","-5.973"
"2025","2","7","401772754","Miami Dolphins at Cleveland Browns","homeTeam","5","42.961","23.969","0","-3.376","56.694","0.345","-2.498"
"2025","2","7","401772754","Miami Dolphins at Cleveland Browns","awayTeam","15","56.694","23.969","0","-7.757","42.961","0.345","2.498"
"2025","2","7","401772755","New England Patriots at Tennessee Titans","homeTeam","10","34.262","29.333","0","-0.204","65.462","0.27499999999999997","-6.433"
"2025","2","7","401772755","New England Patriots at Tennessee Titans","awayTeam","17","65.462","29.333","0","-8.474","34.262","0.27499999999999997","6.433"
"2025","2","7","401772753","Las Vegas Raiders at Kansas City Chiefs","homeTeam","12","78.247","59.963","0","-3.857","21.58","0.173","12.004"
"2025","2","7","401772753","Las Vegas Raiders at Kansas City Chiefs","awayTeam","13","21.58","59.963","0","6.744","78.247","0.173","-12.004"
"2025","2","7","401772862","Philadelphia Eagles at Minnesota Vikings","homeTeam","16","52.812000000000005","62.488","0","3.483","46.812","0.376","1.071"
"2025","2","7","401772862","Philadelphia Eagles at Minnesota Vikings","awayTeam","21","46.812","62.488","0","2.88","52.812000000000005","0.376","-1.071"
"2025","2","7","401772860","Carolina Panthers at New York Jets","homeTeam","20","48.007","20.886","0","-3.926","51.607","0.386","-0.672"
"2025","2","7","401772860","Carolina Panthers at New York Jets","awayTeam","29","51.607","20.886","0","-5.911","48.007","0.386","0.672"
"2025","2","7","401772757","New York Giants at Denver Broncos","homeTeam","7","66.132","53.252","0","-2.423","33.598","0.27","6.099"
"2025","2","7","401772757","New York Giants at Denver Broncos","awayTeam","19","33.598","53.252","0","1.868","66.132","0.27","-6.099"
"2025","2","7","401772756","Indianapolis Colts at Los Angeles Chargers","homeTeam","24","50.871","71.075","0","3.016","48.738","0.391","0.483"
"2025","2","7","401772756","Indianapolis Colts at Los Angeles Chargers","awayTeam","11","48.738","71.075","0","1.692","50.871","0.391","-0.483"
"2025","2","7","401772864","Washington Commanders at Dallas Cowboys","homeTeam","6","47.941","68.958","0","3.503","51.674","0.385","-0.566"
"2025","2","7","401772864","Washington Commanders at Dallas Cowboys","awayTeam","28","51.674","68.958","0","1.047","47.941","0.385","0.566"
"2025","2","7","401772863","Green Bay Packers at Arizona Cardinals","homeTeam","22","33.067","63.559","0","4.453","66.667","0.266","-6.974"
"2025","2","7","401772863","Green Bay Packers at Arizona Cardinals","awayTeam","9","66.667","63.559","0","-4.061","33.067","0.266","6.974"
"2025","2","7","401772924","Atlanta Falcons at San Francisco 49ers","homeTeam","25","47.476","57.534","0","-0.875","52.142999999999994","0.381","-1.121"
"2025","2","7","401772924","Atlanta Falcons at San Francisco 49ers","awayTeam","1","52.142999999999994","57.534","0","-3.662","47.476","0.381","1.121"
"2025","2","7","401772816","Tampa Bay Buccaneers at Detroit Lions","homeTeam","8","61.246","78.756","0","1.915","38.446000000000005","0.309","4.765"
"2025","2","7","401772816","Tampa Bay Buccaneers at Detroit Lions","awayTeam","27","38.446000000000005","78.756","0","5.41","61.246","0.309","-4.765"
"2025","2","7","401772826","Houston Texans at Seattle Seahawks","homeTeam","26","51.942","65.156","0","1.88","47.675","0.383","0.794"
"2025","2","7","401772826","Houston Texans at Seattle Seahawks","awayTeam","34","47.675","65.156","0","1.21","51.942","0.383","-0.794"
"2025","2","8","401772942","Minnesota Vikings at Los Angeles Chargers","homeTeam","24","50.804","53.624","0","2.643","48.803999999999995","0.392","0.333"
"2025","2","8","401772942","Minnesota Vikings at Los Angeles Chargers","awayTeam","16","48.803999999999995","53.624","0","1.068","50.804","0.392","-0.333"
"2025","2","8","401772760","Miami Dolphins at Atlanta Falcons","homeTeam","1","65.52900000000001","31.457","0","-4.781","34.196","0.27499999999999997","6.068"
"2025","2","8","401772760","Miami Dolphins at Atlanta Falcons","awayTeam","15","34.196","31.457","0","-0.478","65.52900000000001","0.27499999999999997","-6.068"
"2025","2","8","401772758","New York Jets at Cincinnati Bengals","homeTeam","4","56.962","31.938","0","-6.748","42.695","0.34299999999999997","2.789"
"2025","2","8","401772758","New York Jets at Cincinnati Bengals","awayTeam","20","42.695","31.938","0","-5.832","56.962","0.34299999999999997","-2.789"
"2025","2","8","401772868","Cleveland Browns at New England Patriots","homeTeam","17","69.345","39.776","0","-6.093","30.410999999999998","0.244","7.763"
"2025","2","8","401772868","Cleveland Browns at New England Patriots","awayTeam","5","30.410999999999998","39.776","0","0.185","69.345","0.244","-7.763"
"2025","2","8","401772867","New York Giants at Philadelphia Eagles","homeTeam","21","64.793","59.078","0","0.444","34.926","0.281","5.714"
"2025","2","8","401772867","New York Giants at Philadelphia Eagles","awayTeam","19","34.926","59.078","0","4.025","64.793","0.281","-5.714"
"2025","2","8","401772865","Buffalo Bills at Carolina Panthers","homeTeam","29","44.554","52.698","0","2.964","55.088","0.358","-1.833"
"2025","2","8","401772865","Buffalo Bills at Carolina Panthers","awayTeam","2","55.088","52.698","0","-0.706","44.554","0.358","1.833"
"2025","2","8","401772759","Chicago Bears at Baltimore Ravens","homeTeam","33","48.007","57.107","0","-1.23","51.607","0.386","-0.445"
"2025","2","8","401772759","Chicago Bears at Baltimore Ravens","awayTeam","3","51.607","57.107","0","-3.698","48.007","0.386","0.445"
"2025","2","8","401772866","San Francisco 49ers at Houston Texans","homeTeam","34","64.25800000000001","66.584","0","-3.237","35.458","0.28500000000000003","5.469"
"2025","2","8","401772866","San Francisco 49ers at Houston Texans","awayTeam","25","35.458","66.584","0","0.823","64.25800000000001","0.28500000000000003","-5.469"
"2025","2","8","401772869","Tampa Bay Buccaneers at New Orleans Saints","homeTeam","18","34.329","37.619","0","0.968","65.39500000000001","0.27599999999999997","-5.716"
"2025","2","8","401772869","Tampa Bay Buccaneers at New Orleans Saints","awayTeam","27","65.39500000000001","37.619","0","-6.684","34.329","0.27599999999999997","5.716"
"2025","2","8","401772762","Dallas Cowboys at Denver Broncos","homeTeam","7","55.489","67.996","0","1.787","44.156","0.35500000000000004","2.141"
"2025","2","8","401772762","Dallas Cowboys at Denver Broncos","awayTeam","6","44.156","67.996","0","2.048","55.489","0.35500000000000004","-2.141"
"2025","2","8","401772761","Tennessee Titans at Indianapolis Colts","homeTeam","11","83.80199999999999","42.889","0","-8.742","16.069","0.129","14.522"
"2025","2","8","401772761","Tennessee Titans at Indianapolis Colts","awayTeam","10","16.069","42.889","0","4.292","83.80199999999999","0.129","-14.522"
"2025","2","8","401772925","Green Bay Packers at Pittsburgh Steelers","homeTeam","23","43.358999999999995","71.544","0","4.609","56.293000000000006","0.348","-1.965"
"2025","2","8","401772925","Green Bay Packers at Pittsburgh Steelers","awayTeam","9","56.293000000000006","71.544","0","0.867","43.358999999999995","0.348","1.965"
"2025","2","8","401772817","Washington Commanders at Kansas City Chiefs","homeTeam","12","74.431","83.332","0","-0.087","25.365","0.20400000000000001","10.062"
"2025","2","8","401772817","Washington Commanders at Kansas City Chiefs","awayTeam","28","25.365","83.332","0","7.95","74.431","0.20400000000000001","-10.062"
"2025","2","9","401772943","Baltimore Ravens at Miami Dolphins","homeTeam","15","37.714999999999996","51.953","0","3.209","61.982000000000006","0.303","-4.852"
"2025","2","9","401772943","Baltimore Ravens at Miami Dolphins","awayTeam","33","61.982000000000006","51.953","0","-3.367","37.714999999999996","0.303","4.852"
"2025","2","9","401772765","Chicago Bears at Cincinnati Bengals","homeTeam","4","46.945","49.181","0","-1.798","52.678000000000004","0.377","-1.039"
"2025","2","9","401772765","Chicago Bears at Cincinnati Bengals","awayTeam","3","52.678000000000004","49.181","0","-4.583","46.945","0.377","1.039"
"2025","2","9","401772871","Minnesota Vikings at Detroit Lions","homeTeam","8","75.50200000000001","59.121","0","-3.087","24.302","0.19499999999999998","10.265"
"2025","2","9","401772871","Minnesota Vikings at Detroit Lions","awayTeam","16","24.302","59.121","0","5.553","75.50200000000001","0.19499999999999998","-10.265"
"2025","2","9","401772872","Carolina Panthers at Green Bay Packers","homeTeam","9","77.711","54.157","0","-4.9","22.111","0.178","11.717"
"2025","2","9","401772872","Carolina Panthers at Green Bay Packers","awayTeam","29","22.111","54.157","0","5.261","77.711","0.178","-11.717"
"2025","2","9","401772764","Los Angeles Chargers at Tennessee Titans","homeTeam","10","25.099","38.813","0","2.557","74.699","0.202","-10.123"
"2025","2","9","401772764","Los Angeles Chargers at Tennessee Titans","awayTeam","24","74.699","38.813","0","-9.133","25.099","0.202","10.123"
"2025","2","9","401772763","Atlanta Falcons at New England Patriots","homeTeam","17","64.25800000000001","42.969","0","-3.684","35.458","0.28500000000000003","5.756"
"2025","2","9","401772763","Atlanta Falcons at New England Patriots","awayTeam","1","35.458","42.969","0","0.403","64.25800000000001","0.28500000000000003","-5.756"
"2025","2","9","401772767","San Francisco 49ers at New York Giants","homeTeam","19","62.919000000000004","53.992","0","-3.102","36.786","0.295","5.186"
"2025","2","9","401772767","San Francisco 49ers at New York Giants","awayTeam","25","36.786","53.992","0","0.617","62.919000000000004","0.295","-5.186"
"2025","2","9","401772766","Indianapolis Colts at Pittsburgh Steelers","homeTeam","23","40.57","68.573","0","4.94","59.104","0.326","-3.078"
"2025","2","9","401772766","Indianapolis Colts at Pittsburgh Steelers","awayTeam","11","59.104","68.573","0","-0.108","40.57","0.326","3.078"
"2025","2","9","401772870","Denver Broncos at Houston Texans","homeTeam","34","49.136","70.798","0","3.074","50.468999999999994","0.395","-0.171"
"2025","2","9","401772870","Denver Broncos at Houston Texans","awayTeam","7","50.468999999999994","70.798","0","1.463","49.136","0.395","0.171"
"2025","2","9","401772873","Jacksonville Jaguars at Las Vegas Raiders","homeTeam","13","43.425999999999995","31.21","0","-1.191","56.226","0.349","-2.518"
"2025","2","9","401772873","Jacksonville Jaguars at Las Vegas Raiders","awayTeam","30","56.226","31.21","0","-5.5","43.425999999999995","0.349","2.518"
"2025","2","9","401772874","New Orleans Saints at Los Angeles Rams","homeTeam","14","85.60900000000001","46.564","0","-10.321","14.276","0.11499999999999999","16.089"
"2025","2","9","401772874","New Orleans Saints at Los Angeles Rams","awayTeam","18","14.276","46.564","0","4.327","85.60900000000001","0.11499999999999999","-16.089"
"2025","2","9","401772768","Kansas City Chiefs at Buffalo Bills","homeTeam","2","41.766","89.256","0","8.487","57.899","0.335","-2.796"
"2025","2","9","401772768","Kansas City Chiefs at Buffalo Bills","awayTeam","12","57.899","89.256","0","3.96","41.766","0.335","2.796"
"2025","2","9","401772926","Seattle Seahawks at Washington Commanders","homeTeam","28","55.155","63.535","0","1.327","44.488","0.357","2.135"
"2025","2","9","401772926","Seattle Seahawks at Washington Commanders","awayTeam","26","44.488","63.535","0","1.942","55.155","0.357","-2.135"
"2025","2","9","401772818","Arizona Cardinals at Dallas Cowboys","homeTeam","6","66.60000000000001","53.647","0","-3.809","33.134","0.266","6.386"
"2025","2","9","401772818","Arizona Cardinals at Dallas Cowboys","awayTeam","22","33.134","53.647","0","1.075","66.60000000000001","0.266","-6.386"
"2025","2","10","401772944","Las Vegas Raiders at Denver Broncos","homeTeam","7","73.829","48.67","0","-4.97","25.962000000000003","0.209","9.559"
"2025","2","10","401772944","Las Vegas Raiders at Denver Broncos","awayTeam","13","25.962000000000003","48.67","0","2.895","73.829","0.209","-9.559"
"2025","2","10","401772636","Atlanta Falcons at Indianapolis Colts","homeTeam","11","69.746","57.574","0","-3.145","30.013","0.241","7.604"
"2025","2","10","401772636","Atlanta Falcons at Indianapolis Colts","awayTeam","1","30.013","57.574","0","4.847","69.746","0.241","-7.604"
"2025","2","10","401772875","New York Giants at Chicago Bears","homeTeam","3","50.871","38.639","0","-0.325","48.738","0.391","0.292"
"2025","2","10","401772875","New York Giants at Chicago Bears","awayTeam","19","48.738","38.639","0","-1.782","50.871","0.391","-0.292"
"2025","2","10","401772771","Buffalo Bills at Miami Dolphins","homeTeam","15","31.474000000000004","56.671","0","4.777","68.274","0.253","-7.458"
"2025","2","10","401772771","Buffalo Bills at Miami Dolphins","awayTeam","2","68.274","56.671","0","-4.025","31.474000000000004","0.253","7.458"
"2025","2","10","401772876","Baltimore Ravens at Minnesota Vikings","homeTeam","16","37.383","58.892","0","3.879","62.317","0.3","-4.792"
"2025","2","10","401772876","Baltimore Ravens at Minnesota Vikings","awayTeam","33","62.317","58.892","0","-2.366","37.383","0.3","4.792"
"2025","2","10","401772769","Cleveland Browns at New York Jets","homeTeam","20","65.998","17.086","0","-10.796","33.731","0.271","5.99"
"2025","2","10","401772769","Cleveland Browns at New York Jets","awayTeam","5","33.731","17.086","0","-6.242","65.998","0.271","-5.99"
"2025","2","10","401772772","New England Patriots at Tampa Bay Buccaneers","homeTeam","27","56.359","58.628","0","0.13","43.293","0.348","2.65"
"2025","2","10","401772772","New England Patriots at Tampa Bay Buccaneers","awayTeam","17","43.293","58.628","0","0.842","56.359","0.348","-2.65"
"2025","2","10","401772877","New Orleans Saints at Carolina Panthers","homeTeam","29","65.462","18.345","0","-8.731","34.262","0.27499999999999997","6.083"
"2025","2","10","401772877","New Orleans Saints at Carolina Panthers","awayTeam","18","34.262","18.345","0","-3.946","65.462","0.27499999999999997","-6.083"
"2025","2","10","401772770","Jacksonville Jaguars at Houston Texans","homeTeam","34","44.422","54.08","0","-1.063","55.222","0.357","-1.913"
"2025","2","10","401772770","Jacksonville Jaguars at Houston Texans","awayTeam","30","55.222","54.08","0","-4.179","44.422","0.357","1.913"
"2025","2","10","401772773","Arizona Cardinals at Seattle Seahawks","homeTeam","26","64.793","62.942","0","-1.983","34.926","0.281","6.13"
"2025","2","10","401772773","Arizona Cardinals at Seattle Seahawks","awayTeam","22","34.926","62.942","0","2.918","64.793","0.281","-6.13"
"2025","2","10","401772879","Los Angeles Rams at San Francisco 49ers","homeTeam","25","36.187999999999995","81.197","0","5.027","63.52100000000001","0.291","-5.562"
"2025","2","10","401772879","Los Angeles Rams at San Francisco 49ers","awayTeam","14","63.52100000000001","81.197","0","-2.184","36.187999999999995","0.291","5.562"
"2025","2","10","401772878","Detroit Lions at Washington Commanders","homeTeam","28","34.262","69.498","0","4.612","65.462","0.27499999999999997","-5.999"
"2025","2","10","401772878","Detroit Lions at Washington Commanders","awayTeam","8","65.462","69.498","0","-2.794","34.262","0.27499999999999997","5.999"
"2025","2","10","401772927","Pittsburgh Steelers at Los Angeles Chargers","homeTeam","24","61.58","62.152","0","-0.267","38.114","0.306","4.705"
"2025","2","10","401772927","Pittsburgh Steelers at Los Angeles Chargers","awayTeam","23","38.114","62.152","0","2.589","61.58","0.306","-4.705"
"2025","2","10","401772630","Philadelphia Eagles at Green Bay Packers","homeTeam","9","52.00900000000001","82.766","0","4.445","47.609","0.382","0.848"
"2025","2","10","401772630","Philadelphia Eagles at Green Bay Packers","awayTeam","21","47.609","82.766","0","4.18","52.00900000000001","0.382","-0.848"
"2025","2","11","401772945","New York Jets at New England Patriots","homeTeam","17","71.219","33.185","0","-6.821","28.552","0.22899999999999998","8.682"
"2025","2","11","401772945","New York Jets at New England Patriots","awayTeam","20","28.552","33.185","0","0.337","71.219","0.22899999999999998","-8.682"
"2025","2","11","401772631","Washington Commanders at Miami Dolphins","homeTeam","15","49.136","42.941","0","-2.456","50.468999999999994","0.395","-0.253"
"2025","2","11","401772631","Washington Commanders at Miami Dolphins","awayTeam","28","50.468999999999994","42.941","0","-2.898","49.136","0.395","0.253"
"2025","2","11","401772882","Carolina Panthers at Atlanta Falcons","homeTeam","1","58.97","27.015","0","-4.815","40.703","0.327","3.261"
"2025","2","11","401772882","Carolina Panthers at Atlanta Falcons","awayTeam","29","40.703","27.015","0","-3.012","58.97","0.327","-3.261"
"2025","2","11","401772776","Tampa Bay Buccaneers at Buffalo Bills","homeTeam","2","61.446","72.062","0","0.862","38.246","0.307","4.14"
"2025","2","11","401772776","Tampa Bay Buccaneers at Buffalo Bills","awayTeam","27","38.246","72.062","0","3.591","61.446","0.307","-4.14"
"2025","2","11","401772881","Houston Texans at Tennessee Titans","homeTeam","10","38.313","34.812","0","-2.814","61.379","0.308","-4.507"
"2025","2","11","401772881","Houston Texans at Tennessee Titans","awayTeam","34","61.379","34.812","0","-9.223","38.313","0.308","4.507"
"2025","2","11","401772880","Chicago Bears at Minnesota Vikings","homeTeam","16","50.938","40.242","0","-1.575","48.671","0.391","0.401"
"2025","2","11","401772880","Chicago Bears at Minnesota Vikings","awayTeam","3","48.671","40.242","0","-2.641","50.938","0.391","-0.401"
"2025","2","11","401772883","Green Bay Packers at New York Giants","homeTeam","19","35.922","55.865","0","3.775","63.788999999999994","0.28900000000000003","-5.28"
"2025","2","11","401772883","Green Bay Packers at New York Giants","awayTeam","9","63.788999999999994","55.865","0","-2.902","35.922","0.28900000000000003","5.28"
"2025","2","11","401772774","Cincinnati Bengals at Pittsburgh Steelers","homeTeam","23","58.635000000000005","50.821","0","-3.23","41.035","0.33","3.389"
"2025","2","11","401772774","Cincinnati Bengals at Pittsburgh Steelers","awayTeam","4","41.035","50.821","0","-1.088","58.635000000000005","0.33","-3.389"
"2025","2","11","401772775","Los Angeles Chargers at Jacksonville Jaguars","homeTeam","30","41.632999999999996","57.124","0","2.74","58.033","0.334","-3.079"
"2025","2","11","401772775","Los Angeles Chargers at Jacksonville Jaguars","awayTeam","24","58.033","57.124","0","-1.586","41.632999999999996","0.334","3.079"
"2025","2","11","401772884","Seattle Seahawks at Los Angeles Rams","homeTeam","14","61.112","81.68","0","3.176","38.578","0.31","4.314"
"2025","2","11","401772884","Seattle Seahawks at Los Angeles Rams","awayTeam","26","38.578","81.68","0","5.716","61.112","0.31","-4.314"
"2025","2","11","401772885","San Francisco 49ers at Arizona Cardinals","homeTeam","22","36.387","62.335","0","3.071","63.321000000000005","0.292","-5.221"
"2025","2","11","401772885","San Francisco 49ers at Arizona Cardinals","awayTeam","25","63.321000000000005","62.335","0","-3.592","36.387","0.292","5.221"
"2025","2","11","401772777","Baltimore Ravens at Cleveland Browns","homeTeam","5","21.115000000000002","53.508","0","4.228","78.715","0.16999999999999998","-12.22"
"2025","2","11","401772777","Baltimore Ravens at Cleveland Browns","awayTeam","33","78.715","53.508","0","-9.821","21.115000000000002","0.16999999999999998","12.22"
"2025","2","11","401772778","Kansas City Chiefs at Denver Broncos","homeTeam","7","39.906000000000006","83.862","0","7.67","59.772999999999996","0.321","-4.017"
"2025","2","11","401772778","Kansas City Chiefs at Denver Broncos","awayTeam","12","59.772999999999996","83.862","0","2.201","39.906000000000006","0.321","4.017"
"2025","2","11","401772928","Detroit Lions at Philadelphia Eagles","homeTeam","21","50.602999999999994","86.895","0","5.719","49.003","0.394","0.596"
"2025","2","11","401772928","Detroit Lions at Philadelphia Eagles","awayTeam","8","49.003","86.895","0","4.611","50.602999999999994","0.394","-0.596"
"2025","2","11","401772819","Dallas Cowboys at Las Vegas Raiders","homeTeam","13","40.637","37.948","0","-0.144","59.03699999999999","0.326","-3.336"
"2025","2","11","401772819","Dallas Cowboys at Las Vegas Raiders","awayTeam","6","59.03699999999999","37.948","0","-4.937","40.637","0.326","3.336"
"2025","2","12","401772946","Buffalo Bills at Houston Texans","homeTeam","34","36.187999999999995","75.69","0","3.91","63.52100000000001","0.291","-5.091"
"2025","2","12","401772946","Buffalo Bills at Houston Texans","awayTeam","2","63.52100000000001","75.69","0","-2.408","36.187999999999995","0.291","5.091"
"2025","2","12","401772780","Pittsburgh Steelers at Chicago Bears","homeTeam","3","50.068","44.132","0","0.341","49.534","0.398","0.067"
"2025","2","12","401772780","Pittsburgh Steelers at Chicago Bears","awayTeam","23","49.534","44.132","0","-1.38","50.068","0.398","-0.067"
"2025","2","12","401772781","New England Patriots at Cincinnati Bengals","homeTeam","4","41.168","54.587","0","0.381","58.501000000000005","0.331","-3.48"
"2025","2","12","401772781","New England Patriots at Cincinnati Bengals","awayTeam","17","58.501000000000005","54.587","0","-4.473","41.168","0.331","3.48"
"2025","2","12","401772888","New York Giants at Detroit Lions","homeTeam","8","72.15599999999999","58.145","0","-2.751","27.622000000000003","0.22200000000000003","9.314"
"2025","2","12","401772888","New York Giants at Detroit Lions","awayTeam","19","27.622000000000003","58.145","0","5.027","72.15599999999999","0.22200000000000003","-9.314"
"2025","2","12","401772887","Minnesota Vikings at Green Bay Packers","homeTeam","9","71.553","57.579","0","-2.813","28.22","0.22699999999999998","8.59"
"2025","2","12","401772887","Minnesota Vikings at Green Bay Packers","awayTeam","16","28.22","57.579","0","4.336","71.553","0.22699999999999998","-8.59"
"2025","2","12","401772886","Seattle Seahawks at Tennessee Titans","homeTeam","10","23.771","39.576","0","3.648","76.038","0.191","-10.607"
"2025","2","12","401772886","Seattle Seahawks at Tennessee Titans","awayTeam","26","76.038","39.576","0","-9.058","23.771","0.191","10.607"
"2025","2","12","401772779","Indianapolis Colts at Kansas City Chiefs","homeTeam","12","61.714","89.536","0","4.657","37.980999999999995","0.305","4.522"
"2025","2","12","401772779","Indianapolis Colts at Kansas City Chiefs","awayTeam","11","37.980999999999995","89.536","0","7.333","61.714","0.305","-4.522"
"2025","2","12","401772782","New York Jets at Baltimore Ravens","homeTeam","33","79.853","45.132","0","-7.582","19.986","0.161","13.232"
"2025","2","12","401772782","New York Jets at Baltimore Ravens","awayTeam","20","19.986","45.132","0","4.114","79.853","0.161","-13.232"
"2025","2","12","401772784","Cleveland Browns at Las Vegas Raiders","homeTeam","13","64.927","20.536","0","-10.075","34.794000000000004","0.27899999999999997","5.777"
"2025","2","12","401772784","Cleveland Browns at Las Vegas Raiders","awayTeam","5","34.794000000000004","20.536","0","-5.723","64.927","0.27899999999999997","-5.777"
"2025","2","12","401772783","Jacksonville Jaguars at Arizona Cardinals","homeTeam","22","46.214","52.572","0","-0.027","53.413999999999994","0.371","-1.627"
"2025","2","12","401772783","Jacksonville Jaguars at Arizona Cardinals","awayTeam","30","53.413999999999994","52.572","0","-3.414","46.214","0.371","1.627"
"2025","2","12","401772890","Philadelphia Eagles at Dallas Cowboys","homeTeam","6","42.230000000000004","70.409","0","4.667","57.43000000000001","0.33899999999999997","-2.632"
"2025","2","12","401772890","Philadelphia Eagles at Dallas Cowboys","awayTeam","21","57.43000000000001","70.409","0","0.486","42.230000000000004","0.33899999999999997","2.632"
"2025","2","12","401772889","Atlanta Falcons at New Orleans Saints","homeTeam","18","45.683","23.58","0","-2.973","53.949999999999996","0.367","-1.243"
"2025","2","12","401772889","Atlanta Falcons at New Orleans Saints","awayTeam","1","53.949999999999996","23.58","0","-6.312","45.683","0.367","1.243"
"2025","2","12","401772929","Tampa Bay Buccaneers at Los Angeles Rams","homeTeam","14","64.793","73.885","0","0.87","34.926","0.281","5.587"
"2025","2","12","401772929","Tampa Bay Buccaneers at Los Angeles Rams","awayTeam","27","34.926","73.885","0","5.206","64.793","0.281","-5.587"
"2025","2","12","401772820","Carolina Panthers at San Francisco 49ers","homeTeam","25","73.16","50.077","0","-4.403","26.626","0.214","9.417"
"2025","2","12","401772820","Carolina Panthers at San Francisco 49ers","awayTeam","29","26.626","50.077","0","3.555","73.16","0.214","-9.417"
"2025","2","13","401772891","Green Bay Packers at Detroit Lions","homeTeam","8","53.949999999999996","85.153","0","4.893","45.683","0.367","1.499"
"2025","2","13","401772891","Green Bay Packers at Detroit Lions","awayTeam","9","45.683","85.153","0","4.889","53.949999999999996","0.367","-1.499"
"2025","2","13","401772694","Kansas City Chiefs at Dallas Cowboys","homeTeam","6","37.051","78.779","0","7.228","62.651","0.298","-5.146"
"2025","2","13","401772694","Kansas City Chiefs at Dallas Cowboys","awayTeam","12","62.651","78.779","0","0.771","37.051","0.298","5.146"
"2025","2","13","401772930","Cincinnati Bengals at Baltimore Ravens","homeTeam","33","67.286","67.26","0","-1.246","32.452999999999996","0.261","7.024"
"2025","2","13","401772930","Cincinnati Bengals at Baltimore Ravens","awayTeam","4","32.452999999999996","67.26","0","4.084","67.286","0.261","-7.024"
"2025","2","13","401772621","Chicago Bears at Philadelphia Eagles","homeTeam","21","68.341","63.672","0","-1.272","31.407","0.252","7.216"
"2025","2","13","401772621","Chicago Bears at Philadelphia Eagles","awayTeam","3","31.407","63.672","0","4.446","68.341","0.252","-7.216"
"2025","2","13","401772785","San Francisco 49ers at Cleveland Browns","homeTeam","5","23.372999999999998","49.43","0","2.981","76.43900000000001","0.188","-10.759"
"2025","2","13","401772785","San Francisco 49ers at Cleveland Browns","awayTeam","25","76.43900000000001","49.43","0","-9.497","23.372999999999998","0.188","10.759"
"2025","2","13","401772786","Jacksonville Jaguars at Tennessee Titans","homeTeam","10","31.938","29.558","0","0.017","67.805","0.257","-7.028"
"2025","2","13","401772786","Jacksonville Jaguars at Tennessee Titans","awayTeam","30","67.805","29.558","0","-8.745","31.938","0.257","7.028"
"2025","2","13","401772787","Houston Texans at Indianapolis Colts","homeTeam","11","64.75999999999999","75.625","0","0.182","34.96","0.281","5.719"
"2025","2","13","401772787","Houston Texans at Indianapolis Colts","awayTeam","34","34.96","75.625","0","4.76","64.75999999999999","0.281","-5.719"
"2025","2","13","401772892","New Orleans Saints at Miami Dolphins","homeTeam","15","64.592","19.496","0","-7.842","35.126000000000005","0.28200000000000003","5.806"
"2025","2","13","401772892","New Orleans Saints at Miami Dolphins","awayTeam","18","35.126000000000005","19.496","0","-3.203","64.592","0.28200000000000003","-5.806"
"2025","2","13","401772893","Atlanta Falcons at New York Jets","homeTeam","20","42.496","23.256","0","-3.025","57.163","0.34099999999999997","-2.916"
"2025","2","13","401772893","Atlanta Falcons at New York Jets","awayTeam","1","57.163","23.256","0","-7.275","42.496","0.34099999999999997","2.916"
"2025","2","13","401772895","Arizona Cardinals at Tampa Bay Buccaneers","homeTeam","27","63.788999999999994","50.459","0","-3.584","35.922","0.28900000000000003","5.276"
"2025","2","13","401772895","Arizona Cardinals at Tampa Bay Buccaneers","awayTeam","22","35.922","50.459","0","0.023","63.788999999999994","0.28900000000000003","-5.276"
"2025","2","13","401772894","Los Angeles Rams at Carolina Panthers","homeTeam","29","27.954","55.285","0","5.882","71.821","0.22499999999999998","-8.623"
"2025","2","13","401772894","Los Angeles Rams at Carolina Panthers","awayTeam","14","71.821","55.285","0","-4.433","27.954","0.22499999999999998","8.623"
"2025","2","13","401772896","Minnesota Vikings at Seattle Seahawks","homeTeam","26","70.34899999999999","51.808","0","-3.476","29.415000000000003","0.23600000000000002","8.076"
"2025","2","13","401772896","Minnesota Vikings at Seattle Seahawks","awayTeam","16","29.415000000000003","51.808","0","3.676","70.34899999999999","0.23600000000000002","-8.076"
"2025","2","13","401772789","Buffalo Bills at Pittsburgh Steelers","homeTeam","23","43.376","62.251","0","3.339","56.276","0.348","-2.532"
"2025","2","13","401772789","Buffalo Bills at Pittsburgh Steelers","awayTeam","2","56.276","62.251","0","-0.503","43.376","0.348","2.532"
"2025","2","13","401772788","Las Vegas Raiders at Los Angeles Chargers","homeTeam","24","73.42699999999999","38.359","0","-6.194","26.361","0.212","9.137"
"2025","2","13","401772788","Las Vegas Raiders at Los Angeles Chargers","awayTeam","13","26.361","38.359","0","1.087","73.42699999999999","0.212","-9.137"
"2025","2","13","401772931","Denver Broncos at Washington Commanders","homeTeam","28","40.77","61.23","0","2.522","58.903000000000006","0.327","-3.619"
"2025","2","13","401772931","Denver Broncos at Washington Commanders","awayTeam","7","58.903000000000006","61.23","0","-2.36","40.77","0.327","3.619"
"2025","2","13","401772821","New York Giants at New England Patriots","homeTeam","17","54.887","46.237","0","0.127","44.754","0.359","1.954"
"2025","2","13","401772821","New York Giants at New England Patriots","awayTeam","19","44.754","46.237","0","0.521","54.887","0.359","-1.954"
"2025","2","14","401772947","Dallas Cowboys at Detroit Lions","homeTeam","8","61.312999999999995","70.446","0","1.105","38.379000000000005","0.308","4.664"
"2025","2","14","401772947","Dallas Cowboys at Detroit Lions","awayTeam","6","38.379000000000005","70.446","0","4.456","61.312999999999995","0.308","-4.664"
"2025","2","14","401772900","Seattle Seahawks at Atlanta Falcons","homeTeam","1","38.578","56.999","0","3.946","61.112","0.31","-4.535"
"2025","2","14","401772900","Seattle Seahawks at Atlanta Falcons","awayTeam","26","61.112","56.999","0","-2.864","38.578","0.31","4.535"
"2025","2","14","401772902","Cincinnati Bengals at Buffalo Bills","homeTeam","2","62.986","69.866","0","0.598","36.719","0.295","5.027"
"2025","2","14","401772902","Cincinnati Bengals at Buffalo Bills","awayTeam","4","36.719","69.866","0","3.951","62.986","0.295","-5.027"
"2025","2","14","401772898","Tennessee Titans at Cleveland Browns","homeTeam","5","52.544000000000004","14.697","0","-9.458","47.077999999999996","0.378","1.097"
"2025","2","14","401772898","Tennessee Titans at Cleveland Browns","awayTeam","10","47.077999999999996","14.697","0","-10.036","52.544000000000004","0.378","-1.097"
"2025","2","14","401772899","Washington Commanders at Minnesota Vikings","homeTeam","16","43.027","39.253","0","0.087","56.627","0.346","-2.381"
"2025","2","14","401772899","Washington Commanders at Minnesota Vikings","awayTeam","28","56.627","39.253","0","-4.106","43.027","0.346","2.381"
"2025","2","14","401772790","Miami Dolphins at New York Jets","homeTeam","20","45.152","18.833","0","-3.315","54.48499999999999","0.363","-1.898"
"2025","2","14","401772790","Miami Dolphins at New York Jets","awayTeam","15","54.48499999999999","18.833","0","-6.712","45.152","0.363","1.898"
"2025","2","14","401772792","New Orleans Saints at Tampa Bay Buccaneers","homeTeam","27","74.03","32.707","0","-8.438","25.763","0.207","9.51"
"2025","2","14","401772792","New Orleans Saints at Tampa Bay Buccaneers","awayTeam","18","25.763","32.707","0","-0.192","74.03","0.207","-9.51"
"2025","2","14","401772793","Indianapolis Colts at Jacksonville Jaguars","homeTeam","30","44.885999999999996","68.861","0","4.093","54.75299999999999","0.361","-1.643"
"2025","2","14","401772793","Indianapolis Colts at Jacksonville Jaguars","awayTeam","11","54.75299999999999","68.861","0","0.67","44.885999999999996","0.361","1.643"
"2025","2","14","401772791","Pittsburgh Steelers at Baltimore Ravens","homeTeam","33","65.998","59.728","0","-1.366","33.731","0.271","6.244"
"2025","2","14","401772791","Pittsburgh Steelers at Baltimore Ravens","awayTeam","23","33.731","59.728","0","3.2","65.998","0.271","-6.244"
"2025","2","14","401772794","Denver Broncos at Las Vegas Raiders","homeTeam","13","30.278","42.007","0","2.656","69.478","0.243","-7.525"
"2025","2","14","401772794","Denver Broncos at Las Vegas Raiders","awayTeam","7","69.478","42.007","0","-6.46","30.278","0.243","7.525"
"2025","2","14","401772897","Chicago Bears at Green Bay Packers","homeTeam","9","69.545","68.1","0","-0.693","30.212","0.243","7.378"
"2025","2","14","401772897","Chicago Bears at Green Bay Packers","awayTeam","3","30.212","68.1","0","5.203","69.545","0.243","-7.378"
"2025","2","14","401772901","Los Angeles Rams at Arizona Cardinals","homeTeam","22","30.61","72.155","0","6.105","69.144","0.246","-7.32"
"2025","2","14","401772901","Los Angeles Rams at Arizona Cardinals","awayTeam","14","69.144","72.155","0","-3.09","30.61","0.246","7.32"
"2025","2","14","401772932","Houston Texans at Kansas City Chiefs","homeTeam","12","65.262","84.019","0","2.948","34.461999999999996","0.27699999999999997","5.972"
"2025","2","14","401772932","Houston Texans at Kansas City Chiefs","awayTeam","34","34.461999999999996","84.019","0","6.923","65.262","0.27699999999999997","-5.972"
"2025","2","14","401772822","Philadelphia Eagles at Los Angeles Chargers","homeTeam","24","40.637","72.916","0","3.569","59.03699999999999","0.326","-3.62"
"2025","2","14","401772822","Philadelphia Eagles at Los Angeles Chargers","awayTeam","21","59.03699999999999","72.916","0","-1.537","40.637","0.326","3.62"
"2025","2","15","401772948","Atlanta Falcons at Tampa Bay Buccaneers","homeTeam","27","63.454","41.1","0","-4.578","36.254","0.291","4.984"
"2025","2","15","401772948","Atlanta Falcons at Tampa Bay Buccaneers","awayTeam","1","36.254","41.1","0","-0.856","63.454","0.291","-4.984"
"2025","2","15","401772904","Cleveland Browns at Chicago Bears","homeTeam","3","71.687","37.148","0","-8.557","28.087","0.22599999999999998","9.122"
"2025","2","15","401772904","Cleveland Browns at Chicago Bears","awayTeam","5","28.087","37.148","0","-0.492","71.687","0.22599999999999998","-9.122"
"2025","2","15","401772796","Baltimore Ravens at Cincinnati Bengals","homeTeam","4","48.472","66.584","0","2.865","51.139","0.38899999999999996","-0.589"
"2025","2","15","401772796","Baltimore Ravens at Cincinnati Bengals","awayTeam","33","51.139","66.584","0","1.063","48.472","0.38899999999999996","0.589"
"2025","2","15","401772798","Los Angeles Chargers at Kansas City Chiefs","homeTeam","12","65.998","78.467","0","1.298","33.731","0.271","6.03"
"2025","2","15","401772798","Los Angeles Chargers at Kansas City Chiefs","awayTeam","24","33.731","78.467","0","5.972","65.998","0.271","-6.03"
"2025","2","15","401772795","Buffalo Bills at New England Patriots","homeTeam","17","45.550000000000004","69.778","0","3.638","54.083999999999996","0.366","-1.474"
"2025","2","15","401772795","Buffalo Bills at New England Patriots","awayTeam","2","54.083999999999996","69.778","0","0.932","45.550000000000004","0.366","1.474"
"2025","2","15","401772905","Washington Commanders at New York Giants","homeTeam","19","60.44199999999999","36.041","0","-3.634","39.242","0.315","3.807"
"2025","2","15","401772905","Washington Commanders at New York Giants","awayTeam","28","39.242","36.041","0","-1.518","60.44199999999999","0.315","-3.807"
"2025","2","15","401772906","Las Vegas Raiders at Philadelphia Eagles","homeTeam","21","78.247","45.175","0","-6.72","21.58","0.173","11.487"
"2025","2","15","401772906","Las Vegas Raiders at Philadelphia Eagles","awayTeam","13","21.58","45.175","0","3.555","78.247","0.173","-11.487"
"2025","2","15","401772797","New York Jets at Jacksonville Jaguars","homeTeam","30","86.81400000000001","33.442","0","-13.754","13.081000000000001","0.105","16.503"
"2025","2","15","401772797","New York Jets at Jacksonville Jaguars","awayTeam","20","13.081000000000001","33.442","0","1.297","86.81400000000001","0.105","-16.503"
"2025","2","15","401772903","Arizona Cardinals at Houston Texans","homeTeam","34","72.357","63.709","0","-3.903","27.423","0.22","8.406"
"2025","2","15","401772903","Arizona Cardinals at Houston Texans","awayTeam","22","27.423","63.709","0","3.371","72.357","0.22","-8.406"
"2025","2","15","401772800","Green Bay Packers at Denver Broncos","homeTeam","7","46.48","78.653","0","5.196","53.147","0.373","-1.206"
"2025","2","15","401772800","Green Bay Packers at Denver Broncos","awayTeam","9","53.147","78.653","0","2.548","46.48","0.373","1.206"
"2025","2","15","401772909","Detroit Lions at Los Angeles Rams","homeTeam","14","59.17099999999999","88.287","0","4.95","40.504","0.325","3.317"
"2025","2","15","401772909","Detroit Lions at Los Angeles Rams","awayTeam","8","40.504","88.287","0","6.892","59.17099999999999","0.325","-3.317"
"2025","2","15","401772908","Carolina Panthers at New Orleans Saints","homeTeam","18","47.21","18.818","0","-4.265","52.410000000000004","0.379","-0.92"
"2025","2","15","401772908","Carolina Panthers at New Orleans Saints","awayTeam","29","52.410000000000004","18.818","0","-6.626","47.21","0.379","0.92"
"2025","2","15","401772907","Tennessee Titans at San Francisco 49ers","homeTeam","25","82.999","40.957","0","-9.19","16.866","0.135","14.357"
"2025","2","15","401772907","Tennessee Titans at San Francisco 49ers","awayTeam","10","16.866","40.957","0","3.706","82.999","0.135","-14.357"
"2025","2","15","401772799","Indianapolis Colts at Seattle Seahawks","homeTeam","26","71.152","79.083","0","-2.507","28.618","0.22999999999999998","8.673"
"2025","2","15","401772799","Indianapolis Colts at Seattle Seahawks","awayTeam","11","28.618","79.083","0","4.888","71.152","0.22999999999999998","-8.673"
"2025","2","15","401772933","Minnesota Vikings at Dallas Cowboys","homeTeam","6","61.246","46.883","0","-2.592","38.446000000000005","0.309","4.552"
"2025","2","15","401772933","Minnesota Vikings at Dallas Cowboys","awayTeam","16","38.446000000000005","46.883","0","0.431","61.246","0.309","-4.552"
"2025","2","15","401772823","Miami Dolphins at Pittsburgh Steelers","homeTeam","23","58.568","40.5","0","-2.662","41.102","0.33","3.228"
"2025","2","15","401772823","Miami Dolphins at Pittsburgh Steelers","awayTeam","15","41.102","40.5","0","-0.89","58.568","0.33","-3.228"
"2025","2","16","401772949","Los Angeles Rams at Seattle Seahawks","homeTeam","26","46.812","87.441","0","7.13","52.812000000000005","0.376","-1.426"
"2025","2","16","401772949","Los Angeles Rams at Seattle Seahawks","awayTeam","14","52.812000000000005","87.441","0","4.615","46.812","0.376","1.426"
"2025","2","16","401772612","Philadelphia Eagles at Washington Commanders","homeTeam","28","32.403","62.479","0","4.451","67.337","0.26","-6.74"
"2025","2","16","401772612","Philadelphia Eagles at Washington Commanders","awayTeam","21","67.337","62.479","0","-3.509","32.403","0.26","6.74"
"2025","2","16","401772613","Green Bay Packers at Chicago Bears","homeTeam","3","40.637","70.08","0","4.721","59.03699999999999","0.326","-3.348"
"2025","2","16","401772613","Green Bay Packers at Chicago Bears","awayTeam","9","59.03699999999999","70.08","0","0.05","40.637","0.326","3.348"
"2025","2","16","401772802","Buffalo Bills at Cleveland Browns","homeTeam","5","18.990000000000002","50.148","0","3.662","80.857","0.153","-13.188"
"2025","2","16","401772802","Buffalo Bills at Cleveland Browns","awayTeam","2","80.857","50.148","0","-11.277","18.990000000000002","0.153","13.188"
"2025","2","16","401772910","Los Angeles Chargers at Dallas Cowboys","homeTeam","6","48.605","61.978","0","1.588","51.005","0.38999999999999996","-0.464"
"2025","2","16","401772910","Los Angeles Chargers at Dallas Cowboys","awayTeam","24","51.005","61.978","0","-0.074","48.605","0.38999999999999996","0.464"
"2025","2","16","401772803","Kansas City Chiefs at Tennessee Titans","homeTeam","10","31.673000000000002","47.435","0","-0.306","68.073","0.254","-6.993"
"2025","2","16","401772803","Kansas City Chiefs at Tennessee Titans","awayTeam","12","68.073","47.435","0","-8.628","31.673000000000002","0.254","6.993"
"2025","2","16","401772934","Cincinnati Bengals at Miami Dolphins","homeTeam","15","28.95","43.325","0","0.279","70.817","0.233","-7.846"
"2025","2","16","401772934","Cincinnati Bengals at Miami Dolphins","awayTeam","4","70.817","43.325","0","-8.963","28.95","0.233","7.846"
"2025","2","16","401772801","New York Jets at New Orleans Saints","homeTeam","18","77.51","10.626","0","-14.011","22.31","0.179","11.268"
"2025","2","16","401772801","New York Jets at New Orleans Saints","awayTeam","20","22.31","10.626","0","-4.726","77.51","0.179","-11.268"
"2025","2","16","401772911","Minnesota Vikings at New York Giants","homeTeam","19","54.552","33.423","0","-2.032","45.086","0.362","2.108"
"2025","2","16","401772911","Minnesota Vikings at New York Giants","awayTeam","16","45.086","33.423","0","-1.424","54.552","0.362","-2.108"
"2025","2","16","401772912","Tampa Bay Buccaneers at Carolina Panthers","homeTeam","29","43.558","36.856","0","-0.848","56.092","0.35000000000000003","-2.264"
"2025","2","16","401772912","Tampa Bay Buccaneers at Carolina Panthers","awayTeam","27","56.092","36.856","0","-4.301","43.558","0.35000000000000003","2.264"
"2025","2","16","401772913","Jacksonville Jaguars at Denver Broncos","homeTeam","7","57.230000000000004","69.588","0","1.711","42.43","0.34099999999999997","2.88"
"2025","2","16","401772913","Jacksonville Jaguars at Denver Broncos","awayTeam","30","42.43","69.588","0","2.986","57.230000000000004","0.34099999999999997","-2.88"
"2025","2","16","401772914","Atlanta Falcons at Arizona Cardinals","homeTeam","22","52.611","40.531","0","-4.004","47.010999999999996","0.378","1.046"
"2025","2","16","401772914","Atlanta Falcons at Arizona Cardinals","awayTeam","1","47.010999999999996","40.531","0","-4.273","52.611","0.378","-1.046"
"2025","2","16","401772806","Pittsburgh Steelers at Detroit Lions","homeTeam","8","66.801","67.047","0","-0.433","32.934000000000005","0.265","6.653"
"2025","2","16","401772806","Pittsburgh Steelers at Detroit Lions","awayTeam","23","32.934000000000005","67.047","0","4.969","66.801","0.265","-6.653"
"2025","2","16","401772805","Las Vegas Raiders at Houston Texans","homeTeam","34","80.78999999999999","44.237","0","-8.201","19.057","0.153","13.056"
"2025","2","16","401772805","Las Vegas Raiders at Houston Texans","awayTeam","13","19.057","44.237","0","3.845","80.78999999999999","0.153","-13.056"
"2025","2","16","401772804","New England Patriots at Baltimore Ravens","homeTeam","33","59.84","68.75","0","0.866","39.839999999999996","0.32","3.913"
"2025","2","16","401772804","New England Patriots at Baltimore Ravens","awayTeam","17","39.839999999999996","68.75","0","3.287","59.84","0.32","-3.913"
"2025","2","16","401772824","San Francisco 49ers at Indianapolis Colts","homeTeam","11","37.782","77.893","0","3.339","61.915","0.303","-4.511"
"2025","2","16","401772824","San Francisco 49ers at Indianapolis Colts","awayTeam","25","61.915","77.893","0","-2.227","37.782","0.303","4.511"
"2025","2","17","401772710","Dallas Cowboys at Washington Commanders","homeTeam","28","42.629","46.168","0","-0.564","57.028999999999996","0.34199999999999997","-2.701"
"2025","2","17","401772710","Dallas Cowboys at Washington Commanders","awayTeam","6","57.028999999999996","46.168","0","-4.331","42.629","0.34199999999999997","2.701"
"2025","2","17","401772711","Detroit Lions at Minnesota Vikings","homeTeam","16","25.033","62.354","0","4.503","74.766","0.201","-10.023"
"2025","2","17","401772711","Detroit Lions at Minnesota Vikings","awayTeam","8","74.766","62.354","0","-7.176","25.033","0.201","10.023"
"2025","2","17","401772622","Denver Broncos at Kansas City Chiefs","homeTeam","12","43.625","77.995","0","2.491","56.025000000000006","0.35000000000000003","-2.417"
"2025","2","17","401772622","Denver Broncos at Kansas City Chiefs","awayTeam","7","56.025000000000006","77.995","0","-1.368","43.625","0.35000000000000003","2.417"
"2025","2","17","401772951","Houston Texans at Los Angeles Chargers","homeTeam","24","52.410000000000004","73.431","0","3.307","47.21","0.379","0.811"
"2025","2","17","401772951","Houston Texans at Los Angeles Chargers","awayTeam","34","47.21","73.431","0","2.205","52.410000000000004","0.379","-0.811"
"2025","2","17","401772953","Baltimore Ravens at Green Bay Packers","homeTeam","9","58.033","79.38","0","-2.774","41.632999999999996","0.334","2.743"
"2025","2","17","401772953","Baltimore Ravens at Green Bay Packers","awayTeam","33","41.632999999999996","79.38","0","-1.529","58.033","0.334","-2.743"
"2025","2","17","401772954","Arizona Cardinals at Cincinnati Bengals","homeTeam","4","65.79700000000001","54.841","0","-4.139","33.93","0.27299999999999996","6.019"
"2025","2","17","401772954","Arizona Cardinals at Cincinnati Bengals","awayTeam","22","33.93","54.841","0","1.094","65.79700000000001","0.27299999999999996","-6.019"
"2025","2","17","401772807","Pittsburgh Steelers at Cleveland Browns","homeTeam","5","28.419","39.751","0","0.142","71.353","0.22799999999999998","-8.944"
"2025","2","17","401772807","Pittsburgh Steelers at Cleveland Browns","awayTeam","23","71.353","39.751","0","-10.545","28.419","0.22799999999999998","8.944"
"2025","2","17","401772809","New Orleans Saints at Tennessee Titans","homeTeam","10","44.422","11.532","0","-4.367","55.222","0.357","-2.365"
"2025","2","17","401772809","New Orleans Saints at Tennessee Titans","awayTeam","18","55.222","11.532","0","-7.74","44.422","0.357","2.365"
"2025","2","17","401772915","Jacksonville Jaguars at Indianapolis Colts","homeTeam","11","41.699000000000005","72.2","0","2.13","57.965999999999994","0.335","-3.318"
"2025","2","17","401772915","Jacksonville Jaguars at Indianapolis Colts","awayTeam","30","57.965999999999994","72.2","0","-2.37","41.699000000000005","0.335","3.318"
"2025","2","17","401772916","Tampa Bay Buccaneers at Miami Dolphins","homeTeam","15","30.81","36.713","0","-1.258","68.943","0.247","-7.408"
"2025","2","17","401772916","Tampa Bay Buccaneers at Miami Dolphins","awayTeam","27","68.943","36.713","0","-9.628","30.81","0.247","7.408"
"2025","2","17","401772808","New England Patriots at New York Jets","homeTeam","20","17.53","34.244","0","1.263","82.33","0.14100000000000001","-14.443"
"2025","2","17","401772808","New England Patriots at New York Jets","awayTeam","17","82.33","34.244","0","-14.363","17.53","0.14100000000000001","14.443"
"2025","2","17","401772952","Seattle Seahawks at Carolina Panthers","homeTeam","29","30.278","53.888","0","4.971","69.478","0.243","-7.192"
"2025","2","17","401772952","Seattle Seahawks at Carolina Panthers","awayTeam","26","69.478","53.888","0","-4.027","30.278","0.243","7.192"
"2025","2","17","401772950","New York Giants at Las Vegas Raiders","homeTeam","13","44.687","19.834","0","-3.224","54.954","0.359","-1.803"
"2025","2","17","401772950","New York Giants at Las Vegas Raiders","awayTeam","19","54.954","19.834","0","-6.487","44.687","0.359","1.803"
"2025","2","17","401772917","Philadelphia Eagles at Buffalo Bills","homeTeam","2","48.937000000000005","81.644","0","4.453","50.67","0.393","0.03"
"2025","2","17","401772917","Philadelphia Eagles at Buffalo Bills","awayTeam","21","50.67","81.644","0","2.99","48.937000000000005","0.393","-0.03"
"2025","2","17","401772935","Chicago Bears at San Francisco 49ers","homeTeam","25","61.112","68.635","0","0.431","38.578","0.31","4.372"
"2025","2","17","401772935","Chicago Bears at San Francisco 49ers","awayTeam","3","38.578","68.635","0","3.627","61.112","0.31","-4.372"
"2025","2","17","401772825","Los Angeles Rams at Atlanta Falcons","homeTeam","1","25.962000000000003","63.119","0","7.03","73.829","0.209","-9.177"
"2025","2","17","401772825","Los Angeles Rams at Atlanta Falcons","awayTeam","14","73.829","63.119","0","-3.738","25.962000000000003","0.209","9.177"
"2025","2","18","401772969","Carolina Panthers at Tampa Bay Buccaneers","homeTeam","27","62.45","35.045","0","-4.576","37.25","0.299","4.618"
"2025","2","18","401772969","Carolina Panthers at Tampa Bay Buccaneers","awayTeam","29","37.25","35.045","0","-1.521","62.45","0.299","-4.618"
"2025","2","18","401772961","Seattle Seahawks at San Francisco 49ers","homeTeam","25","48.937000000000005","82.065","0","5.284","50.67","0.393","0.135"
"2025","2","18","401772961","Seattle Seahawks at San Francisco 49ers","awayTeam","26","50.67","82.065","0","3.805","48.937000000000005","0.393","-0.135"
"2025","2","18","401772966","New Orleans Saints at Atlanta Falcons","homeTeam","1","53.080000000000005","26.238","0","-3.433","46.546","0.374","1.582"
"2025","2","18","401772966","New Orleans Saints at Atlanta Falcons","awayTeam","18","46.546","26.238","0","-2.977","53.080000000000005","0.374","-1.582"
"2025","2","18","401772964","Cleveland Browns at Cincinnati Bengals","homeTeam","4","79.987","47.753","0","-9.962","19.854","0.159","12.384"
"2025","2","18","401772964","Cleveland Browns at Cincinnati Bengals","awayTeam","5","19.854","47.753","0","1.652","79.987","0.159","-12.384"
"2025","2","18","401772968","Green Bay Packers at Minnesota Vikings","homeTeam","16","38.711","63.208","0","-1.736","60.978","0.311","-4.175"
"2025","2","18","401772968","Green Bay Packers at Minnesota Vikings","awayTeam","9","60.978","63.208","0","-7.269","38.711","0.311","4.175"
"2025","2","18","401772963","Dallas Cowboys at New York Giants","homeTeam","19","50.871","39.886","0","-0.792","48.738","0.391","0.502"
"2025","2","18","401772963","Dallas Cowboys at New York Giants","awayTeam","6","48.738","39.886","0","-1.372","50.871","0.391","-0.502"
"2025","2","18","401772970","Tennessee Titans at Jacksonville Jaguars","homeTeam","30","76.908","37.241","0","-8.008","22.908","0.184","11.169"
"2025","2","18","401772970","Tennessee Titans at Jacksonville Jaguars","awayTeam","10","22.908","37.241","0","2.122","76.908","0.184","-11.169"
"2025","2","18","401772962","Indianapolis Colts at Houston Texans","homeTeam","34","68.809","75.771","0","-2.589","30.941999999999997","0.249","7.242"
"2025","2","18","401772962","Indianapolis Colts at Houston Texans","awayTeam","11","30.941999999999997","75.771","0","3.234","68.809","0.249","-7.242"
"2025","2","18","401772967","New York Jets at Buffalo Bills","homeTeam","2","90.763","40.658","0","-14.825","9.163","0.074","19.71"
"2025","2","18","401772967","New York Jets at Buffalo Bills","awayTeam","20","9.163","40.658","0","3.158","90.763","0.074","-19.71"
"2025","2","18","401772965","Detroit Lions at Chicago Bears","homeTeam","3","44.156","68.686","0","3.832","55.489","0.35500000000000004","-1.889"
"2025","2","18","401772965","Detroit Lions at Chicago Bears","awayTeam","8","55.489","68.686","0","0.56","44.156","0.35500000000000004","1.889"
"2025","2","18","401772956","Los Angeles Chargers at Denver Broncos","homeTeam","7","70.014","73.031","0","-3.759","29.747","0.23900000000000002","7.653"
"2025","2","18","401772956","Los Angeles Chargers at Denver Broncos","awayTeam","24","29.747","73.031","0","2.84","70.014","0.23900000000000002","-7.653"
"2025","2","18","401772957","Kansas City Chiefs at Las Vegas Raiders","homeTeam","13","37.913999999999994","47.185","0","-1.491","61.781","0.305","-4.369"
"2025","2","18","401772957","Kansas City Chiefs at Las Vegas Raiders","awayTeam","12","61.781","47.185","0","-7.154","37.913999999999994","0.305","4.369"
"2025","2","18","401772955","Arizona Cardinals at Los Angeles Rams","homeTeam","14","78.314","68.193","0","-4.737","21.514","0.173","11.974"
"2025","2","18","401772955","Arizona Cardinals at Los Angeles Rams","awayTeam","22","21.514","68.193","0","6.426","78.314","0.173","-11.974"
"2025","2","18","401772958","Miami Dolphins at New England Patriots","homeTeam","17","80.054","48.387","0","-9.311","19.787","0.159","12.547"
"2025","2","18","401772958","Miami Dolphins at New England Patriots","awayTeam","15","19.787","48.387","0","1.907","80.054","0.159","-12.547"
"2025","2","18","401772959","Washington Commanders at Philadelphia Eagles","homeTeam","21","72.624","62.428","0","-3.668","27.157999999999998","0.218","9.327"
"2025","2","18","401772959","Washington Commanders at Philadelphia Eagles","awayTeam","28","27.157999999999998","62.428","0","4.293","72.624","0.218","-9.327"
"2025","2","18","401772960","Baltimore Ravens at Pittsburgh Steelers","homeTeam","23","40.969","65.938","0","3.718","58.702","0.329","-2.871"
"2025","2","18","401772960","Baltimore Ravens at Pittsburgh Steelers","awayTeam","33","58.702","65.938","0","-0.452","40.969","0.329","2.871"
"2025","3","1","401772979","Los Angeles Rams at Carolina Panthers","homeTeam","29","26.467000000000002","57.274","0","6.466","73.533","0","-9.429"
"2025","3","1","401772979","Los Angeles Rams at Carolina Panthers","awayTeam","14","73.533","57.274","0","-4.45","26.467000000000002","0","9.429"
"2025","3","1","401772981","Green Bay Packers at Chicago Bears","homeTeam","3","45.667","68.406","0","3.699","54.333","0","-1.716"
"2025","3","1","401772981","Green Bay Packers at Chicago Bears","awayTeam","9","54.333","68.406","0","0.654","45.667","0","1.716"
"2025","3","1","401772977","Buffalo Bills at Jacksonville Jaguars","homeTeam","30","50.2","75.325","0","3.223","49.8","0","0.366"
"2025","3","1","401772977","Buffalo Bills at Jacksonville Jaguars","awayTeam","2","49.8","75.325","0","2.67","50.2","0","-0.366"
"2025","3","1","401772980","San Francisco 49ers at Philadelphia Eagles","homeTeam","21","56.867000000000004","77.701","0","2.986","43.132999999999996","0","2.367"
"2025","3","1","401772980","San Francisco 49ers at Philadelphia Eagles","awayTeam","25","43.132999999999996","77.701","0","3.841","56.867000000000004","0","-2.367"
"2025","3","1","401772978","Los Angeles Chargers at New England Patriots","homeTeam","17","54.733","71.89","0","2.055","45.267","0","1.427"
"2025","3","1","401772978","Los Angeles Chargers at New England Patriots","awayTeam","24","45.267","71.89","0","2.417","54.733","0","-1.427"
"2025","3","1","401772976","Houston Texans at Pittsburgh Steelers","homeTeam","23","44.6","63.471","0","3.127","55.400000000000006","0","-1.707"
"2025","3","1","401772976","Houston Texans at Pittsburgh Steelers","awayTeam","34","55.400000000000006","63.471","0","-0.19","44.6","0","1.707"
"2025","3","2","401772982","Buffalo Bills at Denver Broncos","homeTeam","7","51.334","76.016","0","3.297","48.666","0","0.504"
"2025","3","2","401772982","Buffalo Bills at Denver Broncos","awayTeam","2","48.666","76.016","0","2.561","51.334","0","-0.504"
"2025","3","2","401772984","San Francisco 49ers at Seattle Seahawks","homeTeam","26","59.499","82.741","0","3.339","40.501","0","3.615"
"2025","3","2","401772984","San Francisco 49ers at Seattle Seahawks","awayTeam","25","40.501","82.741","0","5.833","59.499","0","-3.615"
"2025","3","2","401772983","Houston Texans at New England Patriots","homeTeam","17","50.867","76.183","0","3.739","49.132999999999996","0","0.584"
"2025","3","2","401772983","Houston Texans at New England Patriots","awayTeam","34","49.132999999999996","76.183","0","2.727","50.867","0","-0.584"
"2025","3","2","401772985","Los Angeles Rams at Chicago Bears","homeTeam","3","38.733000000000004","74.622","0","6.206","61.267","0","-4.399"
"2025","3","2","401772985","Los Angeles Rams at Chicago Bears","awayTeam","14","61.267","74.622","0","0.498","38.733000000000004","0","4.399"
"2025","3","3","401772986","New England Patriots at Denver Broncos","homeTeam","7","41.199999999999996","73.7","0","2.887","58.8","0","-3.435"
"2025","3","3","401772986","New England Patriots at Denver Broncos","awayTeam","17","58.8","73.7","0","-2.101","41.199999999999996","0","3.435"
"2025","3","3","401772987","Los Angeles Rams at Seattle Seahawks","homeTeam","26","54.54900000000001","91.816","0","6.174","45.451","0","1.528"
"2025","3","3","401772987","Los Angeles Rams at Seattle Seahawks","awayTeam","14","45.451","91.816","0","6.917","54.54900000000001","0","-1.528"
"2025","3","5","401772988","Seattle Seahawks at New England Patriots","homeTeam","17","40.572","83.451","0","7.021","59.428000000000004","0","-3.643"
"2025","3","5","401772988","Seattle Seahawks at New England Patriots","awayTeam","26","59.428000000000004","83.451","0","2.644","40.572","0","3.643"
