game_date,game_id,player_name,espn_player_id,prop_engine_player_id,projection_match_status,projection_match_method,actual_prop_anytime_touchdown_scorer,actual_prop_first_touchdown_scorer,actual_prop_last_touchdown_scorer,actual_prop_first_team_touchdown_scorer,actual_prop_player_2plus_touchdowns,actual_prop_player_3plus_touchdowns,prop_engine_season,prop_engine_week,prop_engine_team,prop_engine_opponent,prop_engine_position,prop_engine_injury_game_status,prop_engine_role_status,prop_engine_generated_at
2026-09-10,401872656,A.J. Brown,4047646,00-0035676,matched,game_id+gsis_player_id,AVAILABLE,AVAILABLE,AVAILABLE,AVAILABLE,AVAILABLE,AVAILABLE,2026,1,NE,SEA,WR,Active,starter,2026-09-09T10:45:02+00:00
2026-09-10,401872656,AJ Barner,4576297,00-0039793,matched,game_id+gsis_player_id,AVAILABLE,AVAILABLE,AVAILABLE,AVAILABLE,AVAILABLE,AVAILABLE,2026,1,SEA,NE,TE,Active,starter,2026-09-09T10:45:02+00:00
2026-09-10,401872656,Brady Russell,4243176,00-0038488,matched,game_id+gsis_player_id,AVAILABLE,AVAILABLE,AVAILABLE,AVAILABLE,AVAILABLE,,2026,1,SEA,NE,RB,,starter,2026-09-09T10:45:02+00:00
2026-09-10,401872656,Cameron Latu,4372026,00-0038564,matched,game_id+gsis_player_id,AVAILABLE,AVAILABLE,AVAILABLE,AVAILABLE,AVAILABLE,,2026,1,NE,SEA,TE,Active,backup,2026-09-09T10:45:02+00:00
2026-09-10,401872656,Cooper Kupp,2977187,00-0033908,matched,game_id+gsis_player_id,AVAILABLE,AVAILABLE,AVAILABLE,AVAILABLE,AVAILABLE,AVAILABLE,2026,1,SEA,NE,WR,,backup,2026-09-09T10:45:02+00:00
2026-09-10,401872656,Corey Kiner,4431431,00-0040556,matched,game_id+gsis_player_id,AVAILABLE,AVAILABLE,AVAILABLE,AVAILABLE,AVAILABLE,AVAILABLE,2026,1,NE,SEA,RB,Active,backup,2026-09-09T10:45:02+00:00
2026-09-10,401872656,DeMario Douglas,4427095,00-0038621,matched,game_id+gsis_player_id,AVAILABLE,AVAILABLE,AVAILABLE,AVAILABLE,AVAILABLE,AVAILABLE,2026,1,NE,SEA,WR,,backup,2026-09-09T10:45:02+00:00
2026-09-10,401872656,Drake Maye,4431452,00-0039851,matched,game_id+gsis_player_id,AVAILABLE,AVAILABLE,AVAILABLE,AVAILABLE,AVAILABLE,AVAILABLE,2026,1,NE,SEA,QB,Active,starter,2026-09-09T10:45:02+00:00
2026-09-10,401872656,Efton Chism III,4695193,00-0040563,matched,game_id+gsis_player_id,AVAILABLE,AVAILABLE,AVAILABLE,AVAILABLE,AVAILABLE,,2026,1,NE,SEA,WR,,backup,2026-09-09T10:45:02+00:00
2026-09-10,401872656,Eli Raridon,4831959,00-0041395,matched,game_id+gsis_player_id,AVAILABLE,AVAILABLE,AVAILABLE,AVAILABLE,AVAILABLE,AVAILABLE,2026,1,NE,SEA,TE,,backup,2026-09-09T10:45:02+00:00
2026-09-10,401872656,Elijah Arroyo,4678006,00-0040739,matched,game_id+gsis_player_id,AVAILABLE,AVAILABLE,AVAILABLE,AVAILABLE,AVAILABLE,AVAILABLE,2026,1,SEA,NE,TE,Active,backup,2026-09-09T10:45:02+00:00
2026-09-10,401872656,Emanuel Wilson,4887558,00-0038797,matched,game_id+gsis_player_id,AVAILABLE,AVAILABLE,AVAILABLE,AVAILABLE,AVAILABLE,AVAILABLE,2026,1,SEA,NE,RB,Questionable,backup,2026-09-09T10:45:02+00:00
2026-09-10,401872656,Eric Saubert,2975863,00-0033576,matched,game_id+gsis_player_id,AVAILABLE,AVAILABLE,AVAILABLE,AVAILABLE,AVAILABLE,,2026,1,SEA,NE,TE,,backup,2026-09-09T10:45:02+00:00
2026-09-10,401872656,George Holani,4429835,00-0039299,matched,game_id+gsis_player_id,AVAILABLE,AVAILABLE,AVAILABLE,AVAILABLE,AVAILABLE,AVAILABLE,2026,1,SEA,NE,RB,Active,backup,2026-09-09T10:45:02+00:00
2026-09-10,401872656,Hunter Henry,3046439,00-0033090,matched,game_id+gsis_player_id,AVAILABLE,AVAILABLE,AVAILABLE,AVAILABLE,AVAILABLE,AVAILABLE,2026,1,NE,SEA,TE,Active,starter,2026-09-09T10:45:02+00:00
2026-09-10,401872656,Jadarian Price,4685512,00-0041512,matched,game_id+gsis_player_id,AVAILABLE,AVAILABLE,AVAILABLE,AVAILABLE,AVAILABLE,AVAILABLE,2026,1,SEA,NE,RB,Active,starter,2026-09-09T10:45:02+00:00
2026-09-10,401872656,Jaxon Smith-Njigba,4430878,00-0038543,matched,game_id+gsis_player_id,AVAILABLE,AVAILABLE,AVAILABLE,AVAILABLE,AVAILABLE,AVAILABLE,2026,1,SEA,NE,WR,Active,starter,2026-09-09T10:45:02+00:00
2026-09-10,401872656,Kyle Williams,4613202,00-0040131,matched,game_id+gsis_player_id,AVAILABLE,AVAILABLE,AVAILABLE,AVAILABLE,AVAILABLE,,2026,1,NE,SEA,WR,Active,backup,2026-09-09T10:45:02+00:00
2026-09-10,401872656,Mack Hollins,2991662,00-0033555,matched,game_id+gsis_player_id,AVAILABLE,AVAILABLE,AVAILABLE,AVAILABLE,AVAILABLE,AVAILABLE,2026,1,NE,SEA,WR,Active,backup,2026-09-09T10:45:02+00:00
2026-09-10,401872656,Montorie Foster Jr.,4600597,00-0040621,matched,game_id+gsis_player_id,AVAILABLE,AVAILABLE,AVAILABLE,AVAILABLE,AVAILABLE,,2026,1,SEA,NE,WR,Active,backup,2026-09-09T10:45:02+00:00
2026-09-10,401872656,Nick Kallerup,4569547,00-0040058,matched,game_id+gsis_player_id,AVAILABLE,AVAILABLE,AVAILABLE,AVAILABLE,AVAILABLE,,2026,1,SEA,NE,TE,,backup,2026-09-09T10:45:02+00:00
2026-09-10,401872656,Rashid Shaheed,4032473,00-0037545,matched,game_id+gsis_player_id,AVAILABLE,AVAILABLE,AVAILABLE,AVAILABLE,AVAILABLE,AVAILABLE,2026,1,SEA,NE,WR,Active,backup,2026-09-09T10:45:02+00:00
2026-09-10,401872656,Reggie Gilliam,4039505,00-0036187,matched,game_id+gsis_player_id,AVAILABLE,AVAILABLE,AVAILABLE,AVAILABLE,AVAILABLE,,2026,1,NE,SEA,RB,,starter,2026-09-09T10:45:02+00:00
2026-09-10,401872656,Rhamondre Stevenson,4569173,00-0036875,matched,game_id+gsis_player_id,AVAILABLE,AVAILABLE,AVAILABLE,AVAILABLE,AVAILABLE,AVAILABLE,2026,1,NE,SEA,RB,Active,starter,2026-09-09T10:45:02+00:00
2026-09-10,401872656,Romeo Doubs,4361432,00-0037816,matched,game_id+gsis_player_id,AVAILABLE,AVAILABLE,AVAILABLE,AVAILABLE,AVAILABLE,AVAILABLE,2026,1,NE,SEA,WR,Active,backup,2026-09-09T10:45:02+00:00
2026-09-10,401872656,Sam Darnold,3912547,00-0034869,matched,game_id+gsis_player_id,AVAILABLE,AVAILABLE,AVAILABLE,AVAILABLE,AVAILABLE,,2026,1,SEA,NE,QB,Active,starter,2026-09-09T10:45:02+00:00
2026-09-10,401872656,Tanner Arkin,4683308,00-0041314,matched,game_id+gsis_player_id,AVAILABLE,AVAILABLE,AVAILABLE,AVAILABLE,AVAILABLE,,2026,1,NE,SEA,TE,,backup,2026-09-09T10:45:02+00:00
2026-09-10,401872656,Tory Horton,4597703,00-0040648,matched,game_id+gsis_player_id,AVAILABLE,AVAILABLE,AVAILABLE,AVAILABLE,AVAILABLE,AVAILABLE,2026,1,SEA,NE,WR,Questionable,backup,2026-09-09T10:45:02+00:00
2026-09-11,401872657,Blake Corum,4429096,00-0039738,matched,game_id+gsis_player_id,AVAILABLE,AVAILABLE,AVAILABLE,AVAILABLE,AVAILABLE,AVAILABLE,2026,1,LAR,SF,RB,Active,backup,2026-09-09T10:45:02+00:00
2026-09-11,401872657,Brock Purdy,4361741,00-0037834,matched,game_id+gsis_player_id,AVAILABLE,AVAILABLE,AVAILABLE,AVAILABLE,AVAILABLE,AVAILABLE,2026,1,SF,LAR,QB,Active,starter,2026-09-09T10:45:02+00:00
2026-09-11,401872657,CJ Daniels,4605951,00-0041399,matched,game_id+gsis_player_id,AVAILABLE,AVAILABLE,AVAILABLE,AVAILABLE,AVAILABLE,AVAILABLE,2026,1,LAR,SF,WR,Active,backup,2026-09-09T10:45:02+00:00
2026-09-11,401872657,Christian McCaffrey,3117251,00-0033280,matched,game_id+gsis_player_id,AVAILABLE,AVAILABLE,AVAILABLE,AVAILABLE,AVAILABLE,AVAILABLE,2026,1,SF,LAR,RB,Questionable,starter,2026-09-09T10:45:02+00:00
2026-09-11,401872657,Colby Parkinson,4242557,00-0036244,matched,game_id+gsis_player_id,AVAILABLE,AVAILABLE,AVAILABLE,AVAILABLE,AVAILABLE,AVAILABLE,2026,1,LAR,SF,TE,Active,starter,2026-09-09T10:45:02+00:00
2026-09-11,401872657,Davante Adams,16800,00-0031381,matched,game_id+gsis_player_id,AVAILABLE,AVAILABLE,AVAILABLE,AVAILABLE,AVAILABLE,AVAILABLE,2026,1,LAR,SF,WR,Active,backup,2026-09-09T10:45:02+00:00
2026-09-11,401872657,Davis Allen,4426553,00-0039074,matched,game_id+gsis_player_id,AVAILABLE,AVAILABLE,AVAILABLE,AVAILABLE,AVAILABLE,,2026,1,LAR,SF,TE,Questionable,backup,2026-09-09T10:45:02+00:00
2026-09-11,401872657,De'Zhaun Stribling,4710714,00-0041035,matched,game_id+gsis_player_id,AVAILABLE,AVAILABLE,AVAILABLE,AVAILABLE,AVAILABLE,AVAILABLE,2026,1,SF,LAR,WR,Questionable,backup,2026-09-09T10:45:02+00:00
2026-09-11,401872657,Deebo Samuel Sr.,3126486,00-0035719,matched,game_id+gsis_player_id,AVAILABLE,AVAILABLE,AVAILABLE,AVAILABLE,AVAILABLE,AVAILABLE,2026,1,SF,LAR,WR,Active,backup,2026-09-09T10:45:02+00:00
2026-09-11,401872657,Demarcus Robinson,3043116,00-0032775,matched,game_id+gsis_player_id,AVAILABLE,AVAILABLE,AVAILABLE,AVAILABLE,AVAILABLE,AVAILABLE,2026,1,SF,LAR,WR,,backup,2026-09-09T10:45:02+00:00
2026-09-11,401872657,George Kittle,3040151,00-0033288,matched,game_id+gsis_player_id,AVAILABLE,AVAILABLE,AVAILABLE,AVAILABLE,AVAILABLE,AVAILABLE,2026,1,SF,LAR,TE,Questionable,starter,2026-09-09T10:45:02+00:00
2026-09-11,401872657,Jake Tonges,4259147,00-0037112,matched,game_id+gsis_player_id,AVAILABLE,AVAILABLE,AVAILABLE,AVAILABLE,AVAILABLE,AVAILABLE,2026,1,SF,LAR,TE,,backup,2026-09-09T10:45:02+00:00
2026-09-11,401872657,Jordan James,4685397,00-0040177,matched,game_id+gsis_player_id,AVAILABLE,AVAILABLE,AVAILABLE,AVAILABLE,AVAILABLE,,2026,1,SF,LAR,RB,Active,backup,2026-09-09T10:45:02+00:00
2026-09-11,401872657,Jordan Whittington,4569382,00-0039751,matched,game_id+gsis_player_id,AVAILABLE,AVAILABLE,AVAILABLE,AVAILABLE,AVAILABLE,AVAILABLE,2026,1,LAR,SF,WR,Active,backup,2026-09-09T10:45:02+00:00
2026-09-11,401872657,Kaelon Black,4696044,00-0041052,matched,game_id+gsis_player_id,AVAILABLE,AVAILABLE,AVAILABLE,AVAILABLE,AVAILABLE,AVAILABLE,2026,1,SF,LAR,RB,Active,backup,2026-09-09T10:45:02+00:00
2026-09-11,401872657,Konata Mumpfield,4710855,00-0040590,matched,game_id+gsis_player_id,AVAILABLE,AVAILABLE,AVAILABLE,AVAILABLE,AVAILABLE,,2026,1,LAR,SF,WR,,backup,2026-09-09T10:45:02+00:00
2026-09-11,401872657,Kyle Juszczyk,16002,00-0029892,matched,game_id+gsis_player_id,AVAILABLE,AVAILABLE,AVAILABLE,AVAILABLE,AVAILABLE,AVAILABLE,2026,1,SF,LAR,RB,Questionable,starter,2026-09-09T10:45:02+00:00
2026-09-11,401872657,Kyren Williams,4430737,00-0037840,matched,game_id+gsis_player_id,AVAILABLE,AVAILABLE,AVAILABLE,AVAILABLE,AVAILABLE,AVAILABLE,2026,1,LAR,SF,RB,Active,starter,2026-09-09T10:45:02+00:00
2026-09-11,401872657,Matthew Stafford,12483,00-0026498,matched,game_id+gsis_player_id,AVAILABLE,AVAILABLE,AVAILABLE,AVAILABLE,AVAILABLE,,2026,1,LAR,SF,QB,Active,starter,2026-09-09T10:45:02+00:00
2026-09-11,401872657,Max Klare,4833029,00-0041510,matched,game_id+gsis_player_id,AVAILABLE,AVAILABLE,AVAILABLE,AVAILABLE,AVAILABLE,AVAILABLE,2026,1,LAR,SF,TE,Active,backup,2026-09-09T10:45:02+00:00
2026-09-11,401872657,Mike Evans,16737,00-0031408,matched,game_id+gsis_player_id,AVAILABLE,AVAILABLE,AVAILABLE,AVAILABLE,AVAILABLE,AVAILABLE,2026,1,SF,LAR,WR,Questionable,starter,2026-09-09T10:45:02+00:00
2026-09-11,401872657,Puka Nacua,4426515,00-0039075,matched,game_id+gsis_player_id,AVAILABLE,AVAILABLE,AVAILABLE,AVAILABLE,AVAILABLE,AVAILABLE,2026,1,LAR,SF,WR,Questionable,starter,2026-09-09T10:45:02+00:00
2026-09-11,401872657,Ronnie Rivers,4243003,00-0037557,matched,game_id+gsis_player_id,AVAILABLE,AVAILABLE,AVAILABLE,AVAILABLE,AVAILABLE,,2026,1,LAR,SF,RB,,backup,2026-09-09T10:45:02+00:00
2026-09-11,401872657,Terrance Ferguson,4570037,00-0040737,matched,game_id+gsis_player_id,AVAILABLE,AVAILABLE,AVAILABLE,AVAILABLE,AVAILABLE,AVAILABLE,2026,1,LAR,SF,TE,Questionable,backup,2026-09-09T10:45:02+00:00
2026-09-11,401872657,Tyler Higbee,2573401,00-0033110,matched,game_id+gsis_player_id,AVAILABLE,AVAILABLE,AVAILABLE,AVAILABLE,AVAILABLE,AVAILABLE,2026,1,LAR,SF,TE,,backup,2026-09-09T10:45:02+00:00
2026-09-11,401872657,Xavier Smith,4386544,00-0038359,matched,game_id+gsis_player_id,AVAILABLE,AVAILABLE,AVAILABLE,AVAILABLE,AVAILABLE,,2026,1,LAR,SF,WR,,backup,2026-09-09T10:45:02+00:00
2026-09-13,401872658,Aaron Rodgers,8439,00-0023459,matched,game_id+gsis_player_id,AVAILABLE,AVAILABLE,AVAILABLE,AVAILABLE,AVAILABLE,,2026,1,PIT,ATL,QB,Active,starter,2026-09-09T10:45:02+00:00
2026-09-13,401872658,Austin Hooper,3043275,00-0032392,matched,game_id+gsis_player_id,AVAILABLE,AVAILABLE,AVAILABLE,AVAILABLE,AVAILABLE,,2026,1,ATL,PIT,TE,,backup,2026-09-09T10:45:02+00:00
2026-09-13,401872658,Ben Skowronek,4035656,00-0036862,matched,game_id+gsis_player_id,AVAILABLE,AVAILABLE,AVAILABLE,AVAILABLE,AVAILABLE,,2026,1,PIT,ATL,WR,Questionable,backup,2026-09-09T10:45:02+00:00
2026-09-13,401872658,Bijan Robinson,4430807,00-0038542,matched,game_id+gsis_player_id,AVAILABLE,AVAILABLE,AVAILABLE,AVAILABLE,AVAILABLE,AVAILABLE,2026,1,ATL,PIT,RB,,starter,2026-09-09T10:45:02+00:00
2026-09-13,401872658,Brian Robinson Jr.,4241474,00-0037746,matched,game_id+gsis_player_id,AVAILABLE,AVAILABLE,AVAILABLE,AVAILABLE,AVAILABLE,AVAILABLE,2026,1,ATL,PIT,RB,Active,backup,2026-09-09T10:45:02+00:00
2026-09-13,401872658,Charlie Woerner,4035020,00-0036429,matched,game_id+gsis_player_id,AVAILABLE,AVAILABLE,AVAILABLE,AVAILABLE,AVAILABLE,,2026,1,ATL,PIT,TE,,backup,2026-09-09T10:45:02+00:00
2026-09-13,401872658,Chris Blair,4369886,00-0036463,matched,game_id+gsis_player_id,AVAILABLE,AVAILABLE,AVAILABLE,AVAILABLE,AVAILABLE,,2026,1,ATL,PIT,WR,,backup,2026-09-09T10:45:02+00:00
2026-09-13,401872658,DK Metcalf,4047650,00-0035640,matched,game_id+gsis_player_id,AVAILABLE,AVAILABLE,AVAILABLE,AVAILABLE,AVAILABLE,AVAILABLE,2026,1,PIT,ATL,WR,Questionable,starter,2026-09-09T10:45:02+00:00
2026-09-13,401872658,Darnell Washington,4430802,00-0038558,matched,game_id+gsis_player_id,AVAILABLE,AVAILABLE,AVAILABLE,AVAILABLE,AVAILABLE,AVAILABLE,2026,1,PIT,ATL,TE,Active,backup,2026-09-09T10:45:02+00:00
2026-09-13,401872658,Drake London,4426502,00-0037238,matched,game_id+gsis_player_id,AVAILABLE,AVAILABLE,AVAILABLE,AVAILABLE,AVAILABLE,AVAILABLE,2026,1,ATL,PIT,WR,Active,starter,2026-09-09T10:45:02+00:00
2026-09-13,401872658,Eli Heidenreich,5081508,00-0041490,matched,game_id+gsis_player_id,AVAILABLE,AVAILABLE,AVAILABLE,AVAILABLE,AVAILABLE,,2026,1,PIT,ATL,RB,Active,backup,2026-09-09T10:45:02+00:00
2026-09-13,401872658,Germie Bernard,4685261,00-0041489,matched,game_id+gsis_player_id,AVAILABLE,AVAILABLE,AVAILABLE,AVAILABLE,AVAILABLE,AVAILABLE,2026,1,PIT,ATL,WR,Active,backup,2026-09-09T10:45:02+00:00
2026-09-13,401872658,Jahan Dotson,4361409,00-0037741,matched,game_id+gsis_player_id,AVAILABLE,AVAILABLE,AVAILABLE,AVAILABLE,AVAILABLE,AVAILABLE,2026,1,ATL,PIT,WR,Active,backup,2026-09-09T10:45:02+00:00
2026-09-13,401872658,Jaylen Warren,4569987,00-0037228,matched,game_id+gsis_player_id,AVAILABLE,AVAILABLE,AVAILABLE,AVAILABLE,AVAILABLE,AVAILABLE,2026,1,PIT,ATL,RB,Active,starter,2026-09-09T10:45:02+00:00
2026-09-13,401872658,Kaden Wetjen,5081338,00-0041397,matched,game_id+gsis_player_id,AVAILABLE,AVAILABLE,AVAILABLE,AVAILABLE,AVAILABLE,,2026,1,PIT,ATL,WR,Active,backup,2026-09-09T10:45:02+00:00
2026-09-13,401872658,Kyle Pitts Sr.,4360248,00-0036970,matched,game_id+gsis_player_id,AVAILABLE,AVAILABLE,AVAILABLE,AVAILABLE,AVAILABLE,AVAILABLE,2026,1,ATL,PIT,TE,Active,starter,2026-09-09T10:45:02+00:00
2026-09-13,401872658,Michael Pittman Jr.,4035687,00-0036252,matched,game_id+gsis_player_id,AVAILABLE,AVAILABLE,AVAILABLE,AVAILABLE,AVAILABLE,AVAILABLE,2026,1,PIT,ATL,WR,Questionable,backup,2026-09-09T10:45:02+00:00
2026-09-13,401872658,Olamide Zaccheaus,3917914,00-0035208,matched,game_id+gsis_player_id,AVAILABLE,AVAILABLE,AVAILABLE,AVAILABLE,AVAILABLE,AVAILABLE,2026,1,ATL,PIT,WR,,backup,2026-09-09T10:45:02+00:00
2026-09-13,401872658,Pat Freiermuth,4361411,00-0036894,matched,game_id+gsis_player_id,AVAILABLE,AVAILABLE,AVAILABLE,AVAILABLE,AVAILABLE,AVAILABLE,2026,1,PIT,ATL,TE,Active,starter,2026-09-09T10:45:02+00:00
2026-09-13,401872658,Rico Dowdle,4038815,00-0036139,matched,game_id+gsis_player_id,AVAILABLE,AVAILABLE,AVAILABLE,AVAILABLE,AVAILABLE,AVAILABLE,2026,1,PIT,ATL,RB,Active,backup,2026-09-09T10:45:02+00:00
2026-09-13,401872658,Riley Nowakowski,4693370,00-0041398,matched,game_id+gsis_player_id,AVAILABLE,AVAILABLE,AVAILABLE,AVAILABLE,AVAILABLE,,2026,1,PIT,ATL,TE,Active,starter,2026-09-09T10:45:02+00:00
2026-09-13,401872658,Robert Tonyan,2975674,00-0033757,matched,game_id+gsis_player_id,AVAILABLE,AVAILABLE,AVAILABLE,AVAILABLE,AVAILABLE,,2026,1,PIT,ATL,TE,,backup,2026-09-09T10:45:02+00:00
2026-09-13,401872658,Roman Wilson,4431492,00-0039739,matched,game_id+gsis_player_id,AVAILABLE,AVAILABLE,AVAILABLE,AVAILABLE,AVAILABLE,AVAILABLE,2026,1,PIT,ATL,WR,Active,backup,2026-09-09T10:45:02+00:00
2026-09-13,401872658,Tua Tagovailoa,4241479,00-0036212,matched,game_id+gsis_player_id,AVAILABLE,AVAILABLE,AVAILABLE,AVAILABLE,AVAILABLE,,2026,1,ATL,PIT,QB,Active,starter,2026-09-09T10:45:02+00:00
2026-09-13,401872658,Zachariah Branch,4870612,00-0041044,matched,game_id+gsis_player_id,AVAILABLE,AVAILABLE,AVAILABLE,AVAILABLE,AVAILABLE,,2026,1,ATL,PIT,WR,Active,backup,2026-09-09T10:45:02+00:00
2026-09-13,401872659,Alec Pierce,4360078,00-0037664,matched,game_id+gsis_player_id,AVAILABLE,AVAILABLE,AVAILABLE,AVAILABLE,AVAILABLE,AVAILABLE,2026,1,IND,BAL,WR,Active,starter,2026-09-09T10:45:02+00:00
2026-09-13,401872659,Ashton Dulin,4061956,00-0035021,matched,game_id+gsis_player_id,AVAILABLE,AVAILABLE,AVAILABLE,AVAILABLE,AVAILABLE,,2026,1,IND,BAL,WR,Active,backup,2026-09-09T10:45:02+00:00
2026-09-13,401872659,DJ Giddens,4874509,00-0040179,matched,game_id+gsis_player_id,AVAILABLE,AVAILABLE,AVAILABLE,AVAILABLE,AVAILABLE,,2026,1,IND,BAL,RB,Active,backup,2026-09-09T10:45:02+00:00
2026-09-13,401872659,Daniel Jones,3917792,00-0035710,matched,game_id+gsis_player_id,AVAILABLE,AVAILABLE,AVAILABLE,AVAILABLE,AVAILABLE,AVAILABLE,2026,1,IND,BAL,QB,Active,starter,2026-09-09T10:45:02+00:00
2026-09-13,401872659,Deion Burks,4683151,00-0041132,matched,game_id+gsis_player_id,AVAILABLE,AVAILABLE,AVAILABLE,AVAILABLE,AVAILABLE,AVAILABLE,2026,1,IND,BAL,WR,,backup,2026-09-09T10:45:02+00:00
2026-09-13,401872659,Derrick Henry,3043078,00-0032764,matched,game_id+gsis_player_id,AVAILABLE,AVAILABLE,AVAILABLE,AVAILABLE,AVAILABLE,AVAILABLE,2026,1,BAL,IND,RB,Active,starter,2026-09-09T10:45:02+00:00
2026-09-13,401872659,Devontez Walker,4696882,00-0039792,matched,game_id+gsis_player_id,AVAILABLE,AVAILABLE,AVAILABLE,AVAILABLE,AVAILABLE,AVAILABLE,2026,1,BAL,IND,WR,Active,backup,2026-09-09T10:45:02+00:00
2026-09-13,401872659,Drew Ogletree,4722908,00-0037292,matched,game_id+gsis_player_id,AVAILABLE,AVAILABLE,AVAILABLE,AVAILABLE,AVAILABLE,,2026,1,IND,BAL,TE,,backup,2026-09-09T10:45:02+00:00
2026-09-13,401872659,Durham Smythe,3052897,00-0034798,matched,game_id+gsis_player_id,AVAILABLE,AVAILABLE,AVAILABLE,AVAILABLE,AVAILABLE,,2026,1,BAL,IND,TE,,backup,2026-09-09T10:45:02+00:00
2026-09-13,401872659,Elijah Sarratt,5088338,00-0040876,matched,game_id+gsis_player_id,AVAILABLE,AVAILABLE,AVAILABLE,AVAILABLE,AVAILABLE,,2026,1,BAL,IND,WR,Active,backup,2026-09-09T10:45:02+00:00
2026-09-13,401872659,Ja'Kobi Lane,4870847,00-0040870,matched,game_id+gsis_player_id,AVAILABLE,AVAILABLE,AVAILABLE,AVAILABLE,AVAILABLE,AVAILABLE,2026,1,BAL,IND,WR,Active,backup,2026-09-09T10:45:02+00:00
2026-09-13,401872659,Jonathan Taylor,4242335,00-0036223,matched,game_id+gsis_player_id,AVAILABLE,AVAILABLE,AVAILABLE,AVAILABLE,AVAILABLE,AVAILABLE,2026,1,IND,BAL,RB,Active,starter,2026-09-09T10:45:02+00:00
2026-09-13,401872659,Josh Cuevas,4876132,00-0040887,matched,game_id+gsis_player_id,AVAILABLE,AVAILABLE,AVAILABLE,AVAILABLE,AVAILABLE,,2026,1,BAL,IND,TE,Active,backup,2026-09-09T10:45:02+00:00
2026-09-13,401872659,Josh Downs,4688813,00-0038997,matched,game_id+gsis_player_id,AVAILABLE,AVAILABLE,AVAILABLE,AVAILABLE,AVAILABLE,AVAILABLE,2026,1,IND,BAL,WR,Questionable,backup,2026-09-09T10:45:02+00:00
2026-09-13,401872659,Justice Hill,4038441,00-0034975,matched,game_id+gsis_player_id,AVAILABLE,AVAILABLE,AVAILABLE,AVAILABLE,AVAILABLE,AVAILABLE,2026,1,BAL,IND,RB,Active,backup,2026-09-09T10:45:02+00:00
2026-09-13,401872659,Keenan Allen,15818,00-0030279,matched,game_id+gsis_player_id,AVAILABLE,AVAILABLE,AVAILABLE,AVAILABLE,AVAILABLE,AVAILABLE,2026,1,IND,BAL,WR,Active,backup,2026-09-09T10:45:02+00:00
2026-09-13,401872659,LaJohntay Wester,4690143,00-0040075,matched,game_id+gsis_player_id,AVAILABLE,AVAILABLE,AVAILABLE,AVAILABLE,AVAILABLE,,2026,1,BAL,IND,WR,,backup,2026-09-09T10:45:02+00:00
2026-09-13,401872659,Lamar Jackson,3916387,00-0034796,matched,game_id+gsis_player_id,AVAILABLE,AVAILABLE,AVAILABLE,AVAILABLE,AVAILABLE,AVAILABLE,2026,1,BAL,IND,QB,Active,starter,2026-09-09T10:45:02+00:00
2026-09-13,401872659,Laquon Treadwell,3051889,00-0032951,matched,game_id+gsis_player_id,AVAILABLE,AVAILABLE,AVAILABLE,AVAILABLE,AVAILABLE,AVAILABLE,2026,1,IND,BAL,WR,,backup,2026-09-09T10:45:02+00:00
2026-09-13,401872659,Mark Andrews,3116365,00-0034753,matched,game_id+gsis_player_id,AVAILABLE,AVAILABLE,AVAILABLE,AVAILABLE,AVAILABLE,AVAILABLE,2026,1,BAL,IND,TE,Active,starter,2026-09-09T10:45:02+00:00
2026-09-13,401872659,Matthew Hibner,4432260,00-0040879,matched,game_id+gsis_player_id,AVAILABLE,AVAILABLE,AVAILABLE,AVAILABLE,AVAILABLE,,2026,1,BAL,IND,TE,Active,backup,2026-09-09T10:45:02+00:00
2026-09-13,401872659,Mo Alie-Cox,2998565,00-0033217,matched,game_id+gsis_player_id,AVAILABLE,AVAILABLE,AVAILABLE,AVAILABLE,AVAILABLE,AVAILABLE,2026,1,IND,BAL,TE,,backup,2026-09-09T10:45:02+00:00
2026-09-13,401872659,Rasheen Ali,4690013,00-0039796,matched,game_id+gsis_player_id,AVAILABLE,AVAILABLE,AVAILABLE,AVAILABLE,AVAILABLE,AVAILABLE,2026,1,BAL,IND,RB,Active,backup,2026-09-09T10:45:02+00:00
2026-09-13,401872659,Rashod Bateman,4360939,00-0036550,matched,game_id+gsis_player_id,AVAILABLE,AVAILABLE,AVAILABLE,AVAILABLE,AVAILABLE,AVAILABLE,2026,1,BAL,IND,WR,Active,backup,2026-09-09T10:45:02+00:00
2026-09-13,401872659,Seth McGowan,4686468,00-0041125,matched,game_id+gsis_player_id,AVAILABLE,AVAILABLE,AVAILABLE,AVAILABLE,AVAILABLE,AVAILABLE,2026,1,IND,BAL,RB,Active,backup,2026-09-09T10:45:02+00:00
2026-09-13,401872659,Tyler Warren,4431459,00-0040128,matched,game_id+gsis_player_id,AVAILABLE,AVAILABLE,AVAILABLE,AVAILABLE,AVAILABLE,AVAILABLE,2026,1,IND,BAL,TE,Questionable,starter,2026-09-09T10:45:02+00:00
2026-09-13,401872659,Zay Flowers,4429615,00-0039064,matched,game_id+gsis_player_id,AVAILABLE,AVAILABLE,AVAILABLE,AVAILABLE,AVAILABLE,AVAILABLE,2026,1,BAL,IND,WR,Questionable,starter,2026-09-09T10:45:02+00:00
2026-09-13,401872660,British Brooks,4373273,00-0039603,matched,game_id+gsis_player_id,AVAILABLE,AVAILABLE,AVAILABLE,AVAILABLE,AVAILABLE,,2026,1,HOU,BUF,RB,Questionable,backup,2026-09-09T10:45:02+00:00
2026-09-13,401872660,C.J. Stroud,4432577,00-0039163,matched,game_id+gsis_player_id,AVAILABLE,AVAILABLE,AVAILABLE,AVAILABLE,AVAILABLE,AVAILABLE,2026,1,HOU,BUF,QB,Active,starter,2026-09-09T10:45:02+00:00
2026-09-13,401872660,Cade Stover,4426496,00-0039359,matched,game_id+gsis_player_id,AVAILABLE,AVAILABLE,AVAILABLE,AVAILABLE,AVAILABLE,,2026,1,HOU,BUF,TE,,backup,2026-09-09T10:45:02+00:00
2026-09-13,401872660,DJ Moore,3915416,00-0034827,matched,game_id+gsis_player_id,AVAILABLE,AVAILABLE,AVAILABLE,,AVAILABLE,AVAILABLE,2026,1,BUF,HOU,WR,Active,starter,2026-09-09T10:45:02+00:00
2026-09-13,401872660,Dalton Kincaid,4385690,00-0038933,matched,game_id+gsis_player_id,AVAILABLE,AVAILABLE,AVAILABLE,,AVAILABLE,AVAILABLE,2026,1,BUF,HOU,TE,Active,starter,2026-09-09T10:45:02+00:00
2026-09-13,401872660,Dalton Schultz,3117256,00-0034383,matched,game_id+gsis_player_id,AVAILABLE,AVAILABLE,AVAILABLE,AVAILABLE,AVAILABLE,AVAILABLE,2026,1,HOU,BUF,TE,Active,starter,2026-09-09T10:45:02+00:00
2026-09-13,401872660,David Montgomery,4035538,00-0035685,matched,game_id+gsis_player_id,AVAILABLE,AVAILABLE,AVAILABLE,AVAILABLE,AVAILABLE,AVAILABLE,2026,1,HOU,BUF,RB,Active,starter,2026-09-09T10:45:02+00:00
2026-09-13,401872660,Dawson Knox,3930086,00-0035689,matched,game_id+gsis_player_id,AVAILABLE,AVAILABLE,AVAILABLE,,AVAILABLE,AVAILABLE,2026,1,BUF,HOU,TE,Active,backup,2026-09-09T10:45:02+00:00
2026-09-13,401872660,Foster Moreau,3843945,00-0034981,matched,game_id+gsis_player_id,AVAILABLE,AVAILABLE,AVAILABLE,AVAILABLE,AVAILABLE,AVAILABLE,2026,1,HOU,BUF,TE,,backup,2026-09-09T10:45:02+00:00
2026-09-13,401872660,Jackson Hawes,4573699,00-0040194,matched,game_id+gsis_player_id,AVAILABLE,AVAILABLE,AVAILABLE,,AVAILABLE,,2026,1,BUF,HOU,TE,Active,backup,2026-09-09T10:45:02+00:00
2026-09-13,401872660,James Cook III,4379399,00-0037248,matched,game_id+gsis_player_id,AVAILABLE,AVAILABLE,AVAILABLE,,AVAILABLE,AVAILABLE,2026,1,BUF,HOU,RB,Active,starter,2026-09-09T10:45:02+00:00
2026-09-13,401872660,Jaylin Noel,4586312,00-0040138,matched,game_id+gsis_player_id,AVAILABLE,AVAILABLE,AVAILABLE,AVAILABLE,AVAILABLE,AVAILABLE,2026,1,HOU,BUF,WR,,backup,2026-09-09T10:45:02+00:00
2026-09-13,401872660,Josh Allen,3918298,00-0034857,matched,game_id+gsis_player_id,AVAILABLE,AVAILABLE,AVAILABLE,,AVAILABLE,AVAILABLE,2026,1,BUF,HOU,QB,Active,starter,2026-09-09T10:45:02+00:00
2026-09-13,401872660,Joshua Palmer,4242433,00-0036988,matched,game_id+gsis_player_id,AVAILABLE,AVAILABLE,AVAILABLE,,AVAILABLE,,2026,1,BUF,HOU,WR,,backup,2026-09-09T10:45:02+00:00
2026-09-13,401872660,Kayshon Boutte,4429022,00-0038608,matched,game_id+gsis_player_id,AVAILABLE,AVAILABLE,AVAILABLE,AVAILABLE,AVAILABLE,AVAILABLE,2026,1,HOU,BUF,WR,Active,backup,2026-09-09T10:45:02+00:00
2026-09-13,401872660,Keon Coleman,4635008,00-0039901,matched,game_id+gsis_player_id,AVAILABLE,AVAILABLE,AVAILABLE,,AVAILABLE,AVAILABLE,2026,1,BUF,HOU,WR,Questionable,backup,2026-09-09T10:45:02+00:00
2026-09-13,401872660,Khalil Shakir,4373678,00-0037261,matched,game_id+gsis_player_id,AVAILABLE,AVAILABLE,AVAILABLE,,AVAILABLE,AVAILABLE,2026,1,BUF,HOU,WR,Questionable,backup,2026-09-09T10:45:02+00:00
2026-09-13,401872660,Marlin Klein,4695705,00-0041472,matched,game_id+gsis_player_id,AVAILABLE,AVAILABLE,AVAILABLE,AVAILABLE,AVAILABLE,,2026,1,HOU,BUF,TE,,backup,2026-09-09T10:45:02+00:00
2026-09-13,401872660,Nico Collins,4258173,00-0036554,matched,game_id+gsis_player_id,AVAILABLE,AVAILABLE,AVAILABLE,AVAILABLE,AVAILABLE,AVAILABLE,2026,1,HOU,BUF,WR,Active,starter,2026-09-09T10:45:02+00:00
2026-09-13,401872660,Ray Davis,4429501,00-0039875,matched,game_id+gsis_player_id,AVAILABLE,AVAILABLE,AVAILABLE,,AVAILABLE,AVAILABLE,2026,1,BUF,HOU,RB,Active,backup,2026-09-09T10:45:02+00:00
2026-09-13,401872660,Skyler Bell,4683153,00-0041443,matched,game_id+gsis_player_id,AVAILABLE,AVAILABLE,AVAILABLE,,AVAILABLE,,2026,1,BUF,HOU,WR,Active,backup,2026-09-09T10:45:02+00:00
2026-09-13,401872660,Ty Johnson,3915411,00-0035537,matched,game_id+gsis_player_id,AVAILABLE,AVAILABLE,AVAILABLE,,AVAILABLE,AVAILABLE,2026,1,BUF,HOU,RB,Questionable,backup,2026-09-09T10:45:02+00:00
2026-09-13,401872660,Woody Marks,4429059,00-0040583,matched,game_id+gsis_player_id,AVAILABLE,AVAILABLE,AVAILABLE,AVAILABLE,AVAILABLE,AVAILABLE,2026,1,HOU,BUF,RB,Active,backup,2026-09-09T10:45:02+00:00
2026-09-13,401872660,Xavier Hutchinson,4686422,00-0038618,matched,game_id+gsis_player_id,AVAILABLE,AVAILABLE,AVAILABLE,AVAILABLE,AVAILABLE,AVAILABLE,2026,1,HOU,BUF,WR,,backup,2026-09-09T10:45:02+00:00
2026-09-13,401872661,Bryce Young,4685720,00-0039150,matched,game_id+gsis_player_id,AVAILABLE,AVAILABLE,AVAILABLE,AVAILABLE,AVAILABLE,AVAILABLE,2026,1,CAR,CHI,QB,Active,starter,2026-09-09T10:45:02+00:00
2026-09-13,401872661,Brycen Tremayne,4360763,00-0038840,matched,game_id+gsis_player_id,AVAILABLE,AVAILABLE,AVAILABLE,AVAILABLE,AVAILABLE,,2026,1,CAR,CHI,WR,,backup,2026-09-09T10:45:02+00:00
2026-09-13,401872661,Caleb Williams,4431611,00-0039918,matched,game_id+gsis_player_id,AVAILABLE,AVAILABLE,AVAILABLE,AVAILABLE,AVAILABLE,AVAILABLE,2026,1,CHI,CAR,QB,Active,starter,2026-09-09T10:45:02+00:00
2026-09-13,401872661,Chuba Hubbard,4241416,00-0036555,matched,game_id+gsis_player_id,AVAILABLE,AVAILABLE,AVAILABLE,AVAILABLE,AVAILABLE,AVAILABLE,2026,1,CAR,CHI,RB,Questionable,starter,2026-09-09T10:45:02+00:00
2026-09-13,401872661,Cole Kmet,4258595,00-0036290,matched,game_id+gsis_player_id,AVAILABLE,AVAILABLE,AVAILABLE,AVAILABLE,AVAILABLE,AVAILABLE,2026,1,CHI,CAR,TE,Active,backup,2026-09-09T10:45:02+00:00
2026-09-13,401872661,Colston Loveland,4723086,00-0040126,matched,game_id+gsis_player_id,AVAILABLE,AVAILABLE,AVAILABLE,AVAILABLE,AVAILABLE,AVAILABLE,2026,1,CHI,CAR,TE,Active,starter,2026-09-09T10:45:02+00:00
2026-09-13,401872661,D'Andre Swift,4259545,00-0036275,matched,game_id+gsis_player_id,AVAILABLE,AVAILABLE,AVAILABLE,AVAILABLE,AVAILABLE,AVAILABLE,2026,1,CHI,CAR,RB,Questionable,starter,2026-09-09T10:45:02+00:00
2026-09-13,401872661,Darren Waller,2576925,00-0031610,matched,game_id+gsis_player_id,AVAILABLE,AVAILABLE,AVAILABLE,AVAILABLE,AVAILABLE,AVAILABLE,2026,1,CAR,CHI,TE,Active,backup,2026-09-09T10:45:02+00:00
2026-09-13,401872661,Ja'Tavion Sanders,4431588,00-0039356,matched,game_id+gsis_player_id,AVAILABLE,AVAILABLE,AVAILABLE,AVAILABLE,AVAILABLE,,2026,1,CAR,CHI,TE,,backup,2026-09-09T10:45:02+00:00
2026-09-13,401872661,Jahdae Walker,5160110,00-0040277,matched,game_id+gsis_player_id,AVAILABLE,AVAILABLE,AVAILABLE,AVAILABLE,AVAILABLE,,2026,1,CHI,CAR,WR,Active,backup,2026-09-09T10:45:02+00:00
2026-09-13,401872661,Jalen Coker,4695883,00-0039491,matched,game_id+gsis_player_id,AVAILABLE,AVAILABLE,AVAILABLE,AVAILABLE,AVAILABLE,AVAILABLE,2026,1,CAR,CHI,WR,Active,backup,2026-09-09T10:45:02+00:00
2026-09-13,401872661,Jimmy Horn Jr.,4708486,00-0040218,matched,game_id+gsis_player_id,AVAILABLE,AVAILABLE,AVAILABLE,AVAILABLE,AVAILABLE,,2026,1,CAR,CHI,WR,Active,backup,2026-09-09T10:45:02+00:00
2026-09-13,401872661,John Metchie III,4567096,00-0037614,matched,game_id+gsis_player_id,AVAILABLE,AVAILABLE,AVAILABLE,AVAILABLE,AVAILABLE,,2026,1,CAR,CHI,WR,Active,backup,2026-09-09T10:45:02+00:00
2026-09-13,401872661,Jonathon Brooks,4678008,00-0039344,matched,game_id+gsis_player_id,AVAILABLE,AVAILABLE,AVAILABLE,AVAILABLE,AVAILABLE,AVAILABLE,2026,1,CAR,CHI,RB,Questionable,backup,2026-09-09T10:45:02+00:00
2026-09-13,401872661,Kalif Raymond,2973405,00-0032464,matched,game_id+gsis_player_id,AVAILABLE,AVAILABLE,AVAILABLE,AVAILABLE,AVAILABLE,AVAILABLE,2026,1,CHI,CAR,WR,,backup,2026-09-09T10:45:02+00:00
2026-09-13,401872661,Kyle Monangai,4608686,00-0040236,matched,game_id+gsis_player_id,AVAILABLE,AVAILABLE,AVAILABLE,AVAILABLE,AVAILABLE,AVAILABLE,2026,1,CHI,CAR,RB,Questionable,backup,2026-09-09T10:45:02+00:00
2026-09-13,401872661,Luther Burden III,4685278,00-0040735,matched,game_id+gsis_player_id,AVAILABLE,AVAILABLE,AVAILABLE,AVAILABLE,AVAILABLE,AVAILABLE,2026,1,CHI,CAR,WR,Questionable,backup,2026-09-09T10:45:02+00:00
2026-09-13,401872661,Mitchell Evans,4683243,00-0040187,matched,game_id+gsis_player_id,AVAILABLE,AVAILABLE,AVAILABLE,AVAILABLE,AVAILABLE,,2026,1,CAR,CHI,TE,,backup,2026-09-09T10:45:02+00:00
2026-09-13,401872661,Rome Odunze,4431299,00-0039919,matched,game_id+gsis_player_id,AVAILABLE,AVAILABLE,AVAILABLE,AVAILABLE,AVAILABLE,AVAILABLE,2026,1,CHI,CAR,WR,Questionable,starter,2026-09-09T10:45:02+00:00
2026-09-13,401872661,Roschon Johnson,4426386,00-0039021,matched,game_id+gsis_player_id,AVAILABLE,AVAILABLE,AVAILABLE,AVAILABLE,AVAILABLE,AVAILABLE,2026,1,CHI,CAR,RB,Active,backup,2026-09-09T10:45:02+00:00
2026-09-13,401872661,Sam Roush,4685504,00-0041558,matched,game_id+gsis_player_id,AVAILABLE,AVAILABLE,AVAILABLE,AVAILABLE,,,2026,1,CHI,CAR,TE,Active,backup,2026-09-09T10:45:02+00:00
2026-09-13,401872661,Tetairoa McMillan,4685472,00-0040124,matched,game_id+gsis_player_id,AVAILABLE,AVAILABLE,AVAILABLE,AVAILABLE,AVAILABLE,AVAILABLE,2026,1,CAR,CHI,WR,Active,starter,2026-09-09T10:45:02+00:00
2026-09-13,401872661,Tommy Tremble,4372780,00-0037005,matched,game_id+gsis_player_id,AVAILABLE,AVAILABLE,AVAILABLE,AVAILABLE,AVAILABLE,AVAILABLE,2026,1,CAR,CHI,TE,Active,starter,2026-09-09T10:45:02+00:00
2026-09-13,401872661,Xavier Legette,4430034,00-0039342,matched,game_id+gsis_player_id,AVAILABLE,AVAILABLE,AVAILABLE,AVAILABLE,AVAILABLE,AVAILABLE,2026,1,CAR,CHI,WR,Questionable,backup,2026-09-09T10:45:02+00:00
2026-09-13,401872661,Zavion Thomas,4869748,00-0041051,matched,game_id+gsis_player_id,AVAILABLE,AVAILABLE,AVAILABLE,AVAILABLE,AVAILABLE,AVAILABLE,2026,1,CHI,CAR,WR,Active,backup,2026-09-09T10:45:02+00:00
2026-09-13,401872922,Ameer Abdullah,2576336,00-0032104,matched,game_id+gsis_player_id,AVAILABLE,AVAILABLE,AVAILABLE,AVAILABLE,AVAILABLE,AVAILABLE,2026,1,JAX,CLE,RB,Active,backup,2026-09-09T10:45:02+00:00
2026-09-13,401872922,Bhayshul Tuten,4882093,00-0040719,matched,game_id+gsis_player_id,AVAILABLE,AVAILABLE,AVAILABLE,AVAILABLE,AVAILABLE,AVAILABLE,2026,1,JAX,CLE,RB,Questionable,starter,2026-09-09T10:45:02+00:00
2026-09-13,401872922,Blake Whiteheart,4362018,00-0038710,matched,game_id+gsis_player_id,AVAILABLE,AVAILABLE,AVAILABLE,AVAILABLE,AVAILABLE,,2026,1,CLE,JAX,TE,,backup,2026-09-09T10:45:02+00:00
2026-09-13,401872922,Brenton Strange,4430539,00-0038935,matched,game_id+gsis_player_id,AVAILABLE,AVAILABLE,AVAILABLE,AVAILABLE,AVAILABLE,AVAILABLE,2026,1,JAX,CLE,TE,Active,starter,2026-09-09T10:45:02+00:00
2026-09-13,401872922,Brian Thomas Jr.,4432773,00-0039893,matched,game_id+gsis_player_id,AVAILABLE,AVAILABLE,AVAILABLE,AVAILABLE,AVAILABLE,AVAILABLE,2026,1,JAX,CLE,WR,Active,starter,2026-09-09T10:45:02+00:00
2026-09-13,401872922,CJ Williams,5085024,00-0041106,matched,game_id+gsis_player_id,AVAILABLE,AVAILABLE,AVAILABLE,AVAILABLE,AVAILABLE,,2026,1,JAX,CLE,WR,Active,backup,2026-09-09T10:45:02+00:00
2026-09-13,401872922,Carsen Ryan,4685540,00-0041131,matched,game_id+gsis_player_id,AVAILABLE,AVAILABLE,AVAILABLE,AVAILABLE,AVAILABLE,,2026,1,CLE,JAX,TE,Active,backup,2026-09-09T10:45:02+00:00
2026-09-13,401872922,Chris Rodriguez Jr.,4362619,00-0038611,matched,game_id+gsis_player_id,AVAILABLE,AVAILABLE,AVAILABLE,AVAILABLE,AVAILABLE,AVAILABLE,2026,1,JAX,CLE,RB,Active,backup,2026-09-09T10:45:02+00:00
2026-09-13,401872922,Denzel Boston,4832800,00-0041037,matched,game_id+gsis_player_id,AVAILABLE,AVAILABLE,AVAILABLE,AVAILABLE,AVAILABLE,AVAILABLE,2026,1,CLE,JAX,WR,Active,backup,2026-09-09T10:45:02+00:00
2026-09-13,401872922,Deshaun Watson,3122840,00-0033537,matched,game_id+gsis_player_id,AVAILABLE,AVAILABLE,AVAILABLE,AVAILABLE,AVAILABLE,AVAILABLE,2026,1,CLE,JAX,QB,Active,starter,2026-09-09T10:45:02+00:00
2026-09-13,401872922,Dylan Sampson,5081397,00-0040162,matched,game_id+gsis_player_id,AVAILABLE,AVAILABLE,AVAILABLE,AVAILABLE,AVAILABLE,AVAILABLE,2026,1,CLE,JAX,RB,Active,backup,2026-09-09T10:45:02+00:00
2026-09-13,401872922,Harold Fannin Jr.,5083076,00-0040663,matched,game_id+gsis_player_id,AVAILABLE,AVAILABLE,AVAILABLE,AVAILABLE,AVAILABLE,AVAILABLE,2026,1,CLE,JAX,TE,Active,starter,2026-09-09T10:45:02+00:00
2026-09-13,401872922,Isaiah Bond,4808839,00-0040782,matched,game_id+gsis_player_id,AVAILABLE,AVAILABLE,AVAILABLE,AVAILABLE,AVAILABLE,,2026,1,CLE,JAX,WR,Questionable,backup,2026-09-09T10:45:02+00:00
2026-09-13,401872922,Jakobi Meyers,3916433,00-0034960,matched,game_id+gsis_player_id,AVAILABLE,AVAILABLE,AVAILABLE,AVAILABLE,AVAILABLE,AVAILABLE,2026,1,JAX,CLE,WR,Questionable,backup,2026-09-09T10:45:02+00:00
2026-09-13,401872922,Jerry Jeudy,4241463,00-0036407,matched,game_id+gsis_player_id,AVAILABLE,AVAILABLE,AVAILABLE,AVAILABLE,AVAILABLE,AVAILABLE,2026,1,CLE,JAX,WR,Active,starter,2026-09-09T10:45:02+00:00
2026-09-13,401872922,Josh Cameron,4879194,00-0041100,matched,game_id+gsis_player_id,AVAILABLE,AVAILABLE,AVAILABLE,AVAILABLE,AVAILABLE,,2026,1,JAX,CLE,WR,Active,backup,2026-09-09T10:45:02+00:00
2026-09-13,401872922,KC Concepcion,4870653,00-0041547,matched,game_id+gsis_player_id,AVAILABLE,AVAILABLE,AVAILABLE,AVAILABLE,AVAILABLE,AVAILABLE,2026,1,CLE,JAX,WR,Active,backup,2026-09-09T10:45:02+00:00
2026-09-13,401872922,Malachi Corley,4613104,00-0039920,matched,game_id+gsis_player_id,AVAILABLE,AVAILABLE,AVAILABLE,AVAILABLE,AVAILABLE,,2026,1,CLE,JAX,WR,,backup,2026-09-09T10:45:02+00:00
2026-09-13,401872922,Michael Burton,2515270,00-0031595,matched,game_id+gsis_player_id,AVAILABLE,AVAILABLE,AVAILABLE,AVAILABLE,,,2026,1,CLE,JAX,RB,,starter,2026-09-09T10:45:02+00:00
2026-09-13,401872922,Nate Boerkircher,4686248,00-0041503,matched,game_id+gsis_player_id,AVAILABLE,AVAILABLE,AVAILABLE,AVAILABLE,AVAILABLE,AVAILABLE,2026,1,JAX,CLE,TE,Active,backup,2026-09-09T10:45:02+00:00
2026-09-13,401872922,Parker Washington,4432620,00-0038606,matched,game_id+gsis_player_id,AVAILABLE,AVAILABLE,AVAILABLE,AVAILABLE,AVAILABLE,AVAILABLE,2026,1,JAX,CLE,WR,Active,backup,2026-09-09T10:45:02+00:00
2026-09-13,401872922,Quinshon Judkins,4685702,00-0040784,matched,game_id+gsis_player_id,AVAILABLE,AVAILABLE,AVAILABLE,AVAILABLE,AVAILABLE,AVAILABLE,2026,1,CLE,JAX,RB,Active,starter,2026-09-09T10:45:02+00:00
2026-09-13,401872922,Quintin Morris,4244049,00-0036590,matched,game_id+gsis_player_id,AVAILABLE,AVAILABLE,AVAILABLE,AVAILABLE,AVAILABLE,,2026,1,JAX,CLE,TE,,backup,2026-09-09T10:45:02+00:00
2026-09-13,401872922,Raheim Sanders,4601080,00-0040466,matched,game_id+gsis_player_id,AVAILABLE,AVAILABLE,AVAILABLE,AVAILABLE,AVAILABLE,,2026,1,CLE,JAX,RB,,backup,2026-09-09T10:45:02+00:00
2026-09-13,401872922,Tanner Koziol,4917427,00-0041084,matched,game_id+gsis_player_id,AVAILABLE,AVAILABLE,AVAILABLE,AVAILABLE,AVAILABLE,,2026,1,JAX,CLE,TE,Active,backup,2026-09-09T10:45:02+00:00
2026-09-13,401872922,Travis Hunter,4685415,00-0040718,matched,game_id+gsis_player_id,AVAILABLE,AVAILABLE,AVAILABLE,AVAILABLE,AVAILABLE,AVAILABLE,2026,1,JAX,CLE,WR,Active,starter,2026-09-09T10:45:02+00:00
2026-09-13,401872922,Trevor Lawrence,4360310,00-0036971,matched,game_id+gsis_player_id,AVAILABLE,AVAILABLE,AVAILABLE,AVAILABLE,AVAILABLE,AVAILABLE,2026,1,JAX,CLE,QB,Active,starter,2026-09-09T10:45:02+00:00
2026-09-13,401872922,Tylan Wallace,4241424,00-0036630,matched,game_id+gsis_player_id,AVAILABLE,AVAILABLE,AVAILABLE,AVAILABLE,AVAILABLE,,2026,1,CLE,JAX,WR,,backup,2026-09-09T10:45:02+00:00
2026-09-13,401872923,Amon-Ra St. Brown,4374302,00-0036963,matched,game_id+gsis_player_id,AVAILABLE,AVAILABLE,AVAILABLE,AVAILABLE,AVAILABLE,AVAILABLE,2026,1,DET,NO,WR,Active,starter,2026-09-09T10:45:02+00:00
2026-09-13,401872923,Audric Estime,4569682,00-0039373,matched,game_id+gsis_player_id,AVAILABLE,AVAILABLE,AVAILABLE,AVAILABLE,AVAILABLE,AVAILABLE,2026,1,NO,DET,RB,Active,backup,2026-09-09T10:45:02+00:00
2026-09-13,401872923,Barion Brown,4698597,00-0041099,matched,game_id+gsis_player_id,AVAILABLE,AVAILABLE,AVAILABLE,AVAILABLE,AVAILABLE,,2026,1,NO,DET,WR,Active,backup,2026-09-09T10:45:02+00:00
2026-09-13,401872923,Brock Wright,4242392,00-0036754,matched,game_id+gsis_player_id,AVAILABLE,AVAILABLE,AVAILABLE,AVAILABLE,AVAILABLE,AVAILABLE,2026,1,DET,NO,TE,Active,backup,2026-09-09T10:45:02+00:00
2026-09-13,401872923,Bryce Lance,4879276,00-0041067,matched,game_id+gsis_player_id,AVAILABLE,AVAILABLE,AVAILABLE,AVAILABLE,AVAILABLE,,2026,1,NO,DET,WR,Active,backup,2026-09-09T10:45:02+00:00
2026-09-13,401872923,Chris Olave,4361370,00-0037239,matched,game_id+gsis_player_id,AVAILABLE,AVAILABLE,AVAILABLE,AVAILABLE,AVAILABLE,AVAILABLE,2026,1,NO,DET,WR,Active,starter,2026-09-09T10:45:02+00:00
2026-09-13,401872923,Devaughn Vele,4569559,00-0039424,matched,game_id+gsis_player_id,AVAILABLE,AVAILABLE,AVAILABLE,AVAILABLE,AVAILABLE,AVAILABLE,2026,1,NO,DET,WR,,backup,2026-09-09T10:45:02+00:00
2026-09-13,401872923,Isaac TeSlaa,5123663,00-0040669,matched,game_id+gsis_player_id,AVAILABLE,AVAILABLE,AVAILABLE,AVAILABLE,AVAILABLE,AVAILABLE,2026,1,DET,NO,WR,,backup,2026-09-09T10:45:02+00:00
2026-09-13,401872923,Jackson Meeks,4602788,00-0040390,matched,game_id+gsis_player_id,AVAILABLE,AVAILABLE,AVAILABLE,AVAILABLE,AVAILABLE,,2026,1,DET,NO,TE,,backup,2026-09-09T10:45:02+00:00
2026-09-13,401872923,Jacob Saylors,4383429,00-0038896,matched,game_id+gsis_player_id,AVAILABLE,AVAILABLE,AVAILABLE,AVAILABLE,AVAILABLE,AVAILABLE,2026,1,DET,NO,RB,Active,backup,2026-09-09T10:45:02+00:00
2026-09-13,401872923,Jahmyr Gibbs,4429795,00-0039139,matched,game_id+gsis_player_id,AVAILABLE,AVAILABLE,AVAILABLE,AVAILABLE,AVAILABLE,AVAILABLE,2026,1,DET,NO,RB,Active,starter,2026-09-09T10:45:02+00:00
2026-09-13,401872923,Jameson Williams,4426388,00-0037240,matched,game_id+gsis_player_id,AVAILABLE,AVAILABLE,AVAILABLE,AVAILABLE,AVAILABLE,AVAILABLE,2026,1,DET,NO,WR,Active,backup,2026-09-09T10:45:02+00:00
2026-09-13,401872923,Jared Goff,3046779,00-0033106,matched,game_id+gsis_player_id,AVAILABLE,AVAILABLE,AVAILABLE,AVAILABLE,AVAILABLE,,2026,1,DET,NO,QB,Active,starter,2026-09-09T10:45:02+00:00
2026-09-13,401872923,Juwan Johnson,3929645,00-0036040,matched,game_id+gsis_player_id,AVAILABLE,AVAILABLE,AVAILABLE,AVAILABLE,AVAILABLE,AVAILABLE,2026,1,NO,DET,TE,Active,starter,2026-09-09T10:45:02+00:00
2026-09-13,401872923,Kendre Miller,4599739,00-0038551,matched,game_id+gsis_player_id,AVAILABLE,AVAILABLE,AVAILABLE,AVAILABLE,AVAILABLE,AVAILABLE,2026,1,NO,DET,RB,Questionable,backup,2026-09-09T10:45:02+00:00
2026-09-13,401872923,Noah Fant,4036131,00-0035644,matched,game_id+gsis_player_id,AVAILABLE,AVAILABLE,AVAILABLE,AVAILABLE,AVAILABLE,,2026,1,NO,DET,TE,,backup,2026-09-09T10:45:02+00:00
2026-09-13,401872923,Oscar Delp,4702559,00-0041041,matched,game_id+gsis_player_id,AVAILABLE,AVAILABLE,AVAILABLE,AVAILABLE,AVAILABLE,,2026,1,NO,DET,TE,Questionable,backup,2026-09-09T10:45:02+00:00
2026-09-13,401872923,Sam LaPorta,4430027,00-0039065,matched,game_id+gsis_player_id,AVAILABLE,AVAILABLE,AVAILABLE,AVAILABLE,AVAILABLE,AVAILABLE,2026,1,DET,NO,TE,Questionable,starter,2026-09-09T10:45:02+00:00
2026-09-13,401872923,Sione Vaki,4912274,00-0039364,matched,game_id+gsis_player_id,AVAILABLE,AVAILABLE,AVAILABLE,AVAILABLE,AVAILABLE,AVAILABLE,2026,1,DET,NO,RB,Active,backup,2026-09-09T10:45:02+00:00
2026-09-13,401872923,Tay Martin,4245144,00-0037524,matched,game_id+gsis_player_id,AVAILABLE,AVAILABLE,AVAILABLE,AVAILABLE,AVAILABLE,,2026,1,DET,NO,WR,,backup,2026-09-09T10:45:02+00:00
2026-09-13,401872923,Travis Etienne Jr.,4239996,00-0036973,matched,game_id+gsis_player_id,AVAILABLE,AVAILABLE,AVAILABLE,AVAILABLE,AVAILABLE,AVAILABLE,2026,1,NO,DET,RB,Active,starter,2026-09-09T10:45:02+00:00
2026-09-13,401872923,Tyler Conklin,3915486,00-0034270,matched,game_id+gsis_player_id,AVAILABLE,AVAILABLE,AVAILABLE,AVAILABLE,AVAILABLE,,2026,1,DET,NO,TE,Active,backup,2026-09-09T10:45:02+00:00
2026-09-13,401872923,Tyler Shough,4360689,00-0040743,matched,game_id+gsis_player_id,AVAILABLE,AVAILABLE,AVAILABLE,AVAILABLE,AVAILABLE,AVAILABLE,2026,1,NO,DET,QB,Active,starter,2026-09-09T10:45:02+00:00
2026-09-13,401872924,Adonai Mitchell,4597500,00-0039890,matched,game_id+gsis_player_id,AVAILABLE,AVAILABLE,AVAILABLE,AVAILABLE,AVAILABLE,AVAILABLE,2026,1,NYJ,TEN,WR,Active,backup,2026-09-09T10:45:02+00:00
2026-09-13,401872924,Andrew Beck,3125107,00-0034959,matched,game_id+gsis_player_id,AVAILABLE,AVAILABLE,AVAILABLE,AVAILABLE,AVAILABLE,,2026,1,NYJ,TEN,RB,,starter,2026-09-09T10:45:02+00:00
2026-09-13,401872924,Braelon Allen,4685247,00-0039794,matched,game_id+gsis_player_id,AVAILABLE,AVAILABLE,AVAILABLE,AVAILABLE,AVAILABLE,AVAILABLE,2026,1,NYJ,TEN,RB,Active,backup,2026-09-09T10:45:02+00:00
2026-09-13,401872924,Breece Hall,4427366,00-0038120,matched,game_id+gsis_player_id,AVAILABLE,AVAILABLE,AVAILABLE,AVAILABLE,AVAILABLE,AVAILABLE,2026,1,NYJ,TEN,RB,Questionable,starter,2026-09-09T10:45:02+00:00
2026-09-13,401872924,Calvin Ridley,3925357,00-0034837,matched,game_id+gsis_player_id,AVAILABLE,AVAILABLE,AVAILABLE,AVAILABLE,AVAILABLE,AVAILABLE,2026,1,TEN,NYJ,WR,Active,backup,2026-09-09T10:45:02+00:00
2026-09-13,401872924,Cam Ward,4688380,00-0040676,matched,game_id+gsis_player_id,AVAILABLE,AVAILABLE,AVAILABLE,AVAILABLE,AVAILABLE,AVAILABLE,2026,1,TEN,NYJ,QB,Active,starter,2026-09-09T10:45:02+00:00
2026-09-13,401872924,Carnell Tate,4871023,00-0041438,matched,game_id+gsis_player_id,AVAILABLE,AVAILABLE,AVAILABLE,AVAILABLE,AVAILABLE,AVAILABLE,2026,1,TEN,NYJ,WR,Questionable,starter,2026-09-09T10:45:02+00:00
2026-09-13,401872924,Chimere Dike,4431268,00-0040705,matched,game_id+gsis_player_id,AVAILABLE,AVAILABLE,AVAILABLE,AVAILABLE,AVAILABLE,,2026,1,TEN,NYJ,WR,Active,backup,2026-09-09T10:45:02+00:00
2026-09-13,401872924,Daniel Bellinger,4361516,00-0038115,matched,game_id+gsis_player_id,AVAILABLE,AVAILABLE,AVAILABLE,AVAILABLE,AVAILABLE,,2026,1,TEN,NYJ,TE,,backup,2026-09-09T10:45:02+00:00
2026-09-13,401872924,David Martin-Robinson,4360978,00-0039648,matched,game_id+gsis_player_id,AVAILABLE,AVAILABLE,AVAILABLE,AVAILABLE,AVAILABLE,,2026,1,TEN,NYJ,TE,,backup,2026-09-09T10:45:02+00:00
2026-09-13,401872924,Elic Ayomanor,4883647,00-0040170,matched,game_id+gsis_player_id,AVAILABLE,AVAILABLE,AVAILABLE,AVAILABLE,AVAILABLE,,2026,1,TEN,NYJ,WR,Active,backup,2026-09-09T10:45:02+00:00
2026-09-13,401872924,Garrett Wilson,4569618,00-0037740,matched,game_id+gsis_player_id,AVAILABLE,AVAILABLE,AVAILABLE,AVAILABLE,AVAILABLE,AVAILABLE,2026,1,NYJ,TEN,WR,Active,starter,2026-09-09T10:45:02+00:00
2026-09-13,401872924,Geno Smith,15864,00-0030565,matched,game_id+gsis_player_id,AVAILABLE,AVAILABLE,AVAILABLE,AVAILABLE,AVAILABLE,,2026,1,NYJ,TEN,QB,Active,starter,2026-09-09T10:45:02+00:00
2026-09-13,401872924,Gunnar Helm,4686728,00-0040584,matched,game_id+gsis_player_id,AVAILABLE,AVAILABLE,AVAILABLE,AVAILABLE,AVAILABLE,AVAILABLE,2026,1,TEN,NYJ,TE,Active,starter,2026-09-09T10:45:02+00:00
2026-09-13,401872924,Isaiah Davis,4695404,00-0039798,matched,game_id+gsis_player_id,AVAILABLE,AVAILABLE,AVAILABLE,AVAILABLE,AVAILABLE,AVAILABLE,2026,1,NYJ,TEN,RB,Questionable,backup,2026-09-09T10:45:02+00:00
2026-09-13,401872924,Isaiah Williams,4569371,00-0039451,matched,game_id+gsis_player_id,AVAILABLE,AVAILABLE,AVAILABLE,AVAILABLE,AVAILABLE,AVAILABLE,2026,1,NYJ,TEN,WR,,backup,2026-09-09T10:45:02+00:00
2026-09-13,401872924,Jelani Woods,4241410,00-0037755,matched,game_id+gsis_player_id,AVAILABLE,AVAILABLE,AVAILABLE,AVAILABLE,AVAILABLE,,2026,1,NYJ,TEN,TE,,backup,2026-09-09T10:45:02+00:00
2026-09-13,401872924,Jeremy Ruckert,4361372,00-0037805,matched,game_id+gsis_player_id,AVAILABLE,AVAILABLE,AVAILABLE,AVAILABLE,AVAILABLE,,2026,1,NYJ,TEN,TE,,backup,2026-09-09T10:45:02+00:00
2026-09-13,401872924,Julius Chestnut,4367567,00-0037594,matched,game_id+gsis_player_id,AVAILABLE,AVAILABLE,AVAILABLE,AVAILABLE,AVAILABLE,AVAILABLE,2026,1,TEN,NYJ,RB,,backup,2026-09-09T10:45:02+00:00
2026-09-13,401872924,Kene Nwangwu,4035537,00-0036842,matched,game_id+gsis_player_id,AVAILABLE,AVAILABLE,AVAILABLE,AVAILABLE,AVAILABLE,,2026,1,NYJ,TEN,RB,,backup,2026-09-09T10:45:02+00:00
2026-09-13,401872924,Kenyon Sadiq,5083315,00-0041032,matched,game_id+gsis_player_id,AVAILABLE,AVAILABLE,AVAILABLE,AVAILABLE,AVAILABLE,AVAILABLE,2026,1,NYJ,TEN,TE,Questionable,backup,2026-09-09T10:45:02+00:00
2026-09-13,401872924,Kylen Granson,4039160,00-0036876,matched,game_id+gsis_player_id,AVAILABLE,AVAILABLE,AVAILABLE,AVAILABLE,,,2026,1,TEN,NYJ,TE,,backup,2026-09-09T10:45:02+00:00
2026-09-13,401872924,Mason Taylor,4808766,00-0040736,matched,game_id+gsis_player_id,AVAILABLE,AVAILABLE,AVAILABLE,AVAILABLE,AVAILABLE,AVAILABLE,2026,1,NYJ,TEN,TE,Active,starter,2026-09-09T10:45:02+00:00
2026-09-13,401872924,Nicholas Singleton,4685555,00-0040886,matched,game_id+gsis_player_id,AVAILABLE,AVAILABLE,AVAILABLE,AVAILABLE,AVAILABLE,,2026,1,TEN,NYJ,RB,Active,backup,2026-09-09T10:45:02+00:00
2026-09-13,401872924,Omar Cooper Jr.,4723820,00-0041511,matched,game_id+gsis_player_id,AVAILABLE,AVAILABLE,AVAILABLE,AVAILABLE,AVAILABLE,,2026,1,NYJ,TEN,WR,Active,backup,2026-09-09T10:45:02+00:00
2026-09-13,401872924,Tim Patrick,3134353,00-0033375,matched,game_id+gsis_player_id,AVAILABLE,AVAILABLE,AVAILABLE,AVAILABLE,AVAILABLE,,2026,1,NYJ,TEN,WR,,backup,2026-09-09T10:45:02+00:00
2026-09-13,401872924,Tony Pollard,3916148,00-0035261,matched,game_id+gsis_player_id,AVAILABLE,AVAILABLE,AVAILABLE,AVAILABLE,AVAILABLE,AVAILABLE,2026,1,TEN,NYJ,RB,Active,starter,2026-09-09T10:45:02+00:00
2026-09-13,401872924,Tyjae Spears,4428557,00-0039032,matched,game_id+gsis_player_id,AVAILABLE,AVAILABLE,AVAILABLE,AVAILABLE,AVAILABLE,AVAILABLE,2026,1,TEN,NYJ,RB,Active,backup,2026-09-09T10:45:02+00:00
2026-09-13,401872924,Wan'Dale Robinson,4569587,00-0038117,matched,game_id+gsis_player_id,AVAILABLE,AVAILABLE,AVAILABLE,AVAILABLE,AVAILABLE,AVAILABLE,2026,1,TEN,NYJ,WR,Questionable,backup,2026-09-09T10:45:02+00:00
2026-09-13,401872925,Andrei Iosivas,4368003,00-0038619,matched,game_id+gsis_player_id,AVAILABLE,AVAILABLE,AVAILABLE,AVAILABLE,AVAILABLE,AVAILABLE,2026,1,CIN,TB,WR,Active,backup,2026-09-09T10:45:02+00:00
2026-09-13,401872925,Baker Mayfield,3052587,00-0034855,matched,game_id+gsis_player_id,AVAILABLE,AVAILABLE,AVAILABLE,AVAILABLE,AVAILABLE,AVAILABLE,2026,1,TB,CIN,QB,Active,starter,2026-09-09T10:45:02+00:00
2026-09-13,401872925,Bucky Irving,4596448,00-0039361,matched,game_id+gsis_player_id,AVAILABLE,AVAILABLE,AVAILABLE,AVAILABLE,AVAILABLE,AVAILABLE,2026,1,TB,CIN,RB,Active,starter,2026-09-09T10:45:02+00:00
2026-09-13,401872925,Cade Otton,4243331,00-0038129,matched,game_id+gsis_player_id,AVAILABLE,AVAILABLE,AVAILABLE,AVAILABLE,AVAILABLE,AVAILABLE,2026,1,TB,CIN,TE,Active,starter,2026-09-09T10:45:02+00:00
2026-09-13,401872925,Chase Brown,4362238,00-0038597,matched,game_id+gsis_player_id,AVAILABLE,AVAILABLE,AVAILABLE,AVAILABLE,AVAILABLE,AVAILABLE,2026,1,CIN,TB,RB,Active,starter,2026-09-09T10:45:02+00:00
2026-09-13,401872925,Chris Godwin Jr.,3116165,00-0033921,matched,game_id+gsis_player_id,AVAILABLE,AVAILABLE,AVAILABLE,AVAILABLE,AVAILABLE,AVAILABLE,2026,1,TB,CIN,WR,Active,backup,2026-09-09T10:45:02+00:00
2026-09-13,401872925,Colbie Young,5092508,00-0041069,matched,game_id+gsis_player_id,AVAILABLE,AVAILABLE,AVAILABLE,AVAILABLE,AVAILABLE,AVAILABLE,2026,1,CIN,TB,WR,Active,backup,2026-09-09T10:45:02+00:00
2026-09-13,401872925,Dohnte Meyers,4384852,00-0040785,matched,game_id+gsis_player_id,AVAILABLE,AVAILABLE,AVAILABLE,AVAILABLE,AVAILABLE,,2026,1,CIN,TB,WR,Active,backup,2026-09-09T10:45:02+00:00
2026-09-13,401872925,Drew Sample,3127310,00-0035631,matched,game_id+gsis_player_id,AVAILABLE,AVAILABLE,AVAILABLE,AVAILABLE,AVAILABLE,AVAILABLE,2026,1,CIN,TB,TE,,backup,2026-09-09T10:45:02+00:00
2026-09-13,401872925,Emeka Egbuka,4567750,00-0040129,matched,game_id+gsis_player_id,AVAILABLE,AVAILABLE,AVAILABLE,AVAILABLE,AVAILABLE,AVAILABLE,2026,1,TB,CIN,WR,Questionable,starter,2026-09-09T10:45:02+00:00
2026-09-13,401872925,Erick All Jr.,4427834,00-0039814,matched,game_id+gsis_player_id,AVAILABLE,AVAILABLE,AVAILABLE,AVAILABLE,AVAILABLE,AVAILABLE,2026,1,CIN,TB,TE,Active,backup,2026-09-09T10:45:02+00:00
2026-09-13,401872925,Ja'Marr Chase,4362628,00-0036900,matched,game_id+gsis_player_id,AVAILABLE,AVAILABLE,AVAILABLE,AVAILABLE,AVAILABLE,AVAILABLE,2026,1,CIN,TB,WR,Questionable,starter,2026-09-09T10:45:02+00:00
2026-09-13,401872925,Jack Endries,5085189,00-0041116,matched,game_id+gsis_player_id,AVAILABLE,AVAILABLE,AVAILABLE,AVAILABLE,AVAILABLE,AVAILABLE,2026,1,CIN,TB,TE,Active,backup,2026-09-09T10:45:02+00:00
2026-09-13,401872925,Jalen McMillan,4430834,00-0039855,matched,game_id+gsis_player_id,AVAILABLE,AVAILABLE,AVAILABLE,AVAILABLE,AVAILABLE,AVAILABLE,2026,1,TB,CIN,WR,Questionable,backup,2026-09-09T10:45:02+00:00
2026-09-13,401872925,Joe Burrow,3915511,00-0036442,matched,game_id+gsis_player_id,AVAILABLE,AVAILABLE,AVAILABLE,AVAILABLE,AVAILABLE,AVAILABLE,2026,1,CIN,TB,QB,Active,starter,2026-09-09T10:45:02+00:00
2026-09-13,401872925,Ke'Shawn Williams,4570738,00-0040534,matched,game_id+gsis_player_id,AVAILABLE,AVAILABLE,AVAILABLE,AVAILABLE,AVAILABLE,,2026,1,CIN,TB,WR,,backup,2026-09-09T10:45:02+00:00
2026-09-13,401872925,Kenny Gainwell,4371733,00-0036919,matched,game_id+gsis_player_id,AVAILABLE,AVAILABLE,AVAILABLE,AVAILABLE,AVAILABLE,AVAILABLE,2026,1,TB,CIN,RB,Active,backup,2026-09-09T10:45:02+00:00
2026-09-13,401872925,Mike Gesicki,3116164,00-0034829,matched,game_id+gsis_player_id,AVAILABLE,AVAILABLE,AVAILABLE,AVAILABLE,AVAILABLE,AVAILABLE,2026,1,CIN,TB,TE,Active,starter,2026-09-09T10:45:02+00:00
2026-09-13,401872925,Payne Durham,4372505,00-0039050,matched,game_id+gsis_player_id,AVAILABLE,AVAILABLE,AVAILABLE,AVAILABLE,AVAILABLE,AVAILABLE,2026,1,TB,CIN,TE,,backup,2026-09-09T10:45:02+00:00
2026-09-13,401872925,Samaje Perine,3116389,00-0033526,matched,game_id+gsis_player_id,AVAILABLE,AVAILABLE,AVAILABLE,AVAILABLE,AVAILABLE,AVAILABLE,2026,1,CIN,TB,RB,Active,backup,2026-09-09T10:45:02+00:00
2026-09-13,401872925,Sean Tucker,4430871,00-0038951,matched,game_id+gsis_player_id,AVAILABLE,AVAILABLE,AVAILABLE,AVAILABLE,AVAILABLE,AVAILABLE,2026,1,TB,CIN,RB,Questionable,backup,2026-09-09T10:45:02+00:00
2026-09-13,401872925,Tahj Brooks,4429299,00-0040208,matched,game_id+gsis_player_id,AVAILABLE,AVAILABLE,AVAILABLE,AVAILABLE,AVAILABLE,AVAILABLE,2026,1,CIN,TB,RB,Active,backup,2026-09-09T10:45:02+00:00
2026-09-13,401872925,Ted Hurst III,5220680,00-0041048,matched,game_id+gsis_player_id,AVAILABLE,AVAILABLE,AVAILABLE,AVAILABLE,AVAILABLE,AVAILABLE,2026,1,TB,CIN,WR,Active,backup,2026-09-09T10:45:02+00:00
2026-09-13,401872925,Tee Higgins,4239993,00-0036410,matched,game_id+gsis_player_id,AVAILABLE,AVAILABLE,AVAILABLE,AVAILABLE,AVAILABLE,AVAILABLE,2026,1,CIN,TB,WR,Questionable,backup,2026-09-09T10:45:02+00:00
2026-09-13,401872925,Tez Johnson,4608810,00-0040237,matched,game_id+gsis_player_id,AVAILABLE,AVAILABLE,AVAILABLE,AVAILABLE,AVAILABLE,AVAILABLE,2026,1,TB,CIN,WR,Active,backup,2026-09-09T10:45:02+00:00
2026-09-13,401872926,Alec Ingold,3917668,00-0035125,matched,game_id+gsis_player_id,AVAILABLE,AVAILABLE,AVAILABLE,AVAILABLE,AVAILABLE,,2026,1,LAC,ARI,RB,,starter,2026-09-09T10:45:02+00:00
2026-09-13,401872926,Brenen Thompson,4685553,00-0041550,matched,game_id+gsis_player_id,AVAILABLE,AVAILABLE,AVAILABLE,AVAILABLE,AVAILABLE,,2026,1,LAC,ARI,WR,Questionable,backup,2026-09-09T10:45:02+00:00
2026-09-13,401872926,Charlie Kolar,4241263,00-0038046,matched,game_id+gsis_player_id,AVAILABLE,AVAILABLE,AVAILABLE,AVAILABLE,AVAILABLE,AVAILABLE,2026,1,LAC,ARI,TE,Active,starter,2026-09-09T10:45:02+00:00
2026-09-13,401872926,David Njoku,3123076,00-0033885,matched,game_id+gsis_player_id,AVAILABLE,AVAILABLE,AVAILABLE,AVAILABLE,AVAILABLE,AVAILABLE,2026,1,LAC,ARI,TE,Active,backup,2026-09-09T10:45:02+00:00
2026-09-13,401872926,Derius Davis,4362477,00-0038573,matched,game_id+gsis_player_id,AVAILABLE,AVAILABLE,AVAILABLE,AVAILABLE,AVAILABLE,,2026,1,LAC,ARI,WR,,backup,2026-09-09T10:45:02+00:00
2026-09-13,401872926,Devin Duvernay,4039050,00-0036331,matched,game_id+gsis_player_id,AVAILABLE,AVAILABLE,AVAILABLE,AVAILABLE,AVAILABLE,,2026,1,ARI,LAC,WR,,backup,2026-09-09T10:45:02+00:00
2026-09-13,401872926,Elijah Higgins,4426844,00-0039041,matched,game_id+gsis_player_id,AVAILABLE,AVAILABLE,AVAILABLE,AVAILABLE,AVAILABLE,,2026,1,ARI,LAC,TE,Active,backup,2026-09-09T10:45:02+00:00
2026-09-13,401872926,Hunter Long,4239944,00-0037004,matched,game_id+gsis_player_id,AVAILABLE,AVAILABLE,AVAILABLE,AVAILABLE,AVAILABLE,,2026,1,ARI,LAC,TE,Active,backup,2026-09-09T10:45:02+00:00
2026-09-13,401872926,Jacoby Brissett,2578570,00-0033119,matched,game_id+gsis_player_id,AVAILABLE,AVAILABLE,AVAILABLE,AVAILABLE,AVAILABLE,,2026,1,ARI,LAC,QB,Active,starter,2026-09-09T10:45:02+00:00
2026-09-13,401872926,Jeremiyah Love,4870808,00-0041027,matched,game_id+gsis_player_id,AVAILABLE,AVAILABLE,AVAILABLE,AVAILABLE,AVAILABLE,AVAILABLE,2026,1,ARI,LAC,RB,Questionable,starter,2026-09-09T10:45:02+00:00
2026-09-13,401872926,Justin Herbert,4038941,00-0036355,matched,game_id+gsis_player_id,AVAILABLE,AVAILABLE,AVAILABLE,AVAILABLE,AVAILABLE,AVAILABLE,2026,1,LAC,ARI,QB,Active,starter,2026-09-09T10:45:02+00:00
2026-09-13,401872926,KeAndre Lambert-Smith,4430870,00-0040184,matched,game_id+gsis_player_id,AVAILABLE,AVAILABLE,AVAILABLE,AVAILABLE,AVAILABLE,AVAILABLE,2026,1,LAC,ARI,WR,Active,backup,2026-09-09T10:45:02+00:00
2026-09-13,401872926,Keaton Mitchell,4596334,00-0038454,matched,game_id+gsis_player_id,AVAILABLE,AVAILABLE,AVAILABLE,AVAILABLE,AVAILABLE,AVAILABLE,2026,1,LAC,ARI,RB,Questionable,backup,2026-09-09T10:45:02+00:00
2026-09-13,401872926,Kendrick Bourne,3045523,00-0033307,matched,game_id+gsis_player_id,AVAILABLE,AVAILABLE,AVAILABLE,AVAILABLE,AVAILABLE,AVAILABLE,2026,1,ARI,LAC,WR,,backup,2026-09-09T10:45:02+00:00
2026-09-13,401872926,Kimani Vidal,4430968,00-0039391,matched,game_id+gsis_player_id,AVAILABLE,AVAILABLE,,,AVAILABLE,,2026,1,LAC,ARI,RB,Active,backup,2026-09-09T10:45:02+00:00
2026-09-13,401872926,Ladd McConkey,4612826,00-0039915,matched,game_id+gsis_player_id,AVAILABLE,AVAILABLE,AVAILABLE,AVAILABLE,AVAILABLE,AVAILABLE,2026,1,LAC,ARI,WR,Active,starter,2026-09-09T10:45:02+00:00
2026-09-13,401872926,Marvin Harrison Jr.,4432708,00-0039849,matched,game_id+gsis_player_id,AVAILABLE,AVAILABLE,AVAILABLE,AVAILABLE,AVAILABLE,AVAILABLE,2026,1,ARI,LAC,WR,Active,starter,2026-09-09T10:45:02+00:00
2026-09-13,401872926,Michael Wilson,4360761,00-0038559,matched,game_id+gsis_player_id,AVAILABLE,AVAILABLE,AVAILABLE,AVAILABLE,AVAILABLE,AVAILABLE,2026,1,ARI,LAC,WR,Active,backup,2026-09-09T10:45:02+00:00
2026-09-13,401872926,Omarion Hampton,4685382,00-0040666,matched,game_id+gsis_player_id,AVAILABLE,AVAILABLE,AVAILABLE,AVAILABLE,AVAILABLE,AVAILABLE,2026,1,LAC,ARI,RB,Active,starter,2026-09-09T10:45:02+00:00
2026-09-13,401872926,Oronde Gadsden,4595342,00-0040189,matched,game_id+gsis_player_id,AVAILABLE,AVAILABLE,AVAILABLE,AVAILABLE,AVAILABLE,AVAILABLE,2026,1,LAC,ARI,TE,Active,backup,2026-09-09T10:45:02+00:00
2026-09-13,401872926,Quentin Johnston,4429025,00-0038544,matched,game_id+gsis_player_id,AVAILABLE,AVAILABLE,AVAILABLE,AVAILABLE,AVAILABLE,AVAILABLE,2026,1,LAC,ARI,WR,Active,backup,2026-09-09T10:45:02+00:00
2026-09-13,401872926,Reggie Virgil,4869132,00-0041070,matched,game_id+gsis_player_id,AVAILABLE,AVAILABLE,AVAILABLE,AVAILABLE,AVAILABLE,,2026,1,ARI,LAC,WR,Active,backup,2026-09-09T10:45:02+00:00
2026-09-13,401872926,Simi Fehoko,4360739,00-0036646,matched,game_id+gsis_player_id,AVAILABLE,AVAILABLE,AVAILABLE,AVAILABLE,AVAILABLE,,2026,1,ARI,LAC,WR,,backup,2026-09-09T10:45:02+00:00
2026-09-13,401872926,Tre' Harris,4686612,00-0040727,matched,game_id+gsis_player_id,AVAILABLE,AVAILABLE,AVAILABLE,AVAILABLE,AVAILABLE,AVAILABLE,2026,1,LAC,ARI,WR,Questionable,backup,2026-09-09T10:45:02+00:00
2026-09-13,401872926,Trey McBride,4361307,00-0037744,matched,game_id+gsis_player_id,AVAILABLE,AVAILABLE,AVAILABLE,AVAILABLE,AVAILABLE,AVAILABLE,2026,1,ARI,LAC,TE,Active,starter,2026-09-09T10:45:02+00:00
2026-09-13,401872926,Tyler Allgeier,4373626,00-0037263,matched,game_id+gsis_player_id,AVAILABLE,AVAILABLE,AVAILABLE,AVAILABLE,AVAILABLE,AVAILABLE,2026,1,ARI,LAC,RB,Active,backup,2026-09-09T10:45:02+00:00
2026-09-13,401872927,Aaron Jones Sr.,3042519,00-0033293,matched,game_id+gsis_player_id,AVAILABLE,AVAILABLE,AVAILABLE,AVAILABLE,AVAILABLE,AVAILABLE,2026,1,MIN,GB,RB,Active,starter,2026-09-09T10:45:02+00:00
2026-09-13,401872927,Ben Yurosek,4433959,00-0040509,matched,game_id+gsis_player_id,AVAILABLE,AVAILABLE,AVAILABLE,AVAILABLE,AVAILABLE,,2026,1,MIN,GB,TE,,backup,2026-09-09T10:45:02+00:00
2026-09-13,401872927,Bo Melton,4259305,00-0037091,matched,game_id+gsis_player_id,AVAILABLE,AVAILABLE,AVAILABLE,AVAILABLE,AVAILABLE,,2026,1,GB,MIN,WR,Active,backup,2026-09-09T10:45:02+00:00
2026-09-13,401872927,Chris Brooks,3149687,00-0038685,matched,game_id+gsis_player_id,AVAILABLE,AVAILABLE,AVAILABLE,AVAILABLE,AVAILABLE,AVAILABLE,2026,1,GB,MIN,RB,Active,backup,2026-09-09T10:45:02+00:00
2026-09-13,401872927,Christian Watson,4248528,00-0038124,matched,game_id+gsis_player_id,AVAILABLE,AVAILABLE,AVAILABLE,AVAILABLE,AVAILABLE,AVAILABLE,2026,1,GB,MIN,WR,Active,starter,2026-09-09T10:45:02+00:00
2026-09-13,401872927,Demond Claiborne,4832846,00-0041104,matched,game_id+gsis_player_id,AVAILABLE,AVAILABLE,AVAILABLE,AVAILABLE,AVAILABLE,AVAILABLE,2026,1,MIN,GB,RB,Active,backup,2026-09-09T10:45:02+00:00
2026-09-13,401872927,Gavin Bartholomew,4708049,00-0040215,matched,game_id+gsis_player_id,AVAILABLE,AVAILABLE,AVAILABLE,AVAILABLE,AVAILABLE,,2026,1,MIN,GB,TE,Active,backup,2026-09-09T10:45:02+00:00
2026-09-13,401872927,J. Michael Sturdivant,4635009,00-0040948,matched,game_id+gsis_player_id,AVAILABLE,AVAILABLE,AVAILABLE,AVAILABLE,AVAILABLE,,2026,1,GB,MIN,WR,Active,backup,2026-09-09T10:45:02+00:00
2026-09-13,401872927,Jauan Jennings,3886598,00-0036259,matched,game_id+gsis_player_id,AVAILABLE,AVAILABLE,AVAILABLE,AVAILABLE,AVAILABLE,AVAILABLE,2026,1,MIN,GB,WR,Active,backup,2026-09-09T10:45:02+00:00
2026-09-13,401872927,Jayden Reed,4362249,00-0039146,matched,game_id+gsis_player_id,AVAILABLE,AVAILABLE,AVAILABLE,AVAILABLE,AVAILABLE,AVAILABLE,2026,1,GB,MIN,WR,Active,backup,2026-09-09T10:45:02+00:00
2026-09-13,401872927,Jonnu Smith,3054212,00-0033858,matched,game_id+gsis_player_id,AVAILABLE,AVAILABLE,AVAILABLE,AVAILABLE,AVAILABLE,,2026,1,GB,MIN,TE,Active,backup,2026-09-09T10:45:02+00:00
2026-09-13,401872927,Jordan Addison,4429205,00-0038994,matched,game_id+gsis_player_id,AVAILABLE,AVAILABLE,AVAILABLE,AVAILABLE,AVAILABLE,AVAILABLE,2026,1,MIN,GB,WR,Active,backup,2026-09-09T10:45:02+00:00
2026-09-13,401872927,Jordan Love,4036378,00-0036264,matched,game_id+gsis_player_id,AVAILABLE,AVAILABLE,AVAILABLE,AVAILABLE,AVAILABLE,AVAILABLE,2026,1,GB,MIN,QB,Active,starter,2026-09-09T10:45:02+00:00
2026-09-13,401872927,Jordan Mason,4360569,00-0037525,matched,game_id+gsis_player_id,AVAILABLE,AVAILABLE,AVAILABLE,AVAILABLE,AVAILABLE,AVAILABLE,2026,1,MIN,GB,RB,Active,backup,2026-09-09T10:45:02+00:00
2026-09-13,401872927,Josh Oliver,3921690,00-0035249,matched,game_id+gsis_player_id,AVAILABLE,AVAILABLE,AVAILABLE,AVAILABLE,AVAILABLE,AVAILABLE,2026,1,MIN,GB,TE,,backup,2026-09-09T10:45:02+00:00
2026-09-13,401872927,Josh Whyle,4360086,00-0038589,matched,game_id+gsis_player_id,AVAILABLE,AVAILABLE,AVAILABLE,AVAILABLE,AVAILABLE,,2026,1,GB,MIN,TE,,backup,2026-09-09T10:45:02+00:00
2026-09-13,401872927,Justin Jefferson,4262921,00-0036322,matched,game_id+gsis_player_id,AVAILABLE,AVAILABLE,AVAILABLE,AVAILABLE,AVAILABLE,AVAILABLE,2026,1,MIN,GB,WR,Active,starter,2026-09-09T10:45:02+00:00
2026-09-13,401872927,Kaleb Johnson,4819231,00-0040142,matched,game_id+gsis_player_id,AVAILABLE,AVAILABLE,AVAILABLE,AVAILABLE,AVAILABLE,AVAILABLE,2026,1,GB,MIN,RB,Active,backup,2026-09-09T10:45:02+00:00
2026-09-13,401872927,Kyler Murray,3917315,00-0035228,matched,game_id+gsis_player_id,AVAILABLE,AVAILABLE,AVAILABLE,AVAILABLE,AVAILABLE,AVAILABLE,2026,1,MIN,GB,QB,Active,starter,2026-09-09T10:45:02+00:00
2026-09-13,401872927,MarShawn Lloyd,4429023,00-0039811,matched,game_id+gsis_player_id,AVAILABLE,AVAILABLE,AVAILABLE,AVAILABLE,AVAILABLE,AVAILABLE,2026,1,GB,MIN,RB,Active,starter,2026-09-09T10:45:02+00:00
2026-09-13,401872927,Mark Redman,4431346,00-0040598,matched,game_id+gsis_player_id,AVAILABLE,AVAILABLE,AVAILABLE,AVAILABLE,AVAILABLE,,2026,1,GB,MIN,TE,Active,backup,2026-09-09T10:45:02+00:00
2026-09-13,401872927,Matthew Golden,4701936,00-0040667,matched,game_id+gsis_player_id,AVAILABLE,AVAILABLE,AVAILABLE,AVAILABLE,AVAILABLE,AVAILABLE,2026,1,GB,MIN,WR,Active,backup,2026-09-09T10:45:02+00:00
2026-09-13,401872927,Max Bredeson,4878695,00-0041081,matched,game_id+gsis_player_id,AVAILABLE,AVAILABLE,AVAILABLE,AVAILABLE,AVAILABLE,,2026,1,MIN,GB,RB,,starter,2026-09-09T10:45:02+00:00
2026-09-13,401872927,Myles Price,4430656,00-0040506,matched,game_id+gsis_player_id,AVAILABLE,AVAILABLE,AVAILABLE,AVAILABLE,AVAILABLE,AVAILABLE,2026,1,MIN,GB,WR,,backup,2026-09-09T10:45:02+00:00
2026-09-13,401872927,Skyy Moore,4430191,00-0038090,matched,game_id+gsis_player_id,AVAILABLE,AVAILABLE,AVAILABLE,AVAILABLE,AVAILABLE,,2026,1,GB,MIN,WR,,backup,2026-09-09T10:45:02+00:00
2026-09-13,401872927,T.J. Hockenson,4036133,00-0035229,matched,game_id+gsis_player_id,AVAILABLE,AVAILABLE,AVAILABLE,AVAILABLE,AVAILABLE,AVAILABLE,2026,1,MIN,GB,TE,Active,starter,2026-09-09T10:45:02+00:00
2026-09-13,401872927,Tai Felton,4565185,00-0040154,matched,game_id+gsis_player_id,AVAILABLE,AVAILABLE,AVAILABLE,AVAILABLE,AVAILABLE,,2026,1,MIN,GB,WR,,backup,2026-09-09T10:45:02+00:00
2026-09-13,401872927,Tucker Kraft,4572680,00-0038996,matched,game_id+gsis_player_id,AVAILABLE,AVAILABLE,AVAILABLE,AVAILABLE,AVAILABLE,AVAILABLE,2026,1,GB,MIN,TE,Questionable,starter,2026-09-09T10:45:02+00:00
2026-09-13,401872928,Ashton Jeanty,4890973,00-0040122,matched,game_id+gsis_player_id,AVAILABLE,AVAILABLE,AVAILABLE,AVAILABLE,AVAILABLE,AVAILABLE,2026,1,LV,MIA,RB,Questionable,starter,2026-09-09T10:45:02+00:00
2026-09-13,401872928,Brock Bowers,4432665,00-0039338,matched,game_id+gsis_player_id,AVAILABLE,AVAILABLE,AVAILABLE,AVAILABLE,AVAILABLE,AVAILABLE,2026,1,LV,MIA,TE,Active,starter,2026-09-09T10:45:02+00:00
2026-09-13,401872928,Caleb Douglas,4869645,00-0041523,matched,game_id+gsis_player_id,AVAILABLE,AVAILABLE,AVAILABLE,AVAILABLE,AVAILABLE,AVAILABLE,2026,1,MIA,LV,WR,Active,backup,2026-09-09T10:45:02+00:00
2026-09-13,401872928,Chris Bell,4869961,00-0041525,matched,game_id+gsis_player_id,AVAILABLE,AVAILABLE,AVAILABLE,AVAILABLE,AVAILABLE,AVAILABLE,2026,1,MIA,LV,WR,Active,backup,2026-09-09T10:45:02+00:00
2026-09-13,401872928,Connor Heyward,4241961,00-0037304,matched,game_id+gsis_player_id,AVAILABLE,AVAILABLE,AVAILABLE,AVAILABLE,AVAILABLE,AVAILABLE,2026,1,LV,MIA,RB,,starter,2026-09-09T10:45:02+00:00
2026-09-13,401872928,Dareke Young,4401805,00-0037093,matched,game_id+gsis_player_id,AVAILABLE,AVAILABLE,AVAILABLE,AVAILABLE,,,2026,1,LV,MIA,WR,,backup,2026-09-09T10:45:02+00:00
2026-09-13,401872928,De'Von Achane,4429160,00-0039040,matched,game_id+gsis_player_id,AVAILABLE,AVAILABLE,AVAILABLE,AVAILABLE,AVAILABLE,AVAILABLE,2026,1,MIA,LV,RB,Active,starter,2026-09-09T10:45:02+00:00
2026-09-13,401872928,Dylan Laube,4366963,00-0039407,matched,game_id+gsis_player_id,AVAILABLE,AVAILABLE,AVAILABLE,AVAILABLE,AVAILABLE,AVAILABLE,2026,1,LV,MIA,RB,,backup,2026-09-09T10:45:02+00:00
2026-09-13,401872928,Greg Dulcich,4367209,00-0037252,matched,game_id+gsis_player_id,AVAILABLE,AVAILABLE,AVAILABLE,AVAILABLE,AVAILABLE,AVAILABLE,2026,1,MIA,LV,TE,Active,starter,2026-09-09T10:45:02+00:00
2026-09-13,401872928,Ian Thomas,4045305,00-0034365,matched,game_id+gsis_player_id,AVAILABLE,AVAILABLE,AVAILABLE,AVAILABLE,AVAILABLE,,2026,1,LV,MIA,TE,,backup,2026-09-09T10:45:02+00:00
2026-09-13,401872928,Jack Bech,4603186,00-0040729,matched,game_id+gsis_player_id,AVAILABLE,AVAILABLE,AVAILABLE,AVAILABLE,AVAILABLE,AVAILABLE,2026,1,LV,MIA,WR,Active,backup,2026-09-09T10:45:02+00:00
2026-09-13,401872928,Jalen Nailor,4382466,00-0037291,matched,game_id+gsis_player_id,AVAILABLE,AVAILABLE,AVAILABLE,AVAILABLE,AVAILABLE,AVAILABLE,2026,1,LV,MIA,WR,Active,backup,2026-09-09T10:45:02+00:00
2026-09-13,401872928,Jalen Tolbert,4249417,00-0037666,matched,game_id+gsis_player_id,AVAILABLE,AVAILABLE,AVAILABLE,AVAILABLE,AVAILABLE,AVAILABLE,2026,1,MIA,LV,WR,Active,backup,2026-09-09T10:45:02+00:00
2026-09-13,401872928,Jaylen Wright,4682745,00-0039874,matched,game_id+gsis_player_id,AVAILABLE,AVAILABLE,AVAILABLE,AVAILABLE,AVAILABLE,AVAILABLE,2026,1,MIA,LV,RB,Active,backup,2026-09-09T10:45:02+00:00
2026-09-13,401872928,Justin Joly,4912052,00-0041077,matched,game_id+gsis_player_id,AVAILABLE,AVAILABLE,AVAILABLE,AVAILABLE,AVAILABLE,,2026,1,MIA,LV,TE,Active,backup,2026-09-09T10:45:02+00:00
2026-09-13,401872928,Kevin Coleman Jr.,4685307,00-0041529,matched,game_id+gsis_player_id,AVAILABLE,AVAILABLE,AVAILABLE,AVAILABLE,AVAILABLE,,2026,1,MIA,LV,WR,,backup,2026-09-09T10:45:02+00:00
2026-09-13,401872928,Kirk Cousins,14880,00-0029604,matched,game_id+gsis_player_id,AVAILABLE,AVAILABLE,AVAILABLE,AVAILABLE,AVAILABLE,,2026,1,LV,MIA,QB,Active,starter,2026-09-09T10:45:02+00:00
2026-09-13,401872928,Malik Benson,5150247,00-0040894,matched,game_id+gsis_player_id,AVAILABLE,AVAILABLE,AVAILABLE,AVAILABLE,AVAILABLE,AVAILABLE,2026,1,LV,MIA,WR,Active,backup,2026-09-09T10:45:02+00:00
2026-09-13,401872928,Malik Washington,4569603,00-0039880,matched,game_id+gsis_player_id,AVAILABLE,AVAILABLE,AVAILABLE,AVAILABLE,AVAILABLE,AVAILABLE,2026,1,MIA,LV,WR,Active,starter,2026-09-09T10:45:02+00:00
2026-09-13,401872928,Malik Willis,4242512,00-0038128,matched,game_id+gsis_player_id,AVAILABLE,AVAILABLE,AVAILABLE,AVAILABLE,AVAILABLE,AVAILABLE,2026,1,MIA,LV,QB,Active,starter,2026-09-09T10:45:02+00:00
2026-09-13,401872928,Michael Mayer,4429086,00-0039066,matched,game_id+gsis_player_id,AVAILABLE,AVAILABLE,AVAILABLE,AVAILABLE,AVAILABLE,AVAILABLE,2026,1,LV,MIA,TE,Active,backup,2026-09-09T10:45:02+00:00
2026-09-13,401872928,Ollie Gordon II,4711533,00-0040198,matched,game_id+gsis_player_id,AVAILABLE,AVAILABLE,AVAILABLE,AVAILABLE,AVAILABLE,AVAILABLE,2026,1,MIA,LV,RB,Questionable,backup,2026-09-09T10:45:02+00:00
2026-09-13,401872928,Ryan Miller,4369466,00-0038824,matched,game_id+gsis_player_id,AVAILABLE,AVAILABLE,AVAILABLE,AVAILABLE,AVAILABLE,,2026,1,MIA,LV,WR,,backup,2026-09-09T10:45:02+00:00
2026-09-13,401872928,Seydou Traore,4714379,00-0041579,matched,game_id+gsis_player_id,AVAILABLE,AVAILABLE,AVAILABLE,AVAILABLE,AVAILABLE,,2026,1,MIA,LV,TE,Active,backup,2026-09-09T10:45:02+00:00
2026-09-13,401872928,Tre Tucker,4428718,00-0038563,matched,game_id+gsis_player_id,AVAILABLE,AVAILABLE,AVAILABLE,AVAILABLE,AVAILABLE,AVAILABLE,2026,1,LV,MIA,WR,Active,starter,2026-09-09T10:45:02+00:00
2026-09-13,401872928,Will Kacmarek,4880236,00-0041524,matched,game_id+gsis_player_id,AVAILABLE,AVAILABLE,AVAILABLE,AVAILABLE,AVAILABLE,,2026,1,MIA,LV,TE,Questionable,backup,2026-09-09T10:45:02+00:00
2026-09-13,401872929,Antonio Williams,5081432,00-0041040,matched,game_id+gsis_player_id,AVAILABLE,AVAILABLE,AVAILABLE,AVAILABLE,AVAILABLE,AVAILABLE,2026,1,WSH,PHI,WR,Active,backup,2026-09-09T10:45:02+00:00
2026-09-13,401872929,Ben Sinnott,4690923,00-0039912,matched,game_id+gsis_player_id,AVAILABLE,AVAILABLE,AVAILABLE,AVAILABLE,AVAILABLE,,2026,1,WSH,PHI,TE,Questionable,backup,2026-09-09T10:45:02+00:00
2026-09-13,401872929,Chig Okonkwo,4360635,00-0037809,matched,game_id+gsis_player_id,AVAILABLE,AVAILABLE,AVAILABLE,AVAILABLE,AVAILABLE,AVAILABLE,2026,1,WSH,PHI,TE,Active,starter,2026-09-09T10:45:02+00:00
2026-09-13,401872929,Colson Yankoff,4361088,00-0039686,matched,game_id+gsis_player_id,AVAILABLE,AVAILABLE,AVAILABLE,AVAILABLE,AVAILABLE,,2026,1,WSH,PHI,TE,,backup,2026-09-09T10:45:02+00:00
2026-09-13,401872929,Dallas Goedert,3121023,00-0034351,matched,game_id+gsis_player_id,AVAILABLE,AVAILABLE,AVAILABLE,AVAILABLE,AVAILABLE,AVAILABLE,2026,1,PHI,WSH,TE,Active,starter,2026-09-09T10:45:02+00:00
2026-09-13,401872929,Darius Cooper,4715355,00-0040024,matched,game_id+gsis_player_id,AVAILABLE,AVAILABLE,AVAILABLE,AVAILABLE,AVAILABLE,,2026,1,PHI,WSH,WR,,backup,2026-09-09T10:45:02+00:00
2026-09-13,401872929,DeVonta Smith,4241478,00-0036912,matched,game_id+gsis_player_id,AVAILABLE,AVAILABLE,AVAILABLE,AVAILABLE,AVAILABLE,AVAILABLE,2026,1,PHI,WSH,WR,Active,starter,2026-09-09T10:45:02+00:00
2026-09-13,401872929,Dontayvion Wicks,4428850,00-0038393,matched,game_id+gsis_player_id,AVAILABLE,AVAILABLE,AVAILABLE,AVAILABLE,AVAILABLE,AVAILABLE,2026,1,PHI,WSH,WR,Active,backup,2026-09-09T10:45:02+00:00
2026-09-13,401872929,Dyami Brown,4361577,00-0036626,matched,game_id+gsis_player_id,AVAILABLE,AVAILABLE,AVAILABLE,AVAILABLE,AVAILABLE,,2026,1,WSH,PHI,WR,,backup,2026-09-09T10:45:02+00:00
2026-09-13,401872929,E.J. Jenkins,4248557,00-0038498,matched,game_id+gsis_player_id,AVAILABLE,,,,,,2026,1,PHI,WSH,TE,,backup,2026-09-09T10:45:02+00:00
2026-09-13,401872929,Eli Stowers,4431574,00-0041483,matched,game_id+gsis_player_id,AVAILABLE,AVAILABLE,AVAILABLE,AVAILABLE,AVAILABLE,,2026,1,PHI,WSH,TE,Questionable,backup,2026-09-09T10:45:02+00:00
2026-09-13,401872929,Elijah Moore,4372414,00-0036980,matched,game_id+gsis_player_id,AVAILABLE,AVAILABLE,AVAILABLE,AVAILABLE,AVAILABLE,,2026,1,PHI,WSH,WR,Active,backup,2026-09-09T10:45:02+00:00
2026-09-13,401872929,Hollywood Brown,4241372,00-0035662,matched,game_id+gsis_player_id,AVAILABLE,AVAILABLE,AVAILABLE,AVAILABLE,AVAILABLE,AVAILABLE,2026,1,PHI,WSH,WR,Active,backup,2026-09-09T10:45:02+00:00
2026-09-13,401872929,Jacory Croskey-Merritt,4575131,00-0040242,matched,game_id+gsis_player_id,AVAILABLE,AVAILABLE,AVAILABLE,AVAILABLE,AVAILABLE,AVAILABLE,2026,1,WSH,PHI,RB,Questionable,starter,2026-09-09T10:45:02+00:00
2026-09-13,401872929,Jalen Hurts,4040715,00-0036389,matched,game_id+gsis_player_id,AVAILABLE,AVAILABLE,AVAILABLE,AVAILABLE,AVAILABLE,AVAILABLE,2026,1,PHI,WSH,QB,Active,starter,2026-09-09T10:45:02+00:00
2026-09-13,401872929,Jayden Daniels,4426348,00-0039910,matched,game_id+gsis_player_id,AVAILABLE,AVAILABLE,AVAILABLE,AVAILABLE,AVAILABLE,AVAILABLE,2026,1,WSH,PHI,QB,Active,starter,2026-09-09T10:45:02+00:00
2026-09-13,401872929,Jaylin Lane,4602667,00-0040164,matched,game_id+gsis_player_id,AVAILABLE,AVAILABLE,AVAILABLE,AVAILABLE,AVAILABLE,,2026,1,WSH,PHI,WR,,backup,2026-09-09T10:45:02+00:00
2026-09-13,401872929,John Bates,4048228,00-0036628,matched,game_id+gsis_player_id,AVAILABLE,AVAILABLE,AVAILABLE,AVAILABLE,AVAILABLE,,2026,1,WSH,PHI,TE,,backup,2026-09-09T10:45:02+00:00
2026-09-13,401872929,Johnny Mundt,3052096,00-0033246,matched,game_id+gsis_player_id,AVAILABLE,AVAILABLE,AVAILABLE,AVAILABLE,AVAILABLE,,2026,1,PHI,WSH,TE,,backup,2026-09-09T10:45:02+00:00
2026-09-13,401872929,Kaytron Allen,4685246,00-0041096,matched,game_id+gsis_player_id,AVAILABLE,AVAILABLE,AVAILABLE,AVAILABLE,AVAILABLE,AVAILABLE,2026,1,WSH,PHI,RB,Active,backup,2026-09-09T10:45:02+00:00
2026-09-13,401872929,Luke McCaffrey,4426948,00-0039355,matched,game_id+gsis_player_id,AVAILABLE,AVAILABLE,AVAILABLE,AVAILABLE,AVAILABLE,,2026,1,WSH,PHI,WR,Active,backup,2026-09-09T10:45:02+00:00
2026-09-13,401872929,Makai Lemon,4870795,00-0040867,matched,game_id+gsis_player_id,AVAILABLE,AVAILABLE,AVAILABLE,AVAILABLE,AVAILABLE,AVAILABLE,2026,1,PHI,WSH,WR,Active,backup,2026-09-09T10:45:02+00:00
2026-09-13,401872929,Rachaad White,4697815,00-0037256,matched,game_id+gsis_player_id,AVAILABLE,AVAILABLE,AVAILABLE,AVAILABLE,AVAILABLE,AVAILABLE,2026,1,WSH,PHI,RB,Questionable,backup,2026-09-09T10:45:02+00:00
2026-09-13,401872929,Saquon Barkley,3929630,00-0034844,matched,game_id+gsis_player_id,AVAILABLE,AVAILABLE,AVAILABLE,AVAILABLE,AVAILABLE,AVAILABLE,2026,1,PHI,WSH,RB,Active,starter,2026-09-09T10:45:02+00:00
2026-09-13,401872929,Stefon Diggs,2976212,00-0031588,matched,game_id+gsis_player_id,AVAILABLE,AVAILABLE,AVAILABLE,AVAILABLE,AVAILABLE,AVAILABLE,2026,1,WSH,PHI,WR,Active,backup,2026-09-09T10:45:02+00:00
2026-09-13,401872929,Tank Bigsby,4429013,00-0038555,matched,game_id+gsis_player_id,AVAILABLE,AVAILABLE,AVAILABLE,AVAILABLE,AVAILABLE,AVAILABLE,2026,1,PHI,WSH,RB,Active,backup,2026-09-09T10:45:02+00:00
2026-09-13,401872929,Terry McLaurin,3121422,00-0035659,matched,game_id+gsis_player_id,AVAILABLE,AVAILABLE,AVAILABLE,AVAILABLE,AVAILABLE,AVAILABLE,2026,1,WSH,PHI,WR,Active,starter,2026-09-09T10:45:02+00:00
2026-09-13,401872929,Treylon Burks,4567156,00-0037742,matched,game_id+gsis_player_id,AVAILABLE,AVAILABLE,AVAILABLE,AVAILABLE,AVAILABLE,AVAILABLE,2026,1,WSH,PHI,WR,,backup,2026-09-09T10:45:02+00:00
2026-09-13,401872929,Will Shipley,4431545,00-0039746,matched,game_id+gsis_player_id,AVAILABLE,AVAILABLE,AVAILABLE,AVAILABLE,AVAILABLE,,2026,1,PHI,WSH,RB,,backup,2026-09-09T10:45:02+00:00
2026-09-14,401872930,Brevyn Spann-Ford,4360967,00-0039530,matched,game_id+gsis_player_id,AVAILABLE,AVAILABLE,AVAILABLE,AVAILABLE,AVAILABLE,AVAILABLE,2026,1,DAL,NYG,TE,,backup,2026-09-09T10:45:02+00:00
2026-09-14,401872930,Cam Skattebo,4696981,00-0040715,matched,game_id+gsis_player_id,AVAILABLE,AVAILABLE,AVAILABLE,AVAILABLE,AVAILABLE,AVAILABLE,2026,1,NYG,DAL,RB,Active,starter,2026-09-09T10:45:02+00:00
2026-09-14,401872930,Camden Brown,4808759,00-0040930,matched,game_id+gsis_player_id,AVAILABLE,AVAILABLE,AVAILABLE,AVAILABLE,AVAILABLE,,2026,1,DAL,NYG,WR,Active,backup,2026-09-09T10:45:02+00:00
2026-09-14,401872930,CeeDee Lamb,4241389,00-0036358,matched,game_id+gsis_player_id,AVAILABLE,AVAILABLE,AVAILABLE,AVAILABLE,AVAILABLE,AVAILABLE,2026,1,DAL,NYG,WR,Active,starter,2026-09-09T10:45:02+00:00
2026-09-14,401872930,Chris Manhertz,2531358,,unmatched,espn_id_not_in_player_crosswalk,AVAILABLE,AVAILABLE,AVAILABLE,AVAILABLE,AVAILABLE,,,,,,,,,
2026-09-14,401872930,Dak Prescott,2577417,00-0033077,matched,game_id+gsis_player_id,AVAILABLE,AVAILABLE,AVAILABLE,AVAILABLE,AVAILABLE,AVAILABLE,2026,1,DAL,NYG,QB,Active,starter,2026-09-09T10:45:02+00:00
2026-09-14,401872930,Darnell Mooney,4040655,00-0036309,matched,game_id+gsis_player_id,AVAILABLE,AVAILABLE,AVAILABLE,AVAILABLE,AVAILABLE,AVAILABLE,2026,1,NYG,DAL,WR,Active,backup,2026-09-09T10:45:02+00:00
2026-09-14,401872930,Devin Singletary,4040761,00-0035250,matched,game_id+gsis_player_id,AVAILABLE,AVAILABLE,AVAILABLE,AVAILABLE,AVAILABLE,AVAILABLE,2026,1,NYG,DAL,RB,Active,backup,2026-09-09T10:45:02+00:00
2026-09-14,401872930,Emari Demercado,4362478,00-0038705,matched,game_id+gsis_player_id,AVAILABLE,AVAILABLE,AVAILABLE,AVAILABLE,AVAILABLE,AVAILABLE,2026,1,DAL,NYG,RB,,backup,2026-09-09T10:45:02+00:00
2026-09-14,401872930,George Pickens,4426354,00-0037247,matched,game_id+gsis_player_id,AVAILABLE,AVAILABLE,AVAILABLE,AVAILABLE,AVAILABLE,AVAILABLE,2026,1,DAL,NYG,WR,Active,backup,2026-09-09T10:45:02+00:00
2026-09-14,401872930,Hunter Luepke,4383396,00-0038738,matched,game_id+gsis_player_id,AVAILABLE,AVAILABLE,AVAILABLE,AVAILABLE,AVAILABLE,,2026,1,DAL,NYG,RB,,starter,2026-09-09T10:45:02+00:00
2026-09-14,401872930,Isaiah Likely,4361050,00-0037838,matched,game_id+gsis_player_id,AVAILABLE,AVAILABLE,AVAILABLE,AVAILABLE,AVAILABLE,AVAILABLE,2026,1,NYG,DAL,TE,Active,starter,2026-09-09T10:45:02+00:00
2026-09-14,401872930,Jake Ferguson,4242355,00-0038041,matched,game_id+gsis_player_id,AVAILABLE,AVAILABLE,AVAILABLE,AVAILABLE,AVAILABLE,AVAILABLE,2026,1,DAL,NYG,TE,Active,starter,2026-09-09T10:45:02+00:00
2026-09-14,401872930,Javonte Williams,4361579,00-0036997,matched,game_id+gsis_player_id,AVAILABLE,AVAILABLE,AVAILABLE,AVAILABLE,AVAILABLE,AVAILABLE,2026,1,DAL,NYG,RB,Active,starter,2026-09-09T10:45:02+00:00
2026-09-14,401872930,Jaxson Dart,4689114,00-0040691,matched,game_id+gsis_player_id,AVAILABLE,AVAILABLE,AVAILABLE,AVAILABLE,AVAILABLE,AVAILABLE,2026,1,NYG,DAL,QB,Active,starter,2026-09-09T10:45:02+00:00
2026-09-14,401872930,Jonathan Mingo,4426485,00-0039062,matched,game_id+gsis_player_id,AVAILABLE,AVAILABLE,AVAILABLE,AVAILABLE,AVAILABLE,AVAILABLE,2026,1,DAL,NYG,WR,,backup,2026-09-09T10:45:02+00:00
2026-09-14,401872930,KaVontae Turpin,3676833,00-0037801,matched,game_id+gsis_player_id,AVAILABLE,AVAILABLE,AVAILABLE,AVAILABLE,AVAILABLE,,2026,1,DAL,NYG,WR,,backup,2026-09-09T10:45:02+00:00
2026-09-14,401872930,Luke Schoonmaker,4372096,00-0038547,matched,game_id+gsis_player_id,AVAILABLE,AVAILABLE,AVAILABLE,AVAILABLE,AVAILABLE,AVAILABLE,2026,1,DAL,NYG,TE,,backup,2026-09-09T10:45:02+00:00
2026-09-14,401872930,Malachi Fields,4682648,00-0041042,matched,game_id+gsis_player_id,AVAILABLE,AVAILABLE,AVAILABLE,AVAILABLE,AVAILABLE,AVAILABLE,2026,1,NYG,DAL,WR,Active,backup,2026-09-09T10:45:02+00:00
2026-09-14,401872930,Malik Davis,4240603,00-0037563,matched,game_id+gsis_player_id,AVAILABLE,AVAILABLE,AVAILABLE,AVAILABLE,AVAILABLE,AVAILABLE,2026,1,DAL,NYG,RB,Active,backup,2026-09-09T10:45:02+00:00
2026-09-14,401872930,Malik Nabers,4595348,00-0039337,matched,game_id+gsis_player_id,AVAILABLE,AVAILABLE,AVAILABLE,AVAILABLE,AVAILABLE,AVAILABLE,2026,1,NYG,DAL,WR,Questionable,starter,2026-09-09T10:45:02+00:00
2026-09-14,401872930,Najee Harris,4241457,00-0036893,matched,game_id+gsis_player_id,AVAILABLE,AVAILABLE,AVAILABLE,AVAILABLE,AVAILABLE,AVAILABLE,2026,1,NYG,DAL,RB,Active,backup,2026-09-09T10:45:02+00:00
2026-09-14,401872930,Odell Beckham Jr.,16733,00-0031235,matched,game_id+gsis_player_id,AVAILABLE,AVAILABLE,AVAILABLE,AVAILABLE,AVAILABLE,AVAILABLE,2026,1,NYG,DAL,WR,Active,backup,2026-09-09T10:45:02+00:00
2026-09-14,401872930,Ryan Flournoy,5083754,00-0039410,matched,game_id+gsis_player_id,AVAILABLE,AVAILABLE,AVAILABLE,AVAILABLE,AVAILABLE,AVAILABLE,2026,1,DAL,NYG,WR,Active,backup,2026-09-09T10:45:02+00:00
2026-09-14,401872930,Theo Johnson,4429148,00-0039847,matched,game_id+gsis_player_id,AVAILABLE,AVAILABLE,AVAILABLE,AVAILABLE,AVAILABLE,AVAILABLE,2026,1,NYG,DAL,TE,Questionable,backup,2026-09-09T10:45:02+00:00
2026-09-14,401872930,Thomas Fidone II,4590292,00-0040225,matched,game_id+gsis_player_id,AVAILABLE,AVAILABLE,AVAILABLE,AVAILABLE,AVAILABLE,,2026,1,NYG,DAL,TE,,backup,2026-09-09T10:45:02+00:00
2026-09-14,401872930,Tyrone Tracy Jr.,4360516,00-0039384,matched,game_id+gsis_player_id,AVAILABLE,AVAILABLE,AVAILABLE,AVAILABLE,AVAILABLE,AVAILABLE,2026,1,NYG,DAL,RB,Questionable,backup,2026-09-09T10:45:02+00:00
2026-09-15,401872931,Adam Trautman,3911853,00-0036422,matched,game_id+gsis_player_id,AVAILABLE,AVAILABLE,AVAILABLE,AVAILABLE,AVAILABLE,,2026,1,DEN,KC,TE,,backup,2026-09-09T10:45:02+00:00
2026-09-15,401872931,Bo Nix,4426338,00-0039732,matched,game_id+gsis_player_id,AVAILABLE,AVAILABLE,AVAILABLE,AVAILABLE,AVAILABLE,,2026,1,DEN,KC,QB,,starter,2026-09-09T10:45:02+00:00
2026-09-15,401872931,Brashard Smith,4596602,00-0040078,matched,game_id+gsis_player_id,AVAILABLE,AVAILABLE,AVAILABLE,AVAILABLE,AVAILABLE,,2026,1,KC,DEN,RB,Active,backup,2026-09-09T10:45:02+00:00
2026-09-15,401872931,Courtland Sutton,3128429,00-0034348,matched,game_id+gsis_player_id,AVAILABLE,AVAILABLE,AVAILABLE,AVAILABLE,AVAILABLE,,2026,1,DEN,KC,WR,Active,backup,2026-09-09T10:45:02+00:00
2026-09-15,401872931,Cyrus Allen,4912218,00-0040890,matched,game_id+gsis_player_id,AVAILABLE,AVAILABLE,AVAILABLE,AVAILABLE,AVAILABLE,,2026,1,KC,DEN,WR,Active,backup,2026-09-09T10:45:02+00:00
2026-09-15,401872931,Dallen Bentley,5159802,00-0041133,matched,game_id+gsis_player_id,AVAILABLE,AVAILABLE,AVAILABLE,AVAILABLE,AVAILABLE,,2026,1,DEN,KC,TE,,backup,2026-09-09T10:45:02+00:00
2026-09-15,401872931,Emmett Johnson,4832955,00-0041013,matched,game_id+gsis_player_id,AVAILABLE,AVAILABLE,AVAILABLE,AVAILABLE,AVAILABLE,,2026,1,KC,DEN,RB,Active,backup,2026-09-09T10:45:02+00:00
2026-09-15,401872931,Evan Engram,3051876,00-0033881,matched,game_id+gsis_player_id,AVAILABLE,AVAILABLE,AVAILABLE,AVAILABLE,AVAILABLE,,2026,1,DEN,KC,TE,Active,starter,2026-09-09T10:45:02+00:00
2026-09-15,401872931,J.K. Dobbins,4241985,00-0036158,matched,game_id+gsis_player_id,AVAILABLE,AVAILABLE,AVAILABLE,AVAILABLE,AVAILABLE,,2026,1,DEN,KC,RB,Active,starter,2026-09-09T10:45:02+00:00
2026-09-15,401872931,Jake Briningstool,4431196,00-0040081,matched,game_id+gsis_player_id,AVAILABLE,AVAILABLE,AVAILABLE,AVAILABLE,AVAILABLE,,2026,1,KC,DEN,TE,,backup,2026-09-09T10:45:02+00:00
2026-09-15,401872931,Jalen Royals,5082630,00-0040646,matched,game_id+gsis_player_id,AVAILABLE,AVAILABLE,AVAILABLE,AVAILABLE,AVAILABLE,,2026,1,KC,DEN,WR,,backup,2026-09-09T10:45:02+00:00
2026-09-15,401872931,Jared Wiley,4430723,00-0039824,matched,game_id+gsis_player_id,AVAILABLE,AVAILABLE,AVAILABLE,AVAILABLE,AVAILABLE,,2026,1,KC,DEN,TE,,backup,2026-09-09T10:45:02+00:00
2026-09-15,401872931,Jaylen Waddle,4372016,00-0036613,matched,game_id+gsis_player_id,AVAILABLE,AVAILABLE,AVAILABLE,AVAILABLE,AVAILABLE,,2026,1,DEN,KC,WR,Active,starter,2026-09-09T10:45:02+00:00
2026-09-15,401872931,Jonah Coleman,4702555,00-0041496,matched,game_id+gsis_player_id,AVAILABLE,AVAILABLE,AVAILABLE,AVAILABLE,AVAILABLE,,2026,1,DEN,KC,RB,Active,backup,2026-09-09T10:45:02+00:00
2026-09-15,401872931,Kenneth Walker III,4567048,00-0038134,matched,game_id+gsis_player_id,AVAILABLE,AVAILABLE,AVAILABLE,AVAILABLE,AVAILABLE,,2026,1,KC,DEN,RB,Active,starter,2026-09-09T10:45:02+00:00
2026-09-15,401872931,Lil'Jordan Humphrey,4039057,00-0035406,matched,game_id+gsis_player_id,AVAILABLE,AVAILABLE,AVAILABLE,AVAILABLE,AVAILABLE,,2026,1,DEN,KC,WR,,backup,2026-09-09T10:45:02+00:00
2026-09-15,401872931,Marvin Mims Jr.,4686472,00-0038976,matched,game_id+gsis_player_id,AVAILABLE,AVAILABLE,AVAILABLE,AVAILABLE,AVAILABLE,,2026,1,DEN,KC,WR,Questionable,backup,2026-09-09T10:45:02+00:00
2026-09-15,401872931,Nate Adkins,4383440,00-0038783,matched,game_id+gsis_player_id,AVAILABLE,AVAILABLE,AVAILABLE,AVAILABLE,AVAILABLE,,2026,1,DEN,KC,TE,Active,backup,2026-09-09T10:45:02+00:00
2026-09-15,401872931,Nikko Remigio,4372716,00-0038519,matched,game_id+gsis_player_id,AVAILABLE,AVAILABLE,AVAILABLE,AVAILABLE,AVAILABLE,,2026,1,KC,DEN,WR,,backup,2026-09-09T10:45:02+00:00
2026-09-15,401872931,Noah Gray,4240472,00-0036637,matched,game_id+gsis_player_id,AVAILABLE,AVAILABLE,AVAILABLE,AVAILABLE,AVAILABLE,,2026,1,KC,DEN,TE,Active,backup,2026-09-09T10:45:02+00:00
2026-09-15,401872931,Pat Bryant,4600981,00-0040134,matched,game_id+gsis_player_id,AVAILABLE,AVAILABLE,AVAILABLE,AVAILABLE,AVAILABLE,,2026,1,DEN,KC,WR,Active,backup,2026-09-09T10:45:02+00:00
2026-09-15,401872931,Patrick Mahomes,3139477,00-0033873,matched,game_id+gsis_player_id,AVAILABLE,AVAILABLE,AVAILABLE,AVAILABLE,AVAILABLE,,2026,1,KC,DEN,QB,Questionable,starter,2026-09-09T10:45:02+00:00
2026-09-15,401872931,RJ Harvey,4568490,00-0040730,matched,game_id+gsis_player_id,AVAILABLE,AVAILABLE,AVAILABLE,AVAILABLE,AVAILABLE,,2026,1,DEN,KC,RB,Active,backup,2026-09-09T10:45:02+00:00
2026-09-15,401872931,Rashee Rice,4428331,00-0039067,matched,game_id+gsis_player_id,AVAILABLE,AVAILABLE,AVAILABLE,AVAILABLE,AVAILABLE,,2026,1,KC,DEN,WR,Active,starter,2026-09-09T10:45:02+00:00
2026-09-15,401872931,Travis Kelce,15847,00-0030506,matched,game_id+gsis_player_id,AVAILABLE,AVAILABLE,AVAILABLE,AVAILABLE,AVAILABLE,,2026,1,KC,DEN,TE,Active,starter,2026-09-09T10:45:02+00:00
2026-09-15,401872931,Troy Franklin,4431280,00-0039868,matched,game_id+gsis_player_id,AVAILABLE,AVAILABLE,AVAILABLE,AVAILABLE,AVAILABLE,,2026,1,DEN,KC,WR,Active,backup,2026-09-09T10:45:02+00:00
2026-09-15,401872931,Tyquan Thornton,4362921,00-0038104,matched,game_id+gsis_player_id,AVAILABLE,AVAILABLE,AVAILABLE,AVAILABLE,AVAILABLE,,2026,1,KC,DEN,WR,Active,backup,2026-09-09T10:45:02+00:00
2026-09-15,401872931,Xavier Worthy,4683062,00-0039894,matched,game_id+gsis_player_id,AVAILABLE,AVAILABLE,AVAILABLE,AVAILABLE,AVAILABLE,,2026,1,KC,DEN,WR,Active,backup,2026-09-09T10:45:02+00:00
