game_date,game_id,player_name,actual_prop_total_passing_plus_rushing_yards,pick,pick_prob,over_prob,under_prob,prop_engine_pr,prop_engine_pr_low,prop_engine_pr_high,espn_player_id,prop_engine_player_id,actual_prop_total_rushing_plus_receiving_yards,prop_engine_rr,prop_engine_rr_low,prop_engine_rr_high,actual_prop_total_tackles,prop_engine_tackles,prop_engine_tackles_low,prop_engine_tackles_high,actual_prop_total_kicking_points,prop_engine_kicking_points,prop_engine_kicking_points_low,prop_engine_kicking_points_high,actual_prop_total_passing_yards,prop_engine_passing_yards,prop_engine_passing_yards_low,prop_engine_passing_yards_high,actual_prop_total_receiving_yards,prop_engine_receiving_yards,prop_engine_receiving_yards_low,prop_engine_receiving_yards_high,actual_prop_total_rushing_yards,prop_engine_rushing_yards,prop_engine_rushing_yards_low,prop_engine_rushing_yards_high
2026-09-10,401872656,Sam Darnold,236.5,under,0.5587,0.4413,0.5587,222.2,115.9,346.3,3912547,00-0034869,,,,,,,,,,,,,,,,,,,,,,,,
2026-09-11,401872657,Brock Purdy,260.5,under,0.5226,0.4774,0.5226,255,148.9,379.3,4361741,00-0037834,,,,,,,,,,,,,,,,,,,,,,,,
2026-09-13,401872658,Aaron Rodgers,220.5,over,0.5881,0.5881,0.4119,238.6,134.4,359.9,8439,00-0023459,,,,,,,,,,,,,,,,,,,,,,,,
2026-09-13,401872659,Daniel Jones,249.5,under,0.6095,0.3905,0.6095,223.2,119,344.4,3917792,00-0035710,,,,,,,,,,,,,,,,,,,,,,,,
2026-09-13,401872660,C.J. Stroud,234.5,over,0.5087,0.5087,0.4913,236.3,130,360.4,4432577,00-0039163,,,,,,,,,,,,,,,,,,,,,,,,
2026-09-13,401872660,Josh Allen,261.5,under,0.5870,0.4130,0.5870,240.2,133.9,364.4,3918298,00-0034857,,,,,,,,,,,,,,,,,,,,,,,,
2026-09-13,401872661,Bryce Young,227.5,under,0.5530,0.4470,0.5530,214.6,108.3,338.7,4685720,00-0039150,,,,,,,,,,,,,,,,,,,,,,,,
2026-09-13,401872661,Caleb Williams,253.5,under,0.5354,0.4646,0.5354,244.9,138.7,369.1,4431611,00-0039918,,,,,,,,,,,,,,,,,,,,,,,,
2026-09-13,401872922,Deshaun Watson,200.5,over,0.6221,0.6221,0.3779,226.3,120,350.4,3122840,00-0033537,,,,,,,,,,,,,,,,,,,,,,,,
2026-09-13,401872922,Trevor Lawrence,254.5,under,0.5460,0.4540,0.5460,243.3,137,367.4,4360310,00-0036971,,,,,,,,,,,,,,,,,,,,,,,,
2026-09-13,401872923,Tyler Shough,267.5,under,0.6800,0.3200,0.6800,222.2,116,346.3,4360689,00-0040743,,,,,,,,,,,,,,,,,,,,,,,,
2026-09-13,401872924,Cam Ward,215.5,over,0.5356,0.5356,0.4644,222.9,116.7,347.1,4688380,00-0040676,,,,,,,,,,,,,,,,,,,,,,,,
2026-09-13,401872924,Geno Smith,212.5,over,0.5191,0.5191,0.4809,216.4,112.2,337.7,15864,00-0030565,,,,,,,,,,,,,,,,,,,,,,,,
2026-09-13,401872925,Baker Mayfield,250.5,over,0.5111,0.5111,0.4889,252.8,146.5,376.9,3052587,00-0034855,,,,,,,,,,,,,,,,,,,,,,,,
2026-09-13,401872925,Joe Burrow,281.5,under,0.5754,0.4246,0.5754,263.1,156.8,387.2,3915511,00-0036442,,,,,,,,,,,,,,,,,,,,,,,,
2026-09-13,401872926,Jacoby Brissett,236.5,under,0.6187,0.3813,0.6187,207.9,103.7,329.2,2578570,00-0033119,,,,,,,,,,,,,,,,,,,,,,,,
2026-09-13,401872926,Justin Herbert,264.5,over,0.5288,0.5288,0.4712,270.5,164.2,394.6,4038941,00-0036355,,,,,,,,,,,,,,,,,,,,,,,,
2026-09-13,401872927,Jordan Love,252.5,under,0.6738,0.3262,0.6738,209.9,105.7,331.1,4036378,00-0036264,,,,,,,,,,,,,,,,,,,,,,,,
2026-09-13,401872927,Kyler Murray,246.5,under,0.5627,0.4373,0.5627,231.2,125.1,355.5,3917315,00-0035228,,,,,,,,,,,,,,,,,,,,,,,,
2026-09-13,401872928,Malik Willis,224.5,under,0.6582,0.3418,0.6582,185,78.8,309.2,4242512,00-0038128,,,,,,,,,,,,,,,,,,,,,,,,
2026-09-13,401872929,Jayden Daniels,239.5,under,0.6640,0.3360,0.6640,198.5,92.2,322.6,4426348,00-0039910,,,,,,,,,,,,,,,,,,,,,,,,
2026-09-14,401872930,Dak Prescott,273.5,under,0.5341,0.4659,0.5341,265.2,159.1,389.5,2577417,00-0033077,,,,,,,,,,,,,,,,,,,,,,,,
2026-09-14,401872930,Jaxson Dart,247.5,under,0.5975,0.4025,0.5975,223.6,117.3,347.7,4689114,00-0040691,,,,,,,,,,,,,,,,,,,,,,,,
2026-09-15,401872931,Bo Nix,248.5,over,0.5298,0.5298,0.4702,254.7,148.5,378.9,4426338,00-0039732,,,,,,,,,,,,,,,,,,,,,,,,
2026-09-15,401872931,Patrick Mahomes,248.5,under,0.5716,0.4284,0.5716,231,124.8,355.2,3139477,00-0033873,,,,,,,,,,,,,,,,,,,,,,,,
2026-09-10,401872656,Drake Maye,261.5,under,0.6189,0.3811,0.6189,232.2,125.9,356.3,4431452,00-0039851,,,,,,,,,,,,,,,,,,,,,,,,
2026-09-13,401872658,Tua Tagovailoa,213.5,under,0.5160,0.4840,0.5160,209.7,105.5,330.9,4241479,00-0036212,,,,,,,,,,,,,,,,,,,,,,,,
2026-09-13,401872659,Lamar Jackson,261.5,under,0.7113,0.2887,0.7113,207.5,101.2,331.7,3916387,00-0034796,,,,,,,,,,,,,,,,,,,,,,,,
2026-09-11,401872657,Matthew Stafford,263.5,over,0.5294,0.5294,0.4706,269.5,165.2,390.7,12483,00-0026498,,,,,,,,,,,,,,,,,,,,,,,,
2026-09-13,401872929,Jalen Hurts,246.5,under,0.5542,0.4458,0.5542,233.3,127,357.5,4040715,00-0036389,,,,,,,,,,,,,,,,,,,,,,,,
2026-09-10,401872656,George Holani,,under,0.7084,0.2916,0.7084,,,,4429835,00-0039299,34.5,8.9,-30.2,68.7,,,,,,,,,,,,,,,,,,,,
2026-09-10,401872656,Rhamondre Stevenson,,under,0.6953,0.3047,0.6953,,,,4569173,00-0036875,88.5,64.7,25.5,124.4,,,,,,,,,,,,,,,,,,,,
2026-09-11,401872657,Christian McCaffrey,,over,0.5728,0.5728,0.4272,,,,3117251,00-0033280,104.5,110.1,71,169.9,,,,,,,,,,,,,,,,,,,,
2026-09-11,401872657,Kyren Williams,,over,0.5481,0.5481,0.4519,,,,4430737,00-0037840,69.5,73.2,34,132.9,,,,,,,,,,,,,,,,,,,,
2026-09-13,401872658,Bijan Robinson,,under,0.6816,0.3184,0.6816,,,,4430807,00-0038542,119.5,97.5,58.3,157.2,,,,,,,,,,,,,,,,,,,,
2026-09-13,401872658,Jaylen Warren,,under,0.6165,0.3835,0.6165,,,,4569987,00-0037228,65.5,51.7,12.5,111.4,,,,,,,,,,,,,,,,,,,,
2026-09-13,401872658,Rico Dowdle,,under,0.6269,0.3731,0.6269,,,,4038815,00-0036139,60.5,45.4,6.2,105.2,,,,,,,,,,,,,,,,,,,,
2026-09-13,401872659,Derrick Henry,,under,0.5248,0.4752,0.5248,,,,3043078,00-0032764,89.5,86.6,47.4,146.3,,,,,,,,,,,,,,,,,,,,
2026-09-13,401872659,Jonathan Taylor,,under,0.6173,0.3827,0.6173,,,,4242335,00-0036223,98.5,84.6,45.4,144.3,,,,,,,,,,,,,,,,,,,,
2026-09-13,401872659,Justice Hill,,under,0.5935,0.4065,0.5935,,,,4038441,00-0034975,22.5,14.4,-13.5,58.3,,,,,,,,,,,,,,,,,,,,
2026-09-13,401872660,David Montgomery,,under,0.7322,0.2678,0.7322,,,,4035538,00-0035685,69.5,40.6,1.5,100.4,,,,,,,,,,,,,,,,,,,,
2026-09-13,401872660,James Cook III,,under,0.7254,0.2746,0.7254,,,,4379399,00-0037248,103.5,75.6,36.4,135.3,,,,,,,,,,,,,,,,,,,,
2026-09-13,401872660,Woody Marks,,over,0.5287,0.5287,0.4713,,,,4429059,00-0040583,43.5,45.7,6.5,105.5,,,,,,,,,,,,,,,,,,,,
2026-09-13,401872922,Bhayshul Tuten,,under,0.8277,0.1723,0.8277,,,,4882093,00-0040719,63.5,19.4,-19.8,79.2,,,,,,,,,,,,,,,,,,,,
2026-09-13,401872922,Quinshon Judkins,,under,0.6960,0.3040,0.6960,,,,4685702,00-0040784,70.5,46.6,7.4,106.3,,,,,,,,,,,,,,,,,,,,
2026-09-13,401872923,Jahmyr Gibbs,,under,0.7350,0.2650,0.7350,,,,4429795,00-0039139,121.5,92.2,53,152,,,,,,,,,,,,,,,,,,,,
2026-09-13,401872923,Travis Etienne Jr.,,under,0.6398,0.3602,0.6398,,,,4239996,00-0036973,78.5,61.8,22.7,121.6,,,,,,,,,,,,,,,,,,,,
2026-09-13,401872924,Breece Hall,,under,0.6130,0.3870,0.6130,,,,4427366,00-0038120,91.5,78.1,38.9,137.9,,,,,,,,,,,,,,,,,,,,
2026-09-13,401872924,Tony Pollard,,over,0.5130,0.5130,0.4870,,,,3916148,00-0035261,66.5,67.5,28.3,127.2,,,,,,,,,,,,,,,,,,,,
2026-09-13,401872924,Tyjae Spears,,under,0.5900,0.4100,0.5900,,,,4428557,00-0039032,45.5,34.9,-4.3,94.6,,,,,,,,,,,,,,,,,,,,
2026-09-13,401872925,Bucky Irving,,under,0.5791,0.4209,0.5791,,,,4596448,00-0039361,77.5,68.2,29.1,127.9,,,,,,,,,,,,,,,,,,,,
2026-09-13,401872925,Chase Brown,,under,0.5825,0.4175,0.5825,,,,4362238,00-0038597,90.5,80.8,41.6,140.5,,,,,,,,,,,,,,,,,,,,
2026-09-13,401872925,Kenny Gainwell,,under,0.5875,0.4125,0.5875,,,,4371733,00-0036919,51.5,41.2,2,100.9,,,,,,,,,,,,,,,,,,,,
2026-09-13,401872925,Samaje Perine,,under,0.5385,0.4615,0.5385,,,,3116389,00-0033526,28.5,24,-15.2,83.7,,,,,,,,,,,,,,,,,,,,
2026-09-13,401872926,Omarion Hampton,,over,0.5611,0.5611,0.4389,,,,4685382,00-0040666,85.5,90.2,51,149.9,,,,,,,,,,,,,,,,,,,,
2026-09-13,401872927,Aaron Jones Sr.,,over,0.8804,0.8804,0.1196,,,,3042519,00-0033293,46.5,82.5,43.3,142.2,,,,,,,,,,,,,,,,,,,,
2026-09-13,401872927,MarShawn Lloyd,,under,0.7369,0.2631,0.7369,,,,4429023,00-0039811,57.5,24.9,-17.9,90.8,,,,,,,,,,,,,,,,,,,,
2026-09-13,401872928,De'Von Achane,,under,0.6408,0.3592,0.6408,,,,4429160,00-0039040,104.5,87.7,48.5,147.4,,,,,,,,,,,,,,,,,,,,
2026-09-13,401872929,Rachaad White,,under,0.5832,0.4168,0.5832,,,,4697815,00-0037256,42.5,32.7,-6.4,92.5,,,,,,,,,,,,,,,,,,,,
2026-09-13,401872929,Saquon Barkley,,under,0.6567,0.3433,0.6567,,,,3929630,00-0034844,99.5,80.7,41.5,140.4,,,,,,,,,,,,,,,,,,,,
2026-09-14,401872930,Cam Skattebo,,under,0.6293,0.3707,0.6293,,,,4696981,00-0040715,68.5,53.1,13.9,112.9,,,,,,,,,,,,,,,,,,,,
2026-09-14,401872930,Javonte Williams,,under,0.7464,0.2536,0.7464,,,,4361579,00-0036997,92.5,61.6,22.4,121.3,,,,,,,,,,,,,,,,,,,,
2026-09-15,401872931,J.K. Dobbins,,over,0.5611,0.5611,0.4389,,,,4241985,00-0036158,59.5,64.2,25,124,,,,,,,,,,,,,,,,,,,,
2026-09-15,401872931,Kenneth Walker III,,under,0.7065,0.2935,0.7065,,,,4567048,00-0038134,82.5,57.2,18,116.9,,,,,,,,,,,,,,,,,,,,
2026-09-15,401872931,RJ Harvey,,over,0.5805,0.5805,0.4195,,,,4568490,00-0040730,39.5,45.7,6.6,105.4,,,,,,,,,,,,,,,,,,,,
2026-09-11,401872657,Deebo Samuel Sr.,,under,0.5215,0.4785,0.5215,,,,3126486,00-0035719,41.5,38.8,1.5,103.1,,,,,,,,,,,,,,,,,,,,
2026-09-11,401872657,Puka Nacua,,over,0.5857,0.5857,0.4143,,,,4426515,00-0039075,96.5,102.8,65.5,167,,,,,,,,,,,,,,,,,,,,
2026-09-13,401872661,D'Andre Swift,,under,0.5874,0.4126,0.5874,,,,4259545,00-0036275,81.5,71.2,32.1,131,,,,,,,,,,,,,,,,,,,,
2026-09-13,401872928,Ashton Jeanty,,over,0.6658,0.6658,0.3342,,,,4890973,00-0040122,79.5,92.6,53.4,152.3,,,,,,,,,,,,,,,,,,,,
2026-09-13,401872929,Jacory Croskey-Merritt,,over,0.5612,0.5612,0.4388,,,,4575131,00-0040242,51.5,56.2,17.1,115.9,,,,,,,,,,,,,,,,,,,,
2026-09-10,401872656,Christian Gonzalez,,over,0.5298,0.5298,0.4702,,,,4686772,00-0039147,,,,,3.5,4.0,1.3,7.5,,,,,,,,,,,,,,,,
2026-09-10,401872656,Craig Woodson,,over,0.8027,0.8027,0.1973,,,,4428930,00-0040716,,,,,2.5,4.6,1.9,8.1,,,,,,,,,,,,,,,,
2026-09-10,401872656,Devon Witherspoon,,over,0.7013,0.7013,0.2987,,,,4575431,00-0039169,,,,,4.5,5.9,3.3,9.4,,,,,,,,,,,,,,,,
2026-09-10,401872656,Josh Jobe,,under,0.5843,0.4157,0.5843,,,,4372020,00-0037137,,,,,3.5,3.4,0.8,7.0,,,,,,,,,,,,,,,,
2026-09-10,401872656,Julian Love,,over,0.7941,0.7941,0.2059,,,,4046675,00-0034974,,,,,3.5,5.5,2.9,9.0,,,,,,,,,,,,,,,,
2026-09-10,401872656,Kevin Byard,,over,0.8200,0.8200,0.1800,,,,2574056,00-0033132,,,,,3.5,5.7,3.0,9.1,,,,,,,,,,,,,,,,
2026-09-11,401872657,Deommodore Lenoir,,over,0.7047,0.7047,0.2953,,,,4242488,00-0036563,,,,,2.5,4.0,1.3,7.5,,,,,,,,,,,,,,,,
2026-09-11,401872657,Fred Warner,,under,0.5393,0.4607,0.5393,,,,3138826,00-0034815,,,,,4.5,4.6,1.6,8.5,,,,,,,,,,,,,,,,
2026-09-11,401872657,Ji'Ayir Brown,,over,0.8547,0.8547,0.1453,,,,4693644,00-0038554,,,,,2.5,5.0,2.2,8.4,,,,,,,,,,,,,,,,
2026-09-11,401872657,Kam Curl,,over,0.7752,0.7752,0.2248,,,,4242154,00-0036349,,,,,3.5,5.4,2.7,8.9,,,,,,,,,,,,,,,,
2026-09-11,401872657,Myles Garrett,,over,0.6327,0.6327,0.3673,,,,3122132,00-0033868,,,,,1.5,2.9,0.0,6.9,,,,,,,,,,,,,,,,
2026-09-11,401872657,Quentin Lake,,over,0.7450,0.7450,0.2550,,,,4249128,00-0037841,,,,,3.5,5.2,2.5,8.7,,,,,,,,,,,,,,,,
2026-09-11,401872657,Trent McDuffie,,over,0.7311,0.7311,0.2689,,,,4426405,00-0037191,,,,,2.5,3.8,1.6,6.5,,,,,,,,,,,,,,,,
2026-09-14,401872930,Caleb Downs,,over,0.6251,0.6251,0.3749,,,,4870706,00-0040865,,,,,2.5,3.7,0.8,7.5,,,,,,,,,,,,,,,,
2026-09-14,401872930,DaRon Bland,,over,0.8866,0.8866,0.1134,,,,4248911,00-0037275,,,,,2.5,5.3,2.6,8.8,,,,,,,,,,,,,,,,
2026-09-14,401872930,Jalen Thompson,,over,0.8163,0.8163,0.1837,,,,4043089,00-0035705,,,,,3.5,5.7,3.0,9.2,,,,,,,,,,,,,,,,
2026-09-14,401872930,Jevon Holland,,over,0.8906,0.8906,0.1094,,,,4373809,00-0036998,,,,,2.5,5.3,2.6,8.7,,,,,,,,,,,,,,,,
2026-09-14,401872930,Tyler Nubin,,over,0.8288,0.8288,0.1712,,,,4430261,00-0039861,,,,,3.5,5.8,3.1,9.3,,,,,,,,,,,,,,,,
2026-09-15,401872931,Alohi Gilman,,over,0.8167,0.8167,0.1833,,,,4039413,00-0036380,,,,,2.5,4.7,2.0,8.2,,,,,,,,,,,,,,,,
2026-09-15,401872931,Brandon Jones,,over,0.7292,0.7292,0.2708,,,,4039059,00-0036221,,,,,3.5,5.1,2.4,8.6,,,,,,,,,,,,,,,,
2026-09-15,401872931,Drue Tranquill,,over,0.9412,0.9412,0.0588,,,,3129310,00-0035262,,,,,2.5,6.4,3.4,10.4,,,,,,,,,,,,,,,,
2026-09-15,401872931,Mansoor Delane,,over,0.5464,0.5464,0.4536,,,,4880124,00-0041543,,,,,2.5,3.3,0.5,7.2,,,,,,,,,,,,,,,,
2026-09-15,401872931,Nick Bolton,,over,0.8068,0.8068,0.1932,,,,4362759,00-0036621,,,,,4.5,6.9,4.1,11.1,,,,,,,,,,,,,,,,
2026-09-15,401872931,Pat Surtain II,,over,0.5916,0.5916,0.4084,,,,4372012,00-0036874,,,,,2.5,3.4,0.8,6.9,,,,,,,,,,,,,,,,
2026-09-15,401872931,Talanoa Hufanga,,over,0.7604,0.7604,0.2396,,,,4360853,00-0036564,,,,,3.5,5.3,2.6,8.8,,,,,,,,,,,,,,,,
2026-09-13,401872923,Jake Bates,,under,0.6195,0.3805,0.6195,,,,4689936,00-0039172,,,,,,,,,8.5,7.1,2.1,13.0,,,,,,,,,,,,
2026-09-13,401872658,Chris Boswell,,under,0.6028,0.3972,0.6028,,,,17372,00-0031136,,,,,,,,,8.5,7.3,2.2,13.2,,,,,,,,,,,,
2026-09-13,401872658,Nick Folk,,over,0.6179,0.6179,0.3821,,,,10621,00-0025565,,,,,,,,,5.5,6.6,1.9,12.1,,,,,,,,,,,,
2026-09-13,401872922,Andre Szmyt,,over,0.7072,0.7072,0.2928,,,,4258620,00-0038428,,,,,,,,,4.5,6.5,1.8,12.0,,,,,,,,,,,,
2026-09-13,401872922,Cam Little,,under,0.6142,0.3858,0.6142,,,,4686361,00-0039409,,,,,,,,,8.5,7.3,2.8,12.6,,,,,,,,,,,,
2026-09-13,401872924,Joey Slye,,over,0.6230,0.6230,0.3770,,,,3124084,00-0035192,,,,,,,,,6.5,7.6,3.1,12.9,,,,,,,,,,,,
2026-09-13,401872926,Chad Ryland,,over,0.6487,0.6487,0.3513,,,,4363538,00-0038567,,,,,,,,,5.5,6.9,2.2,12.4,,,,,,,,,,,,
2026-09-14,401872930,Brandon Aubrey,,under,0.6533,0.3467,0.6533,,,,3953687,00-0037692,,,,,,,,,8.5,6.9,2.3,12.1,,,,,,,,,,,,
2026-09-10,401872656,Drake Maye,,under,0.5930,0.4070,0.5930,,,,4431452,00-0039851,,,,,,,,,,,,,231.5,212.0,118.5,318.2,,,,,,,,
2026-09-11,401872657,Brock Purdy,,over,0.5323,0.5323,0.4677,,,,4361741,00-0037834,,,,,,,,,,,,,236.5,242.4,149.0,348.7,,,,,,,,
2026-09-11,401872657,Matthew Stafford,,over,0.5273,0.5273,0.4727,,,,12483,00-0026498,,,,,,,,,,,,,261.5,266.5,173.0,372.7,,,,,,,,
2026-09-13,401872658,Aaron Rodgers,,over,0.5927,0.5927,0.4073,,,,8439,00-0023459,,,,,,,,,,,,,216.5,233.6,140.1,339.8,,,,,,,,
2026-09-13,401872658,Tua Tagovailoa,,under,0.5159,0.4841,0.5159,,,,4241479,00-0036212,,,,,,,,,,,,,208.5,205.2,111.7,311.4,,,,,,,,
2026-09-13,401872659,Daniel Jones,,under,0.6089,0.3911,0.6089,,,,3917792,00-0035710,,,,,,,,,,,,,234.5,211.6,118.1,317.8,,,,,,,,
2026-09-13,401872660,C.J. Stroud,,over,0.5246,0.5246,0.4754,,,,4432577,00-0039163,,,,,,,,,,,,,221.5,226.0,132.5,332.2,,,,,,,,
2026-09-13,401872660,Josh Allen,,under,0.5813,0.4187,0.5813,,,,3918298,00-0034857,,,,,,,,,,,,,224.5,207.5,114.0,313.7,,,,,,,,
2026-09-13,401872661,Bryce Young,,under,0.5509,0.4491,0.5509,,,,4685720,00-0039150,,,,,,,,,,,,,209.5,198.9,105.4,305.1,,,,,,,,
2026-09-13,401872922,Trevor Lawrence,,under,0.5236,0.4764,0.5236,,,,4360310,00-0036971,,,,,,,,,,,,,232.5,227.6,134.1,333.8,,,,,,,,
2026-09-13,401872923,Jared Goff,,under,0.6400,0.3600,0.6400,,,,3046779,00-0033106,,,,,,,,,,,,,262.5,232.8,139.3,339.0,,,,,,,,
2026-09-13,401872923,Tyler Shough,,under,0.6750,0.3250,0.6750,,,,4360689,00-0040743,,,,,,,,,,,,,246.5,208.9,115.5,315.1,,,,,,,,
2026-09-13,401872924,Geno Smith,,over,0.5393,0.5393,0.4607,,,,15864,00-0030565,,,,,,,,,,,,,203.5,210.7,117.2,316.9,,,,,,,,
2026-09-13,401872925,Baker Mayfield,,over,0.5578,0.5578,0.4422,,,,3052587,00-0034855,,,,,,,,,,,,,230.5,241.1,147.6,347.3,,,,,,,,
2026-09-13,401872925,Joe Burrow,,under,0.5595,0.4405,0.5595,,,,3915511,00-0036442,,,,,,,,,,,,,269.5,257.1,163.6,363.3,,,,,,,,
2026-09-13,401872926,Jacoby Brissett,,under,0.5916,0.4084,0.5916,,,,2578570,00-0033119,,,,,,,,,,,,,222.5,203.3,109.8,309.5,,,,,,,,
2026-09-13,401872926,Justin Herbert,,over,0.5863,0.5863,0.4137,,,,4038941,00-0036355,,,,,,,,,,,,,239.5,255.4,161.9,361.6,,,,,,,,
2026-09-13,401872927,Jordan Love,,under,0.6767,0.3233,0.6767,,,,4036378,00-0036264,,,,,,,,,,,,,239.5,201.5,108.0,307.7,,,,,,,,
2026-09-13,401872927,Kyler Murray,,under,0.5537,0.4463,0.5537,,,,3917315,00-0035228,,,,,,,,,,,,,219.5,208.3,114.9,314.6,,,,,,,,
2026-09-13,401872928,Kirk Cousins,,under,0.5192,0.4808,0.5192,,,,14880,00-0029604,,,,,,,,,,,,,206.5,202.5,109.0,308.7,,,,,,,,
2026-09-13,401872928,Malik Willis,,under,0.5514,0.4486,0.5514,,,,4242512,00-0038128,,,,,,,,,,,,,180.5,169.8,76.3,276.0,,,,,,,,
2026-09-13,401872929,Jalen Hurts,,under,0.5159,0.4841,0.5159,,,,4040715,00-0036389,,,,,,,,,,,,,209.5,206.2,112.7,312.4,,,,,,,,
2026-09-13,401872929,Jayden Daniels,,under,0.6698,0.3302,0.6698,,,,4426348,00-0039910,,,,,,,,,,,,,199.5,163.1,69.6,269.3,,,,,,,,
2026-09-14,401872930,Dak Prescott,,under,0.5351,0.4649,0.5351,,,,2577417,00-0033077,,,,,,,,,,,,,261.5,254.2,160.8,360.5,,,,,,,,
2026-09-14,401872930,Jaxson Dart,,under,0.5585,0.4415,0.5585,,,,4689114,00-0040691,,,,,,,,,,,,,211.5,199.3,105.8,305.5,,,,,,,,
2026-09-15,401872931,Bo Nix,,over,0.5584,0.5584,0.4416,,,,4426338,00-0039732,,,,,,,,,,,,,228.5,239.2,145.8,345.5,,,,,,,,
2026-09-15,401872931,Patrick Mahomes,,under,0.5666,0.4334,0.5666,,,,3139477,00-0033873,,,,,,,,,,,,,231.5,217.6,124.1,323.8,,,,,,,,
2026-09-13,401872661,Caleb Williams,,under,0.5014,0.4986,0.5014,,,,4431611,00-0039918,,,,,,,,,,,,,227.5,227.2,133.8,333.5,,,,,,,,
2026-09-13,401872924,Cam Ward,,over,0.5772,0.5772,0.4228,,,,4688380,00-0040676,,,,,,,,,,,,,202.5,216.7,123.2,322.9,,,,,,,,
2026-09-10,401872656,Sam Darnold,,under,0.5789,0.4211,0.5789,,,,3912547,00-0034869,,,,,,,,,,,,,228.5,212.0,118.5,318.2,,,,,,,,
2026-09-13,401872659,Lamar Jackson,,under,0.6693,0.3307,0.6693,,,,3916387,00-0034796,,,,,,,,,,,,,219.5,183.2,89.7,289.4,,,,,,,,
2026-09-13,401872922,Deshaun Watson,,over,0.6725,0.6725,0.3275,,,,3122840,00-0033537,,,,,,,,,,,,,177.5,210.1,116.6,316.3,,,,,,,,
2026-09-10,401872656,Cooper Kupp,,over,0.5821,0.5821,0.4179,,,,2977187,00-0033908,,,,,,,,,,,,,,,,,29.5,33.8,7.2,83.0,,,,
2026-09-10,401872656,DeMario Douglas,,under,0.7033,0.2967,0.7033,,,,4427095,00-0038621,,,,,,,,,,,,,,,,,20.5,8.5,-8.6,37.3,,,,
2026-09-10,401872656,George Holani,,under,0.6600,0.3400,0.6600,,,,4429835,00-0039299,,,,,,,,,,,,,,,,,10.5,1.2,-15.9,30.1,,,,
2026-09-10,401872656,Hunter Henry,,under,0.5959,0.4041,0.5959,,,,3046439,00-0033090,,,,,,,,,,,,,,,,,34.5,28.0,8.3,62.3,,,,
2026-09-10,401872656,Jaxon Smith-Njigba,,over,0.5802,0.5802,0.4198,,,,4430878,00-0038543,,,,,,,,,,,,,,,,,81.5,85.7,59.1,134.9,,,,
2026-09-10,401872656,Mack Hollins,,over,0.7469,0.7469,0.2531,,,,2991662,00-0033555,,,,,,,,,,,,,,,,,11.5,25.3,-1.3,74.5,,,,
2026-09-10,401872656,Rashid Shaheed,,under,0.7753,0.2247,0.7753,,,,4032473,00-0037545,,,,,,,,,,,,,,,,,31.5,14.5,-2.7,43.3,,,,
2026-09-10,401872656,Rhamondre Stevenson,,under,0.5706,0.4294,0.5706,,,,4569173,00-0036875,,,,,,,,,,,,,,,,,23.5,19.5,2.3,48.3,,,,
2026-09-10,401872656,Romeo Doubs,,under,0.5997,0.4003,0.5997,,,,4361432,00-0037816,,,,,,,,,,,,,,,,,35.5,25.8,-0.9,75.0,,,,
2026-09-11,401872657,Christian McCaffrey,,over,0.6681,0.6681,0.3319,,,,3117251,00-0033280,,,,,,,,,,,,,,,,,39.5,45.3,28.2,74.2,,,,
2026-09-11,401872657,Davante Adams,,under,0.5866,0.4134,0.5866,,,,16800,00-0031381,,,,,,,,,,,,,,,,,52.5,44.1,17.5,93.3,,,,
2026-09-11,401872657,De'Zhaun Stribling,,under,0.7473,0.2527,0.7473,,,,4710714,00-0041035,,,,,,,,,,,,,,,,,29.5,8.4,-14.2,49.0,,,,
2026-09-11,401872657,Deebo Samuel Sr.,,over,0.6429,0.6429,0.3571,,,,3126486,00-0035719,,,,,,,,,,,,,,,,,27.5,35.1,8.5,84.3,,,,
2026-09-11,401872657,Kyle Juszczyk,,over,0.6964,0.6964,0.3036,,,,16002,00-0029892,,,,,,,,,,,,,,,,,6.5,13.4,-3.8,42.2,,,,
2026-09-11,401872657,Kyren Williams,,over,0.6397,0.6397,0.3603,,,,4430737,00-0037840,,,,,,,,,,,,,,,,,10.5,15.3,-1.9,44.1,,,,
2026-09-11,401872657,Mike Evans,,over,0.7079,0.7079,0.2921,,,,16737,00-0031408,,,,,,,,,,,,,,,,,48.5,59.9,33.2,109.1,,,,
2026-09-11,401872657,Puka Nacua,,over,0.6935,0.6935,0.3065,,,,4426515,00-0039075,,,,,,,,,,,,,,,,,90.5,101.0,74.4,150.2,,,,
2026-09-11,401872657,Terrance Ferguson,,under,0.6987,0.3013,0.6987,,,,4570037,00-0040737,,,,,,,,,,,,,,,,,23.5,11.8,-5.3,40.6,,,,
2026-09-11,401872657,Tyler Higbee,,over,0.5622,0.5622,0.4378,,,,2573401,00-0033110,,,,,,,,,,,,,,,,,15.5,17.6,0.4,46.4,,,,
2026-09-13,401872658,DK Metcalf,,over,0.6063,0.6063,0.3937,,,,4047650,00-0035640,,,,,,,,,,,,,,,,,51.5,57.1,30.5,106.3,,,,
2026-09-13,401872658,Darnell Washington,,under,0.5967,0.4033,0.5967,,,,4430802,00-0038558,,,,,,,,,,,,,,,,,15.5,10.0,-7.2,38.8,,,,
2026-09-13,401872658,Drake London,,over,0.5802,0.5802,0.4198,,,,4426502,00-0037238,,,,,,,,,,,,,,,,,58.5,62.7,36.1,111.9,,,,
2026-09-13,401872658,Jaylen Warren,,under,0.6341,0.3659,0.6341,,,,4569987,00-0037228,,,,,,,,,,,,,,,,,17.5,9.8,-7.4,38.6,,,,
2026-09-13,401872658,Kyle Pitts Sr.,,over,0.6275,0.6275,0.3725,,,,4360248,00-0036970,,,,,,,,,,,,,,,,,38.5,43.5,23.8,77.7,,,,
2026-09-13,401872658,Michael Pittman Jr.,,under,0.6030,0.3970,0.6030,,,,4035687,00-0036252,,,,,,,,,,,,,,,,,39.5,29.5,2.8,78.6,,,,
2026-09-13,401872658,Pat Freiermuth,,over,0.5546,0.5546,0.4454,,,,4361411,00-0036894,,,,,,,,,,,,,,,,,26.5,28.6,9.0,62.9,,,,
2026-09-13,401872659,Alec Pierce,,under,0.5967,0.4033,0.5967,,,,4360078,00-0037664,,,,,,,,,,,,,,,,,45.5,40.0,22.8,68.8,,,,
2026-09-13,401872659,Derrick Henry,,over,0.6143,0.6143,0.3857,,,,3043078,00-0032764,,,,,,,,,,,,,,,,,6.5,10.4,-6.8,39.2,,,,
2026-09-13,401872659,Ja'Kobi Lane,,under,0.6467,0.3533,0.6467,,,,4870847,00-0040870,,,,,,,,,,,,,,,,,20.5,8.6,-14.1,49.1,,,,
2026-09-13,401872659,Josh Downs,,under,0.6682,0.3318,0.6682,,,,4688813,00-0038997,,,,,,,,,,,,,,,,,44.5,27.8,1.2,77.0,,,,
2026-09-13,401872659,Mark Andrews,,over,0.6563,0.6563,0.3437,,,,3116365,00-0034753,,,,,,,,,,,,,,,,,35.5,40.9,23.7,69.7,,,,
2026-09-13,401872659,Rashod Bateman,,under,0.6702,0.3298,0.6702,,,,4360939,00-0036550,,,,,,,,,,,,,,,,,26.5,16.6,-0.6,45.4,,,,
2026-09-13,401872659,Tyler Warren,,over,0.6057,0.6057,0.3943,,,,4431459,00-0040128,,,,,,,,,,,,,,,,,47.5,51.6,32.0,85.9,,,,
2026-09-13,401872659,Zay Flowers,,under,0.6247,0.3753,0.6247,,,,4429615,00-0039064,,,,,,,,,,,,,,,,,65.5,53.3,26.7,102.5,,,,
2026-09-13,401872660,Dalton Kincaid,,under,0.6670,0.3330,0.6670,,,,4385690,00-0038933,,,,,,,,,,,,,,,,,37.5,27.8,10.7,56.6,,,,
2026-09-13,401872660,David Montgomery,,under,0.5617,0.4383,0.5617,,,,4035538,00-0035685,,,,,,,,,,,,,,,,,10.5,7.0,-10.1,35.9,,,,
2026-09-13,401872660,Dawson Knox,,over,0.6590,0.6590,0.3410,,,,3930086,00-0035689,,,,,,,,,,,,,,,,,13.5,19.0,1.8,47.8,,,,
2026-09-13,401872660,James Cook III,,under,0.6172,0.3828,0.6172,,,,4379399,00-0037248,,,,,,,,,,,,,,,,,21.5,14.8,-2.4,43.6,,,,
2026-09-13,401872660,Kayshon Boutte,,under,0.5880,0.4120,0.5880,,,,4429022,00-0038608,,,,,,,,,,,,,,,,,26.5,21.5,4.3,50.3,,,,
2026-09-13,401872660,Nico Collins,,over,0.6137,0.6137,0.3863,,,,4258173,00-0036554,,,,,,,,,,,,,,,,,66.5,72.5,45.9,121.7,,,,
2026-09-13,401872660,Xavier Hutchinson,,under,0.5619,0.4381,0.5619,,,,4686422,00-0038618,,,,,,,,,,,,,,,,,17.5,14.0,-3.1,42.8,,,,
2026-09-13,401872661,Cole Kmet,,over,0.5826,0.5826,0.4174,,,,4258595,00-0036290,,,,,,,,,,,,,,,,,14.5,17.3,0.1,46.1,,,,
2026-09-13,401872661,Jalen Coker,,under,0.7125,0.2875,0.7125,,,,4695883,00-0039491,,,,,,,,,,,,,,,,,41.5,28.9,11.7,57.7,,,,
2026-09-13,401872661,Kalif Raymond,,under,0.6087,0.3913,0.6087,,,,2973405,00-0032464,,,,,,,,,,,,,,,,,15.5,9.3,-7.9,38.1,,,,
2026-09-13,401872661,Luther Burden III,,under,0.7167,0.2833,0.7167,,,,4685278,00-0040735,,,,,,,,,,,,,,,,,56.5,34.5,7.9,83.7,,,,
2026-09-13,401872661,Rome Odunze,,under,0.5662,0.4338,0.5662,,,,4431299,00-0039919,,,,,,,,,,,,,,,,,41.5,35.1,8.4,84.3,,,,
2026-09-13,401872661,Tetairoa McMillan,,under,0.6296,0.3704,0.6296,,,,4685472,00-0040124,,,,,,,,,,,,,,,,,60.5,47.8,21.1,97.0,,,,
2026-09-13,401872922,Bhayshul Tuten,,under,0.6341,0.3659,0.6341,,,,4882093,00-0040719,,,,,,,,,,,,,,,,,11.5,3.8,-13.4,32.6,,,,
2026-09-13,401872922,Brenton Strange,,under,0.6175,0.3825,0.6175,,,,4430539,00-0038935,,,,,,,,,,,,,,,,,34.5,26.5,6.9,60.8,,,,
2026-09-13,401872922,Brian Thomas Jr.,,over,0.6536,0.6536,0.3464,,,,4432773,00-0039893,,,,,,,,,,,,,,,,,38.5,46.7,20.1,95.9,,,,
2026-09-13,401872922,Denzel Boston,,under,0.7193,0.2807,0.7193,,,,4832800,00-0041037,,,,,,,,,,,,,,,,,24.5,6.1,-16.5,46.7,,,,
2026-09-13,401872922,Harold Fannin Jr.,,over,0.6986,0.6986,0.3014,,,,5083076,00-0040663,,,,,,,,,,,,,,,,,34.5,42.5,22.8,76.7,,,,
2026-09-13,401872922,Jerry Jeudy,,over,0.6375,0.6375,0.3625,,,,4241463,00-0036407,,,,,,,,,,,,,,,,,32.5,39.8,13.2,89.0,,,,
2026-09-13,401872922,KC Concepcion,,under,0.7809,0.2191,0.7809,,,,4870653,00-0041547,,,,,,,,,,,,,,,,,33.5,9.0,-13.7,49.5,,,,
2026-09-13,401872922,Parker Washington,,under,0.6606,0.3394,0.6606,,,,4432620,00-0038606,,,,,,,,,,,,,,,,,53.5,37.6,11.0,86.8,,,,
2026-09-13,401872922,Quinshon Judkins,,over,0.5971,0.5971,0.4029,,,,4685702,00-0040784,,,,,,,,,,,,,,,,,9.5,12.8,-4.4,41.6,,,,
2026-09-13,401872923,Amon-Ra St. Brown,,under,0.6606,0.3394,0.6606,,,,4374302,00-0036963,,,,,,,,,,,,,,,,,76.5,60.6,34.0,109.8,,,,
2026-09-13,401872923,Chris Olave,,over,0.6660,0.6660,0.3340,,,,4361370,00-0037239,,,,,,,,,,,,,,,,,76.5,85.4,58.8,134.6,,,,
2026-09-13,401872923,Devaughn Vele,,under,0.6358,0.3642,0.6358,,,,4569559,00-0039424,,,,,,,,,,,,,,,,,39.5,26.2,-0.5,75.3,,,,
2026-09-13,401872923,Jahmyr Gibbs,,over,0.6285,0.6285,0.3715,,,,4429795,00-0039139,,,,,,,,,,,,,,,,,30.5,34.9,17.7,63.7,,,,
2026-09-13,401872923,Jameson Williams,,under,0.6739,0.3261,0.6739,,,,4426388,00-0037240,,,,,,,,,,,,,,,,,58.5,41.2,14.6,90.4,,,,
2026-09-13,401872924,Carnell Tate,,under,0.7553,0.2447,0.7553,,,,4871023,00-0041438,,,,,,,,,,,,,,,,,38.5,16.6,-6.1,57.2,,,,
2026-09-13,401872924,Garrett Wilson,,under,0.7132,0.2868,0.7132,,,,4569618,00-0037740,,,,,,,,,,,,,,,,,62.5,40.9,14.3,90.1,,,,
2026-09-13,401872924,Gunnar Helm,,over,0.5768,0.5768,0.4232,,,,4686728,00-0040584,,,,,,,,,,,,,,,,,22.5,25.1,7.9,53.9,,,,
2026-09-13,401872924,Mason Taylor,,over,0.6709,0.6709,0.3291,,,,4808766,00-0040736,,,,,,,,,,,,,,,,,19.5,26.3,6.6,60.6,,,,
2026-09-13,401872924,Wan'Dale Robinson,,under,0.6128,0.3872,0.6128,,,,4569587,00-0038117,,,,,,,,,,,,,,,,,42.5,31.5,4.9,80.7,,,,
2026-09-13,401872925,Bucky Irving,,over,0.5977,0.5977,0.4023,,,,4596448,00-0039361,,,,,,,,,,,,,,,,,13.5,16.8,-0.3,45.6,,,,
2026-09-13,401872925,Cade Otton,,under,0.5828,0.4172,0.5828,,,,4243331,00-0038129,,,,,,,,,,,,,,,,,31.5,26.8,9.6,55.6,,,,
2026-09-13,401872925,Emeka Egbuka,,under,0.5611,0.4389,0.5611,,,,4567750,00-0040129,,,,,,,,,,,,,,,,,57.5,51.6,25.0,100.8,,,,
2026-09-13,401872925,Ja'Marr Chase,,under,0.5652,0.4348,0.5652,,,,4362628,00-0036900,,,,,,,,,,,,,,,,,85.5,79.2,52.6,128.4,,,,
2026-09-13,401872925,Jalen McMillan,,under,0.5539,0.4461,0.5539,,,,4430834,00-0039855,,,,,,,,,,,,,,,,,34.5,29.3,2.6,78.5,,,,
2026-09-13,401872925,Kenny Gainwell,,under,0.6223,0.3777,0.6223,,,,4371733,00-0036919,,,,,,,,,,,,,,,,,23.5,16.5,-0.7,45.3,,,,
2026-09-13,401872925,Tee Higgins,,under,0.6748,0.3252,0.6748,,,,4239993,00-0036410,,,,,,,,,,,,,,,,,63.5,46.1,19.5,95.3,,,,
2026-09-13,401872926,Charlie Kolar,,under,0.6341,0.3659,0.6341,,,,4241263,00-0038046,,,,,,,,,,,,,,,,,16.5,8.8,-8.4,37.6,,,,
2026-09-13,401872926,Kendrick Bourne,,under,0.5949,0.4051,0.5949,,,,3045523,00-0033307,,,,,,,,,,,,,,,,,18.5,13.1,-4.0,41.9,,,,
2026-09-13,401872926,Ladd McConkey,,under,0.6206,0.3794,0.6206,,,,4612826,00-0039915,,,,,,,,,,,,,,,,,58.5,51.6,34.4,80.4,,,,
2026-09-13,401872926,Marvin Harrison Jr.,,under,0.7863,0.2137,0.7863,,,,4432708,00-0039849,,,,,,,,,,,,,,,,,47.5,29.6,12.5,58.5,,,,
2026-09-13,401872926,Quentin Johnston,,under,0.6048,0.3952,0.6048,,,,4429025,00-0038544,,,,,,,,,,,,,,,,,42.5,32.3,5.7,81.5,,,,
2026-09-13,401872926,Tre' Harris,,under,0.7095,0.2905,0.7095,,,,4686612,00-0040727,,,,,,,,,,,,,,,,,26.5,14.1,-3.0,42.9,,,,
2026-09-13,401872926,Trey McBride,,over,0.5748,0.5748,0.4252,,,,4361307,00-0037744,,,,,,,,,,,,,,,,,56.5,59.4,39.7,93.6,,,,
2026-09-13,401872927,Aaron Jones Sr.,,over,0.6886,0.6886,0.3114,,,,3042519,00-0033293,,,,,,,,,,,,,,,,,14.5,21.1,3.9,49.9,,,,
2026-09-13,401872927,Jayden Reed,,under,0.6020,0.3980,0.6020,,,,4362249,00-0039146,,,,,,,,,,,,,,,,,43.5,33.6,6.9,82.7,,,,
2026-09-13,401872927,Jordan Addison,,under,0.7363,0.2637,0.7363,,,,4429205,00-0038994,,,,,,,,,,,,,,,,,42.5,28.3,11.1,57.1,,,,
2026-09-13,401872927,Justin Jefferson,,under,0.6606,0.3394,0.6606,,,,4262921,00-0036322,,,,,,,,,,,,,,,,,74.5,58.6,31.9,107.8,,,,
2026-09-13,401872927,MarShawn Lloyd,,under,0.5654,0.4346,0.5654,,,,4429023,00-0039811,,,,,,,,,,,,,,,,,10.5,6.4,-12.2,38.3,,,,
2026-09-13,401872927,Matthew Golden,,under,0.8490,0.1510,0.8490,,,,4701936,00-0040667,,,,,,,,,,,,,,,,,39.5,16.3,-0.8,45.1,,,,
2026-09-13,401872927,Tucker Kraft,,under,0.5770,0.4230,0.5770,,,,4572680,00-0038996,,,,,,,,,,,,,,,,,44.5,39.3,19.6,73.6,,,,
2026-09-13,401872928,Brock Bowers,,under,0.7078,0.2922,0.7078,,,,4432665,00-0039338,,,,,,,,,,,,,,,,,65.5,50.9,31.2,85.1,,,,
2026-09-13,401872928,Caleb Douglas,,under,0.7086,0.2914,0.7086,,,,4869645,00-0041523,,,,,,,,,,,,,,,,,27.5,10.1,-12.5,50.7,,,,
2026-09-13,401872928,Greg Dulcich,,over,0.6257,0.6257,0.3743,,,,4367209,00-0037252,,,,,,,,,,,,,,,,,26.5,30.8,13.6,59.6,,,,
2026-09-13,401872928,Jalen Nailor,,under,0.8295,0.1705,0.8295,,,,4382466,00-0037291,,,,,,,,,,,,,,,,,37.5,16.1,-1.1,44.9,,,,
2026-09-13,401872928,Malik Washington,,under,0.5898,0.4102,0.5898,,,,4569603,00-0039880,,,,,,,,,,,,,,,,,26.5,21.4,4.2,50.2,,,,
2026-09-13,401872928,Michael Mayer,,under,0.7099,0.2901,0.7099,,,,4429086,00-0039066,,,,,,,,,,,,,,,,,40.5,25.7,6.0,60.0,,,,
2026-09-13,401872929,Dallas Goedert,,over,0.6543,0.6543,0.3457,,,,3121023,00-0034351,,,,,,,,,,,,,,,,,35.5,41.6,21.9,75.8,,,,
2026-09-13,401872929,DeVonta Smith,,under,0.5886,0.4114,0.5886,,,,4241478,00-0036912,,,,,,,,,,,,,,,,,67.5,58.9,32.2,108.1,,,,
2026-09-13,401872929,Dontayvion Wicks,,under,0.8011,0.1989,0.8011,,,,4428850,00-0038393,,,,,,,,,,,,,,,,,29.5,10.5,-6.6,39.3,,,,
2026-09-13,401872929,Makai Lemon,,under,0.6977,0.3023,0.6977,,,,4870795,00-0040867,,,,,,,,,,,,,,,,,22.5,6.1,-16.5,46.7,,,,
2026-09-13,401872929,Rachaad White,,under,0.5773,0.4227,0.5773,,,,4697815,00-0037256,,,,,,,,,,,,,,,,,14.5,10.1,-7.0,39.0,,,,
2026-09-13,401872929,Saquon Barkley,,under,0.5654,0.4346,0.5654,,,,3929630,00-0034844,,,,,,,,,,,,,,,,,16.5,12.8,-4.4,41.6,,,,
2026-09-13,401872929,Terry McLaurin,,over,0.5930,0.5930,0.4070,,,,3121422,00-0035659,,,,,,,,,,,,,,,,,49.5,54.4,27.7,103.5,,,,
2026-09-14,401872930,CeeDee Lamb,,under,0.6138,0.3862,0.6138,,,,4241389,00-0036358,,,,,,,,,,,,,,,,,75.5,64.4,37.8,113.6,,,,
2026-09-14,401872930,George Pickens,,under,0.6997,0.3003,0.6997,,,,4426354,00-0037247,,,,,,,,,,,,,,,,,67.5,47.4,20.7,96.6,,,,
2026-09-14,401872930,Isaiah Likely,,under,0.7185,0.2815,0.7185,,,,4361050,00-0037838,,,,,,,,,,,,,,,,,35.5,22.5,5.3,51.3,,,,
2026-09-14,401872930,Jake Ferguson,,over,0.5566,0.5566,0.4434,,,,4242355,00-0038041,,,,,,,,,,,,,,,,,28.5,30.4,13.3,59.2,,,,
2026-09-14,401872930,Malachi Fields,,under,0.6361,0.3639,0.6361,,,,4682648,00-0041042,,,,,,,,,,,,,,,,,20.5,9.5,-13.2,50.0,,,,
2026-09-14,401872930,Malik Nabers,,over,0.6459,0.6459,0.3541,,,,4595348,00-0039337,,,,,,,,,,,,,,,,,59.5,67.3,40.6,116.5,,,,
2026-09-15,401872931,Adam Trautman,,over,0.6143,0.6143,0.3857,,,,3911853,00-0036422,,,,,,,,,,,,,,,,,8.5,12.4,-4.8,41.2,,,,
2026-09-15,401872931,Evan Engram,,over,0.6859,0.6859,0.3141,,,,3051876,00-0033881,,,,,,,,,,,,,,,,,22.5,29.0,11.8,57.8,,,,
2026-09-15,401872931,J.K. Dobbins,,over,0.6029,0.6029,0.3971,,,,4241985,00-0036158,,,,,,,,,,,,,,,,,4.5,8.0,-9.2,36.8,,,,
2026-09-15,401872931,Jaylen Waddle,,under,0.7583,0.2417,0.7583,,,,4372016,00-0036613,,,,,,,,,,,,,,,,,56.5,29.6,3.0,78.8,,,,
2026-09-15,401872931,Kenneth Walker III,,under,0.5967,0.4033,0.5967,,,,4567048,00-0038134,,,,,,,,,,,,,,,,,17.5,12.0,-5.2,40.8,,,,
2026-09-15,401872931,RJ Harvey,,over,0.5625,0.5625,0.4375,,,,4568490,00-0040730,,,,,,,,,,,,,,,,,16.5,18.6,1.5,47.4,,,,
2026-09-15,401872931,Travis Kelce,,under,0.5977,0.4023,0.5977,,,,15847,00-0030506,,,,,,,,,,,,,,,,,43.5,36.9,17.2,71.1,,,,
2026-09-15,401872931,Tyquan Thornton,,under,0.5967,0.4033,0.5967,,,,4362921,00-0038104,,,,,,,,,,,,,,,,,20.5,15.0,-2.2,43.8,,,,
2026-09-15,401872931,Xavier Worthy,,under,0.7095,0.2905,0.7095,,,,4683062,00-0039894,,,,,,,,,,,,,,,,,37.5,25.1,7.9,53.9,,,,
2026-09-10,401872656,Elijah Arroyo,,under,0.5967,0.4033,0.5967,,,,4678006,00-0040739,,,,,,,,,,,,,,,,,10.5,5.0,-12.1,33.8,,,,
2026-09-13,401872661,Colston Loveland,,under,0.7379,0.2621,0.7379,,,,4723086,00-0040126,,,,,,,,,,,,,,,,,55.5,38.5,18.8,72.7,,,,
2026-09-13,401872923,Juwan Johnson,,under,0.6345,0.3655,0.6345,,,,3929645,00-0036040,,,,,,,,,,,,,,,,,41.5,32.3,12.7,66.6,,,,
2026-09-13,401872926,Jeremiyah Love,,under,0.6133,0.3867,0.6133,,,,4870808,00-0041027,,,,,,,,,,,,,,,,,15.5,6.4,-16.3,46.9,,,,
2026-09-13,401872659,Keenan Allen,,under,0.5805,0.4195,0.5805,,,,15818,00-0030279,,,,,,,,,,,,,,,,,27.5,19.7,-6.9,68.9,,,,
2026-09-13,401872660,Jaylin Noel,,under,0.5689,0.4311,0.5689,,,,4586312,00-0040138,,,,,,,,,,,,,,,,,14.5,10.6,-6.6,39.4,,,,
2026-09-13,401872661,Kyle Monangai,,over,0.6228,0.6228,0.3772,,,,4608686,00-0040236,,,,,,,,,,,,,,,,,6.5,10.7,-6.5,39.5,,,,
2026-09-13,401872924,Kenyon Sadiq,,under,0.5923,0.4077,0.5923,,,,5083315,00-0041032,,,,,,,,,,,,,,,,,14.5,7.1,-15.5,47.7,,,,
2026-09-13,401872925,Andrei Iosivas,,over,0.6172,0.6172,0.3828,,,,4368003,00-0038619,,,,,,,,,,,,,,,,,14.5,18.5,1.3,47.3,,,,
2026-09-14,401872930,KaVontae Turpin,,over,0.5655,0.5655,0.4345,,,,3676833,00-0037801,,,,,,,,,,,,,,,,,7.5,9.7,-7.4,38.6,,,,
2026-09-14,401872930,Ryan Flournoy,,under,0.5876,0.4124,0.5876,,,,5083754,00-0039410,,,,,,,,,,,,,,,,,24.5,16.0,-10.6,65.2,,,,
2026-09-14,401872930,Theo Johnson,,over,0.6566,0.6566,0.3434,,,,4429148,00-0039847,,,,,,,,,,,,,,,,,13.5,19.7,-0.0,53.9,,,,
2026-09-10,401872656,Corey Kiner,,over,0.5190,0.5190,0.4810,,,,4431431,00-0040556,,,,,,,,,,,,,,,,,,,,,8.5,9.4,-14.8,43.4
2026-09-10,401872656,Drake Maye,,under,0.6740,0.3260,0.6740,,,,4431452,00-0039851,,,,,,,,,,,,,,,,,,,,,26.5,20.2,7.4,38.1
2026-09-10,401872656,George Holani,,under,0.6877,0.3123,0.6877,,,,4429835,00-0039299,,,,,,,,,,,,,,,,,,,,,19.5,7.7,-14.3,38.6
2026-09-10,401872656,Jadarian Price,,under,0.8626,0.1374,0.8626,,,,4685512,00-0041512,,,,,,,,,,,,,,,,,,,,,50.5,14.2,-16.0,56.8
2026-09-10,401872656,Rashid Shaheed,,under,0.5338,0.4662,0.5338,,,,4032473,00-0037545,,,,,,,,,,,,,,,,,,,,,2.5,1.5,-9.2,16.6
2026-09-10,401872656,Rhamondre Stevenson,,under,0.7234,0.2766,0.7234,,,,4569173,00-0036875,,,,,,,,,,,,,,,,,,,,,59.5,45.2,23.2,76.1
2026-09-10,401872656,Sam Darnold,,over,0.6810,0.6810,0.3190,,,,3912547,00-0034869,,,,,,,,,,,,,,,,,,,,,5.5,10.2,-2.6,28.1
2026-09-11,401872657,Blake Corum,,under,0.7660,0.2340,0.7660,,,,4429096,00-0039738,,,,,,,,,,,,,,,,,,,,,42.5,25.0,3.0,55.9
2026-09-11,401872657,Brock Purdy,,under,0.6884,0.3116,0.6884,,,,4361741,00-0037834,,,,,,,,,,,,,,,,,,,,,19.5,12.6,-0.1,30.6
2026-09-11,401872657,Christian McCaffrey,,over,0.6212,0.6212,0.3788,,,,3117251,00-0033280,,,,,,,,,,,,,,,,,,,,,59.5,64.8,42.8,95.7
2026-09-11,401872657,Kyren Williams,,over,0.5785,0.5785,0.4215,,,,4430737,00-0037840,,,,,,,,,,,,,,,,,,,,,54.5,57.9,35.9,88.8
2026-09-11,401872657,Matthew Stafford,,over,0.6166,0.6166,0.3834,,,,12483,00-0026498,,,,,,,,,,,,,,,,,,,,,0.5,3.0,-7.8,18.0
2026-09-11,401872657,Puka Nacua,,over,0.5143,0.5143,0.4857,,,,4426515,00-0039075,,,,,,,,,,,,,,,,,,,,,1.5,1.8,-8.9,16.8
2026-09-13,401872658,Aaron Rodgers,,over,0.7050,0.7050,0.2950,,,,8439,00-0023459,,,,,,,,,,,,,,,,,,,,,0.5,5.0,-5.7,20.1
2026-09-13,401872658,Bijan Robinson,,under,0.7344,0.2656,0.7344,,,,4430807,00-0038542,,,,,,,,,,,,,,,,,,,,,80.5,65.4,43.4,96.3
2026-09-13,401872658,Jaylen Warren,,under,0.5265,0.4735,0.5265,,,,4569987,00-0037228,,,,,,,,,,,,,,,,,,,,,43.5,41.9,19.9,72.8
2026-09-13,401872658,Rico Dowdle,,under,0.6783,0.3217,0.6783,,,,4038815,00-0036139,,,,,,,,,,,,,,,,,,,,,44.5,33.3,11.3,64.3
2026-09-13,401872658,Tua Tagovailoa,,over,0.5947,0.5947,0.4053,,,,4241479,00-0036212,,,,,,,,,,,,,,,,,,,,,2.5,4.5,-6.2,19.5
2026-09-13,401872659,Daniel Jones,,under,0.5306,0.4694,0.5306,,,,3917792,00-0035710,,,,,,,,,,,,,,,,,,,,,12.5,11.6,0.9,26.6
2026-09-13,401872659,Derrick Henry,,under,0.5380,0.4620,0.5380,,,,3043078,00-0032764,,,,,,,,,,,,,,,,,,,,,78.5,76.2,54.2,107.1
2026-09-13,401872659,Jonathan Taylor,,under,0.6409,0.3591,0.6409,,,,4242335,00-0036223,,,,,,,,,,,,,,,,,,,,,75.5,66.8,44.8,97.7
2026-09-13,401872659,Justice Hill,,under,0.5939,0.4061,0.5939,,,,4038441,00-0034975,,,,,,,,,,,,,,,,,,,,,8.5,5.7,-5.0,20.8
2026-09-13,401872659,Lamar Jackson,,under,0.8263,0.1737,0.8263,,,,3916387,00-0034796,,,,,,,,,,,,,,,,,,,,,37.5,24.3,11.5,42.3
2026-09-13,401872660,C.J. Stroud,,over,0.5319,0.5319,0.4681,,,,4432577,00-0039163,,,,,,,,,,,,,,,,,,,,,9.5,10.3,-2.5,28.2
2026-09-13,401872660,David Montgomery,,under,0.8070,0.1930,0.8070,,,,4035538,00-0035685,,,,,,,,,,,,,,,,,,,,,54.5,33.6,11.6,64.5
2026-09-13,401872660,Josh Allen,,over,0.5080,0.5080,0.4920,,,,3918298,00-0034857,,,,,,,,,,,,,,,,,,,,,32.5,32.7,19.9,50.7
2026-09-13,401872660,Woody Marks,,over,0.6731,0.6731,0.3269,,,,4429059,00-0040583,,,,,,,,,,,,,,,,,,,,,30.5,38.2,16.2,69.2
2026-09-13,401872661,Bryce Young,,over,0.5478,0.5478,0.4522,,,,4685720,00-0039150,,,,,,,,,,,,,,,,,,,,,14.5,15.7,2.9,33.6
2026-09-13,401872661,Caleb Williams,,under,0.5762,0.4238,0.5762,,,,4431611,00-0039918,,,,,,,,,,,,,,,,,,,,,20.5,17.8,5.1,35.8
2026-09-13,401872922,Bhayshul Tuten,,under,0.9064,0.0936,0.9064,,,,4882093,00-0040719,,,,,,,,,,,,,,,,,,,,,47.5,15.6,-6.4,46.6
2026-09-13,401872922,Chris Rodriguez Jr.,,under,0.6094,0.3906,0.6094,,,,4362619,00-0038611,,,,,,,,,,,,,,,,,,,,,36.5,29.8,7.8,60.7
2026-09-13,401872922,Deshaun Watson,,under,0.5934,0.4066,0.5934,,,,3122840,00-0033537,,,,,,,,,,,,,,,,,,,,,19.5,16.2,3.4,34.1
2026-09-13,401872922,Quinshon Judkins,,under,0.8372,0.1628,0.8372,,,,4685702,00-0040784,,,,,,,,,,,,,,,,,,,,,57.5,33.8,11.8,64.7
2026-09-13,401872922,Trevor Lawrence,,under,0.5513,0.4487,0.5513,,,,4360310,00-0036971,,,,,,,,,,,,,,,,,,,,,17.5,15.7,2.9,33.6
2026-09-13,401872923,Jahmyr Gibbs,,under,0.8863,0.1137,0.8863,,,,4429795,00-0039139,,,,,,,,,,,,,,,,,,,,,86.5,57.3,35.3,88.3
2026-09-13,401872923,Travis Etienne Jr.,,under,0.6694,0.3306,0.6694,,,,4239996,00-0036973,,,,,,,,,,,,,,,,,,,,,56.5,45.9,23.9,76.9
2026-09-13,401872923,Tyler Shough,,under,0.5906,0.4094,0.5906,,,,4360689,00-0040743,,,,,,,,,,,,,,,,,,,,,16.5,13.3,0.5,31.2
2026-09-13,401872924,Braelon Allen,,under,0.5314,0.4686,0.5314,,,,4685247,00-0039794,,,,,,,,,,,,,,,,,,,,,16.5,14.6,-7.4,45.5
2026-09-13,401872924,Breece Hall,,under,0.6139,0.3861,0.6139,,,,4427366,00-0038120,,,,,,,,,,,,,,,,,,,,,65.5,58.5,36.5,89.5
2026-09-13,401872924,Cam Ward,,under,0.5929,0.4071,0.5929,,,,4688380,00-0040676,,,,,,,,,,,,,,,,,,,,,9.5,6.2,-6.5,24.2
2026-09-13,401872924,Geno Smith,,under,0.5271,0.4729,0.5271,,,,15864,00-0030565,,,,,,,,,,,,,,,,,,,,,6.5,5.7,-5.0,20.8
2026-09-13,401872924,Tony Pollard,,over,0.6011,0.6011,0.3989,,,,3916148,00-0035261,,,,,,,,,,,,,,,,,,,,,52.5,56.9,34.9,87.8
2026-09-13,401872924,Tyjae Spears,,under,0.6079,0.3921,0.6079,,,,4428557,00-0039032,,,,,,,,,,,,,,,,,,,,,24.5,17.9,-4.1,48.8
2026-09-13,401872925,Baker Mayfield,,under,0.6344,0.3656,0.6344,,,,3052587,00-0034855,,,,,,,,,,,,,,,,,,,,,16.5,11.7,-1.1,29.6
2026-09-13,401872925,Bucky Irving,,under,0.6315,0.3685,0.6315,,,,4596448,00-0039361,,,,,,,,,,,,,,,,,,,,,59.5,51.4,29.4,82.3
2026-09-13,401872925,Chase Brown,,under,0.5675,0.4325,0.5675,,,,4362238,00-0038597,,,,,,,,,,,,,,,,,,,,,61.5,57.4,35.4,88.3
2026-09-13,401872925,Joe Burrow,,under,0.5710,0.4290,0.5710,,,,3915511,00-0036442,,,,,,,,,,,,,,,,,,,,,8.5,6.0,-6.8,23.9
2026-09-13,401872925,Kenny Gainwell,,over,0.5279,0.5279,0.4721,,,,4371733,00-0036919,,,,,,,,,,,,,,,,,,,,,23.5,24.7,2.7,55.6
2026-09-13,401872925,Samaje Perine,,under,0.5396,0.4604,0.5396,,,,3116389,00-0033526,,,,,,,,,,,,,,,,,,,,,18.5,16.1,-5.9,47.0
2026-09-13,401872926,Jacoby Brissett,,under,0.6917,0.3083,0.6917,,,,2578570,00-0033119,,,,,,,,,,,,,,,,,,,,,10.5,4.6,-6.1,19.7
2026-09-13,401872926,Justin Herbert,,under,0.6766,0.3234,0.6766,,,,4038941,00-0036355,,,,,,,,,,,,,,,,,,,,,21.5,15.1,2.3,33.0
2026-09-13,401872926,Omarion Hampton,,under,0.6047,0.3953,0.6047,,,,4685382,00-0040666,,,,,,,,,,,,,,,,,,,,,67.5,61.1,39.1,92.0
2026-09-13,401872927,Aaron Jones Sr.,,over,0.9684,0.9684,0.0316,,,,3042519,00-0033293,,,,,,,,,,,,,,,,,,,,,29.5,61.4,39.4,92.3
2026-09-13,401872927,Jordan Love,,under,0.5712,0.4288,0.5712,,,,4036378,00-0036264,,,,,,,,,,,,,,,,,,,,,10.5,8.4,-2.3,23.4
2026-09-13,401872927,Jordan Mason,,under,0.8596,0.1404,0.8596,,,,4360569,00-0037525,,,,,,,,,,,,,,,,,,,,,45.5,19.5,-2.5,50.4
2026-09-13,401872927,Kyler Murray,,over,0.5161,0.5161,0.4839,,,,3917315,00-0035228,,,,,,,,,,,,,,,,,,,,,22.5,22.9,10.2,40.9
2026-09-13,401872927,MarShawn Lloyd,,under,0.8070,0.1930,0.8070,,,,4429023,00-0039811,,,,,,,,,,,,,,,,,,,,,41.5,18.5,-5.7,52.5
2026-09-13,401872928,De'Von Achane,,under,0.6833,0.3167,0.6833,,,,4429160,00-0039040,,,,,,,,,,,,,,,,,,,,,71.5,60.0,38.0,90.9
2026-09-13,401872928,Malik Willis,,under,0.9642,0.0358,0.9642,,,,4242512,00-0038128,,,,,,,,,,,,,,,,,,,,,40.5,15.2,2.5,33.2
2026-09-13,401872929,Jacory Croskey-Merritt,,over,0.7040,0.7040,0.2960,,,,4575131,00-0040242,,,,,,,,,,,,,,,,,,,,,40.5,49.7,27.7,80.6
2026-09-13,401872929,Jalen Hurts,,under,0.6094,0.3906,0.6094,,,,4040715,00-0036389,,,,,,,,,,,,,,,,,,,,,29.5,25.6,12.8,43.6
2026-09-13,401872929,Jayden Daniels,,under,0.5314,0.4686,0.5314,,,,4426348,00-0039910,,,,,,,,,,,,,,,,,,,,,36.5,35.4,22.6,53.3
2026-09-13,401872929,Rachaad White,,under,0.5149,0.4851,0.5149,,,,4697815,00-0037256,,,,,,,,,,,,,,,,,,,,,23.5,22.6,0.6,53.5
2026-09-13,401872929,Saquon Barkley,,under,0.6699,0.3301,0.6699,,,,3929630,00-0034844,,,,,,,,,,,,,,,,,,,,,78.5,67.9,45.9,98.8
2026-09-14,401872930,Cam Skattebo,,under,0.6739,0.3261,0.6739,,,,4696981,00-0040715,,,,,,,,,,,,,,,,,,,,,48.5,37.6,15.6,68.6
2026-09-14,401872930,Dak Prescott,,over,0.5996,0.5996,0.4004,,,,2577417,00-0033077,,,,,,,,,,,,,,,,,,,,,8.5,11.0,-1.7,29.0
2026-09-14,401872930,Javonte Williams,,under,0.8632,0.1368,0.8632,,,,4361579,00-0036997,,,,,,,,,,,,,,,,,,,,,77.5,51.1,29.1,82.0
2026-09-14,401872930,Jaxson Dart,,under,0.6969,0.3031,0.6969,,,,4689114,00-0040691,,,,,,,,,,,,,,,,,,,,,31.5,24.3,11.5,42.2
2026-09-15,401872931,Bo Nix,,under,0.5285,0.4715,0.5285,,,,4426338,00-0039732,,,,,,,,,,,,,,,,,,,,,16.5,15.5,2.7,33.4
2026-09-15,401872931,J.K. Dobbins,,over,0.6079,0.6079,0.3921,,,,4241985,00-0036158,,,,,,,,,,,,,,,,,,,,,51.5,56.2,34.2,87.2
2026-09-15,401872931,Kenneth Walker III,,under,0.7371,0.2629,0.7371,,,,4567048,00-0038134,,,,,,,,,,,,,,,,,,,,,60.5,45.2,23.2,76.1
2026-09-15,401872931,Patrick Mahomes,,under,0.5312,0.4688,0.5312,,,,3139477,00-0033873,,,,,,,,,,,,,,,,,,,,,14.5,13.4,0.7,31.4
2026-09-15,401872931,RJ Harvey,,over,0.6918,0.6918,0.3082,,,,4568490,00-0040730,,,,,,,,,,,,,,,,,,,,,18.5,27.1,5.1,58.0
2026-09-13,401872658,Brian Robinson Jr.,,under,0.6031,0.3969,0.6031,,,,4241474,00-0037746,,,,,,,,,,,,,,,,,,,,,24.5,18.2,-3.8,49.1
2026-09-13,401872660,James Cook III,,under,0.7557,0.2443,0.7557,,,,4379399,00-0037248,,,,,,,,,,,,,,,,,,,,,77.5,60.8,38.8,91.7
2026-09-13,401872928,Kirk Cousins,,over,0.6131,0.6131,0.3869,,,,14880,00-0029604,,,,,,,,,,,,,,,,,,,,,0.5,2.9,-7.8,18.0
2026-09-14,401872930,Malik Davis,,over,0.8243,0.8243,0.1757,,,,4240603,00-0037563,,,,,,,,,,,,,,,,,,,,,14.5,30.5,8.5,61.5
2026-09-13,401872926,Jeremiyah Love,,under,0.7095,0.2905,0.7095,,,,4870808,00-0041027,,,,,,,,,,,,,,,,,,,,,38.5,20.2,-10.0,62.7
2026-09-13,401872926,Tyler Allgeier,,under,0.5083,0.4917,0.5083,,,,4373626,00-0037263,,,,,,,,,,,,,,,,,,,,,29.5,29.0,7.0,59.9
2026-09-13,401872928,Ashton Jeanty,,over,0.6190,0.6190,0.3810,,,,4890973,00-0040122,,,,,,,,,,,,,,,,,,,,,58.5,63.7,41.7,94.6
2026-09-11,401872657,Deebo Samuel Sr.,,under,0.6887,0.3113,0.6887,,,,3126486,00-0035719,,,,,,,,,,,,,,,,,,,,,9.5,3.7,-7.0,18.8
2026-09-13,401872661,D'Andre Swift,,under,0.6123,0.3877,0.6123,,,,4259545,00-0036275,,,,,,,,,,,,,,,,,,,,,62.5,55.6,33.6,86.6
2026-09-13,401872661,Kyle Monangai,,over,0.5464,0.5464,0.4536,,,,4608686,00-0040236,,,,,,,,,,,,,,,,,,,,,31.5,33.5,11.5,64.4
2026-09-13,401872923,Jared Goff,,over,0.5993,0.5993,0.4007,,,,3046779,00-0033106,,,,,,,,,,,,,,,,,,,,,0.5,2.6,-8.1,17.6
2026-09-14,401872930,KaVontae Turpin,,under,0.5544,0.4456,0.5544,,,,3676833,00-0037801,,,,,,,,,,,,,,,,,,,,,3.5,1.9,-8.8,16.9
