"season","week","game_date","game_time","home_team_id","home_team_stats_id","home_team_abbrev","visit_team_id","visit_team_stats_id","visit_team_abbrev","home_team_score","visit_team_score","game_over_under","line","surface","weather_icon","temperature","precip_probability","precip_type","wind_speed","wind_bearing","kickoff","month","start","favorite","score","total","spread","over_hit","under_hit","favorite_covered","underdog_covered","name"
"2024","1","2024-09-05 00:00:00","20","15","KC","KC","3","BAL","BAL","27","20","46.0","-2.5","Grass","Rain","78","100%","Rain","8.7","265","Sep 5 8:20 PM","September","Night","KC","20-27","47","2.5","1","0","1","0","<span style="""">BAL</span> @ <span style=""font-weight:700;color:#1da561 !important"">KC</span>"
"2024","1","2024-09-06 00:00:00","20","23","PHI","PHI","12","GB","GB","34","29","49.5","-1","Grass","","","","","","","Sep 6 8:15 PM","September","Night","PHI","29-34","63","1","1","0","1","0","<span style="""">GB</span> @ <span style=""font-weight:700;color:#1da561 !important"">PHI</span>"
"2024","1","2024-09-08 00:00:00","13","2","ATL","ATL","24","PIT","PIT","10","18","43.0","-4","Dome","","","","","","","Sep 8 1:00 PM","September","Day","ATL","18-10","28","4","0","1","0","1","<span style=""font-weight:700;color:#1da561 !important"">PIT</span> @ <span style="""">ATL</span>"
"2024","1","2024-09-08 00:00:00","13","4","BUF","BUF","1","ARI","ARI","34","28","45.5","-6.5","Turf","Partly Cloudy Day","63.8","","","16.8","258","Sep 8 1:00 PM","September","Day","BUF","28-34","62","6.5","1","0","0","1","<span style=""color:#1da561 !important"">ARI</span> @ <span style=""font-weight:700;"">BUF</span>"
"2024","1","2024-09-08 00:00:00","13","6","CHI","CHI","30","TEN","TEN","24","17","43.0","-4","Grass","Partly Cloudy Day","67.3","","","11","280","Sep 8 1:00 PM","September","Day","CHI","17-24","41","4","0","1","1","0","<span style="""">TEN</span> @ <span style=""font-weight:700;color:#1da561 !important"">CHI</span>"
"2024","1","2024-09-08 00:00:00","13","7","CIN","CIN","18","NE","NE","10","16","41.0","-7.5","Turf","Partly Cloudy Day","65.3","","","","","Sep 8 1:00 PM","September","Day","CIN","16-10","26","7.5","0","1","0","1","<span style=""font-weight:700;color:#1da561 !important"">NE</span> @ <span style="""">CIN</span>"
"2024","1","2024-09-08 00:00:00","13","13","IND","IND","32","HOU","HOU","27","29","48.0","3","Dome","","","","","","","Sep 8 1:00 PM","September","Day","HOU","29-27","56","3","1","0","0","1","<span style=""font-weight:700;"">HOU</span> @ <span style=""color:#1da561 !important"">IND</span>"
"2024","1","2024-09-08 00:00:00","13","16","MIA","MIA","14","JAX","JAX","20","17","49.5","-3.5","Grass","Partly Cloudy Day","91.7","","","15","122","Sep 8 1:00 PM","September","Day","MIA","17-20","37","3.5","0","1","0","1","<span style=""color:#1da561 !important"">JAX</span> @ <span style=""font-weight:700;"">MIA</span>"
"2024","1","2024-09-08 00:00:00","13","19","NO","NO","5","CAR","CAR","47","10","41.5","-3.5","Dome","","","","","","","Sep 8 1:00 PM","September","Day","NO","10-47","57","3.5","1","0","1","0","<span style="""">CAR</span> @ <span style=""font-weight:700;color:#1da561 !important"">NO</span>"
"2024","1","2024-09-08 00:00:00","13","20","NYG","NYG","17","MIN","MIN","6","28","42.0","1","Turf","Partly Cloudy Day","66","","","7.9","272","Sep 8 1:00 PM","September","Day","MIN","28-6","34","1","0","1","1","0","<span style=""font-weight:700;color:#1da561 !important"">MIN</span> @ <span style="""">NYG</span>"
"2024","1","2024-09-08 00:00:00","16","34","LAC","LAC","35","LV","LV","22","10","40.5","-3","Dome","","","","","","","Sep 8 4:05 PM","September","Late","LAC","10-22","32","3","0","1","1","0","<span style="""">LV</span> @ <span style=""font-weight:700;color:#1da561 !important"">LAC</span>"
"2024","1","2024-09-08 00:00:00","16","26","SEA","SEA","10","DEN","DEN","26","20","42.5","-6.5","Turf","Partly Cloudy Day","67.6","","","7.9","209","Sep 8 4:05 PM","September","Late","SEA","20-26","46","6.5","1","0","0","1","<span style=""color:#1da561 !important"">DEN</span> @ <span style=""font-weight:700;"">SEA</span>"
"2024","1","2024-09-08 00:00:00","16","8","CLE","CLE","9","DAL","DAL","17","33","42.0","-2","Grass","Partly Cloudy Day","67.9","","","17.1","260","Sep 8 4:25 PM","September","Late","CLE","33-17","50","2","1","0","0","1","<span style=""font-weight:700;color:#1da561 !important"">DAL</span> @ <span style="""">CLE</span>"
"2024","1","2024-09-08 00:00:00","16","29","TB","TB","31","WAS","WAS","37","20","42.5","-4","Grass","Partly Cloudy Day","91.1","","","6.8","233","Sep 8 4:25 PM","September","Late","TB","20-37","57","4","1","0","1","0","<span style="""">WAS</span> @ <span style=""font-weight:700;color:#1da561 !important"">TB</span>"
"2024","1","2024-09-08 00:00:00","20","11","DET","DET","33","LAR","LAR","26","20","54.0","-5","Dome","","","","","","","Sep 8 8:20 PM","September","Night","DET","20-26","46","5","0","1","1","0","<span style="""">LAR</span> @ <span style=""font-weight:700;color:#1da561 !important"">DET</span>"
"2024","1","2024-09-09 00:00:00","20","27","SF","SF","21","NYJ","NYJ","32","19","43.5","-3.5","Grass","Clear Day","73.5","","","13.8","323","Sep 9 8:15 PM","September","Night","SF","19-32","51","3.5","1","0","1","0","<span style="""">NYJ</span> @ <span style=""font-weight:700;color:#1da561 !important"">SF</span>"
"2024","2","2024-09-12 00:00:00","20","16","MIA","MIA","4","BUF","BUF","10","31","49.0","-2.5","Grass","Partly Cloudy Night","83","22%","Rain","4.7","120","Sep 12 8:15 PM","September","Night","MIA","31-10","41","2.5","0","1","0","1","<span style=""font-weight:700;color:#1da561 !important"">BUF</span> @ <span style="""">MIA</span>"
"2024","2","2024-09-15 00:00:00","13","3","BAL","BAL","35","LV","LV","23","26","42.0","-9","Grass","Partly Cloudy Day","78.7","","","11.1","91","Sep 15 1:00 PM","September","Day","BAL","26-23","49","9","1","0","0","1","<span style=""font-weight:700;color:#1da561 !important"">LV</span> @ <span style="""">BAL</span>"
"2024","2","2024-09-15 00:00:00","13","5","CAR","CAR","34","LAC","LAC","3","26","38.5","4.5","Grass","Partly Cloudy Day","78.3","","","16.6","48","Sep 15 1:00 PM","September","Day","LAC","26-3","29","4.5","0","1","1","0","<span style=""font-weight:700;color:#1da561 !important"">LAC</span> @ <span style="""">CAR</span>"
"2024","2","2024-09-15 00:00:00","13","9","DAL","DAL","19","NO","NO","19","44","46.5","-6","Dome","","","","","","","Sep 15 1:00 PM","September","Day","DAL","44-19","63","6","1","0","0","1","<span style=""font-weight:700;color:#1da561 !important"">NO</span> @ <span style="""">DAL</span>"
"2024","2","2024-09-15 00:00:00","13","11","DET","DET","29","TB","TB","16","20","51.5","-7.5","Dome","","","","","","","Sep 15 1:00 PM","September","Day","DET","20-16","36","7.5","0","1","0","1","<span style=""font-weight:700;color:#1da561 !important"">TB</span> @ <span style="""">DET</span>"
"2024","2","2024-09-15 00:00:00","13","12","GB","GB","13","IND","IND","16","10","40.5","2.5","Grass","Clear Day","83.9","","","8","199","Sep 15 1:00 PM","September","Day","IND","10-16","26","2.5","0","1","0","1","<span style="""">IND</span> @ <span style=""font-weight:700;color:#1da561 !important"">GB</span>"
"2024","2","2024-09-15 00:00:00","13","14","JAX","JAX","8","CLE","CLE","13","18","41.0","-3","Grass","Cloudy","81.2","","","12.7","349","Sep 15 1:00 PM","September","Day","JAX","18-13","31","3","0","1","0","1","<span style=""font-weight:700;color:#1da561 !important"">CLE</span> @ <span style="""">JAX</span>"
"2024","2","2024-09-15 00:00:00","13","17","MIN","MIN","27","SF","SF","23","17","46.5","4","Dome","","","","","","","Sep 15 1:00 PM","September","Day","SF","17-23","40","4","0","1","0","1","<span style="""">SF</span> @ <span style=""font-weight:700;color:#1da561 !important"">MIN</span>"
"2024","2","2024-09-15 00:00:00","13","18","NE","NE","26","SEA","SEA","20","23","39.5","3","Turf","Clear Day","79.1","","","7","110","Sep 15 1:00 PM","September","Day","SEA","23-20","43","3","1","0","0","0","<span style=""font-weight:700;"">SEA</span> @ <span style="""">NE</span>"
"2024","2","2024-09-15 00:00:00","13","30","TEN","TEN","21","NYJ","NYJ","17","24","41.0","3.5","Grass","Partly Cloudy Day","82.3","","","9.7","110","Sep 15 1:00 PM","September","Day","NYJ","24-17","41","3.5","0","0","1","0","<span style=""font-weight:700;color:#1da561 !important"">NYJ</span> @ <span style="""">TEN</span>"
"2024","2","2024-09-15 00:00:00","13","31","WAS","WAS","20","NYG","NYG","21","18","43.5","-1.5","Grass","Partly Cloudy Day","77.8","","","9","85","Sep 15 1:00 PM","September","Day","WAS","18-21","39","1.5","0","1","1","0","<span style="""">NYG</span> @ <span style=""font-weight:700;color:#1da561 !important"">WAS</span>"
"2024","2","2024-09-15 00:00:00","16","1","ARI","ARI","33","LAR","LAR","41","10","47.5","1","Dome","","","","","","","Sep 15 4:05 PM","September","Late","LAR","10-41","51","1","1","0","0","1","<span style="""">LAR</span> @ <span style=""font-weight:700;color:#1da561 !important"">ARI</span>"
"2024","2","2024-09-15 00:00:00","16","10","DEN","DEN","24","PIT","PIT","6","13","36.5","2.5","Grass","Partly Cloudy Day","86.5","","","8","78","Sep 15 4:25 PM","September","Late","PIT","13-6","19","2.5","0","1","1","0","<span style=""font-weight:700;color:#1da561 !important"">PIT</span> @ <span style="""">DEN</span>"
"2024","2","2024-09-15 00:00:00","16","15","KC","KC","7","CIN","CIN","26","25","47.5","-6.5","Grass","Partly Cloudy Day","88.2","","","7.5","102","Sep 15 4:25 PM","September","Late","KC","25-26","51","6.5","1","0","0","1","<span style=""color:#1da561 !important"">CIN</span> @ <span style=""font-weight:700;"">KC</span>"
"2024","2","2024-09-15 00:00:00","20","32","HOU","HOU","6","CHI","CHI","19","13","45.5","-6.5","Dome","","","","","","","Sep 15 8:20 PM","September","Night","HOU","13-19","32","6.5","0","1","0","1","<span style=""color:#1da561 !important"">CHI</span> @ <span style=""font-weight:700;"">HOU</span>"
"2024","2","2024-09-16 00:00:00","20","23","PHI","PHI","2","ATL","ATL","21","22","46.5","-5.5","Grass","Cloudy","70.7","","","5.1","70","Sep 16 8:15 PM","September","Night","PHI","22-21","43","5.5","0","1","0","1","<span style=""font-weight:700;color:#1da561 !important"">ATL</span> @ <span style="""">PHI</span>"
"2024","3","2024-09-19 00:00:00","20","21","NYJ","NYJ","18","NE","NE","24","3","39.0","-6.5","Turf","Clear Night","79.2","","","4","20","Sep 19 8:15 PM","September","Night","NYJ","3-24","27","6.5","0","1","1","0","<span style="""">NE</span> @ <span style=""font-weight:700;color:#1da561 !important"">NYJ</span>"
"2024","3","2024-09-22 00:00:00","13","8","CLE","CLE","20","NYG","NYG","15","21","38.0","-6.5","Grass","Clear Day","80.2","","","7","354","Sep 22 1:00 PM","September","Day","CLE","21-15","36","6.5","0","1","0","1","<span style=""font-weight:700;color:#1da561 !important"">NYG</span> @ <span style="""">CLE</span>"
"2024","3","2024-09-22 00:00:00","13","13","IND","IND","6","CHI","CHI","21","16","43.5","-2","Dome","","","","","","","Sep 22 1:00 PM","September","Day","IND","16-21","37","2","0","1","1","0","<span style="""">CHI</span> @ <span style=""font-weight:700;color:#1da561 !important"">IND</span>"
"2024","3","2024-09-22 00:00:00","13","17","MIN","MIN","32","HOU","HOU","34","7","46.5","1.5","Dome","","","","","","","Sep 22 1:00 PM","September","Day","HOU","7-34","41","1.5","0","1","0","1","<span style="""">HOU</span> @ <span style=""font-weight:700;color:#1da561 !important"">MIN</span>"
"2024","3","2024-09-22 00:00:00","13","19","NO","NO","23","PHI","PHI","12","15","49.0","-2.5","Dome","","","","","","","Sep 22 1:00 PM","September","Day","NO","15-12","27","2.5","0","1","0","1","<span style=""font-weight:700;color:#1da561 !important"">PHI</span> @ <span style="""">NO</span>"
"2024","3","2024-09-22 00:00:00","13","24","PIT","PIT","34","LAC","LAC","20","10","36.0","-2.5","Grass","Partly Cloudy Day","75.8","","","4.6","249","Sep 22 1:00 PM","September","Day","PIT","10-20","30","2.5","0","1","1","0","<span style="""">LAC</span> @ <span style=""font-weight:700;color:#1da561 !important"">PIT</span>"
"2024","3","2024-09-22 00:00:00","13","29","TB","TB","10","DEN","DEN","7","26","40.5","-6","Grass","Partly Cloudy Day","87.2","","","5.8","343","Sep 22 1:00 PM","September","Day","TB","26-7","33","6","0","1","0","1","<span style=""font-weight:700;color:#1da561 !important"">DEN</span> @ <span style="""">TB</span>"
"2024","3","2024-09-22 00:00:00","13","30","TEN","TEN","12","GB","GB","14","30","37.0","-3","Grass","Partly Cloudy Day","88.5","","","10.6","289","Sep 22 1:00 PM","September","Day","TEN","30-14","44","3","1","0","0","1","<span style=""font-weight:700;color:#1da561 !important"">GB</span> @ <span style="""">TEN</span>"
"2024","3","2024-09-22 00:00:00","16","35","LV","LV","5","CAR","CAR","22","36","40.0","-5.5","Dome","","","","","","","Sep 22 4:05 PM","September","Late","LV","36-22","58","5.5","1","0","0","1","<span style=""font-weight:700;color:#1da561 !important"">CAR</span> @ <span style="""">LV</span>"
"2024","3","2024-09-22 00:00:00","16","26","SEA","SEA","16","MIA","MIA","24","3","41.5","-4","Turf","Partly Cloudy Day","66.4","","","5.3","328","Sep 22 4:05 PM","September","Late","SEA","3-24","27","4","0","1","1","0","<span style="""">MIA</span> @ <span style=""font-weight:700;color:#1da561 !important"">SEA</span>"
"2024","3","2024-09-22 00:00:00","16","1","ARI","ARI","11","DET","DET","13","20","51.5","3","Dome","","","","","","","Sep 22 4:25 PM","September","Late","DET","20-13","33","3","0","1","1","0","<span style=""font-weight:700;color:#1da561 !important"">DET</span> @ <span style="""">ARI</span>"
"2024","3","2024-09-22 00:00:00","16","9","DAL","DAL","3","BAL","BAL","25","28","47.5","1","Dome","","","","","","","Sep 22 4:25 PM","September","Late","BAL","28-25","53","1","1","0","1","0","<span style=""font-weight:700;color:#1da561 !important"">BAL</span> @ <span style="""">DAL</span>"
"2024","3","2024-09-22 00:00:00","16","33","LAR","LAR","27","SF","SF","27","24","44.5","6","Dome","","","","","","","Sep 22 4:25 PM","September","Late","SF","24-27","51","6","1","0","0","1","<span style="""">SF</span> @ <span style=""font-weight:700;color:#1da561 !important"">LAR</span>"
"2024","3","2024-09-22 00:00:00","20","2","ATL","ATL","15","KC","KC","17","22","46.5","3","Dome","","","","","","","Sep 22 8:20 PM","September","Night","KC","22-17","39","3","0","1","1","0","<span style=""font-weight:700;color:#1da561 !important"">KC</span> @ <span style="""">ATL</span>"
"2024","3","2024-09-23 00:00:00","19","4","BUF","BUF","14","JAX","JAX","47","10","46.5","-4.5","Turf","Rain","70.4","100%","Rain","5.1","270","Sep 23 7:30 PM","September","Night","BUF","10-47","57","4.5","1","0","1","0","<span style="""">JAX</span> @ <span style=""font-weight:700;color:#1da561 !important"">BUF</span>"
"2024","3","2024-09-23 00:00:00","20","7","CIN","CIN","31","WAS","WAS","33","38","45.5","-7.5","Turf","Partly Cloudy Night","69.9","","","","","Sep 23 8:15 PM","September","Night","CIN","38-33","71","7.5","1","0","0","1","<span style=""font-weight:700;color:#1da561 !important"">WAS</span> @ <span style="""">CIN</span>"
"2024","4","2024-09-26 00:00:00","20","20","NYG","NYG","9","DAL","DAL","15","20","45.0","5.5","Turf","Cloudy","74.1","","","2.8","263","Sep 26 8:15 PM","September","Night","DAL","20-15","35","5.5","0","1","0","1","<span style=""font-weight:700;"">DAL</span> @ <span style=""color:#1da561 !important"">NYG</span>"
"2024","4","2024-09-29 00:00:00","13","2","ATL","ATL","19","NO","NO","26","24","42.5","-2.5","Dome","","","","","","","Sep 29 1:00 PM","September","Day","ATL","24-26","50","2.5","1","0","0","1","<span style=""color:#1da561 !important"">NO</span> @ <span style=""font-weight:700;"">ATL</span>"
"2024","4","2024-09-29 00:00:00","13","5","CAR","CAR","7","CIN","CIN","24","34","46.0","4.5","Grass","Partly Cloudy Day","77.1","","","8.4","200","Sep 29 1:00 PM","September","Day","CIN","34-24","58","4.5","1","0","1","0","<span style=""font-weight:700;color:#1da561 !important"">CIN</span> @ <span style="""">CAR</span>"
"2024","4","2024-09-29 00:00:00","13","6","CHI","CHI","33","LAR","LAR","24","18","40.5","-3","Grass","Rain","70.6","100%","Rain","15.7","30","Sep 29 1:00 PM","September","Day","CHI","18-24","42","3","1","0","1","0","<span style="""">LAR</span> @ <span style=""font-weight:700;color:#1da561 !important"">CHI</span>"
"2024","4","2024-09-29 00:00:00","13","12","GB","GB","17","MIN","MIN","29","31","44.5","-2.5","Grass","Clear Day","73.2","","","15.8","50","Sep 29 1:00 PM","September","Day","GB","31-29","60","2.5","1","0","0","1","<span style=""font-weight:700;color:#1da561 !important"">MIN</span> @ <span style="""">GB</span>"
"2024","4","2024-09-29 00:00:00","13","32","HOU","HOU","14","JAX","JAX","24","20","44.5","-5.5","Dome","","","","","","","Sep 29 1:00 PM","September","Day","HOU","20-24","44","5.5","0","1","0","1","<span style=""color:#1da561 !important"">JAX</span> @ <span style=""font-weight:700;"">HOU</span>"
"2024","4","2024-09-29 00:00:00","13","13","IND","IND","24","PIT","PIT","27","24","41.0","2.5","Dome","","","","","","","Sep 29 1:00 PM","September","Day","PIT","24-27","51","2.5","1","0","0","1","<span style="""">PIT</span> @ <span style=""font-weight:700;color:#1da561 !important"">IND</span>"
"2024","4","2024-09-29 00:00:00","13","21","NYJ","NYJ","10","DEN","DEN","9","10","39.5","-8","Turf","Rain","61.4","100%","Rain","5.8","46","Sep 29 1:00 PM","September","Day","NYJ","10-9","19","8","0","1","0","1","<span style=""font-weight:700;color:#1da561 !important"">DEN</span> @ <span style="""">NYJ</span>"
"2024","4","2024-09-29 00:00:00","13","29","TB","TB","23","PHI","PHI","33","16","42.0","1","Grass","Partly Cloudy Day","88.1","","","9.1","201","Sep 29 1:00 PM","September","Day","PHI","16-33","49","1","1","0","0","1","<span style="""">PHI</span> @ <span style=""font-weight:700;color:#1da561 !important"">TB</span>"
"2024","4","2024-09-29 00:00:00","16","1","ARI","ARI","31","WAS","WAS","14","42","48.5","-3.5","Dome","","","","","","","Sep 29 4:05 PM","September","Late","ARI","42-14","56","3.5","1","0","0","1","<span style=""font-weight:700;color:#1da561 !important"">WAS</span> @ <span style="""">ARI</span>"
"2024","4","2024-09-29 00:00:00","16","27","SF","SF","18","NE","NE","30","13","42.0","-10.5","Grass","Clear Day","72.9","","","4.8","330","Sep 29 4:05 PM","September","Late","SF","13-30","43","10.5","1","0","1","0","<span style="""">NE</span> @ <span style=""font-weight:700;color:#1da561 !important"">SF</span>"
"2024","4","2024-09-29 00:00:00","16","34","LAC","LAC","15","KC","KC","10","17","42.0","7","Dome","","","","","","","Sep 29 4:25 PM","September","Late","KC","17-10","27","7","0","1","0","0","<span style=""font-weight:700;"">KC</span> @ <span style="""">LAC</span>"
"2024","4","2024-09-29 00:00:00","16","35","LV","LV","8","CLE","CLE","20","16","37.0","2.5","Dome","","","","","","","Sep 29 4:25 PM","September","Late","CLE","16-20","36","2.5","0","1","0","1","<span style="""">CLE</span> @ <span style=""font-weight:700;color:#1da561 !important"">LV</span>"
"2024","4","2024-09-29 00:00:00","20","3","BAL","BAL","4","BUF","BUF","35","10","47.5","-2.5","Grass","Cloudy","65.6","","","8.1","48","Sep 29 8:20 PM","September","Night","BAL","10-35","45","2.5","0","1","1","0","<span style="""">BUF</span> @ <span style=""font-weight:700;color:#1da561 !important"">BAL</span>"
"2024","4","2024-09-30 00:00:00","19","16","MIA","MIA","30","TEN","TEN","12","31","37.5","-2.5","Grass","Clear Day","87.1","","","10.5","133","Sep 30 7:30 PM","September","Night","MIA","31-12","43","2.5","1","0","0","1","<span style=""font-weight:700;color:#1da561 !important"">TEN</span> @ <span style="""">MIA</span>"
"2024","4","2024-09-30 00:00:00","20","11","DET","DET","26","SEA","SEA","42","29","47.0","-4","Dome","","","","","","","Sep 30 8:15 PM","September","Night","DET","29-42","71","4","1","0","1","0","<span style="""">SEA</span> @ <span style=""font-weight:700;color:#1da561 !important"">DET</span>"
"2024","5","2024-10-03 00:00:00","20","2","ATL","ATL","29","TB","TB","36","30","44.0","-2.5","Dome","","","","","","","Oct 3 8:15 PM","October","Night","ATL","30-36","66","2.5","1","0","1","0","<span style="""">TB</span> @ <span style=""font-weight:700;color:#1da561 !important"">ATL</span>"
"2024","5","2024-10-06 00:00:00","09","17","MIN","MIN","21","NYJ","NYJ","23","17","42.0","-2.5","Turf","Cloudy","58","","","8.6","159","Oct 6 9:30 AM","October","","MIN","17-23","40","2.5","0","1","1","0","<span style="""">NYJ</span> @ <span style=""font-weight:700;color:#1da561 !important"">MIN</span>"
"2024","5","2024-10-06 00:00:00","13","6","CHI","CHI","5","CAR","CAR","36","10","40.0","-4","Grass","Clear Day","73.9","","","16.4","259","Oct 6 1:00 PM","October","Day","CHI","10-36","46","4","1","0","1","0","<span style="""">CAR</span> @ <span style=""font-weight:700;color:#1da561 !important"">CHI</span>"
"2024","5","2024-10-06 00:00:00","13","7","CIN","CIN","3","BAL","BAL","38","41","48.5","2.5","Turf","Clear Day","83.4","","","13.2","244","Oct 6 1:00 PM","October","Day","BAL","41-38","79","2.5","1","0","1","0","<span style=""font-weight:700;color:#1da561 !important"">BAL</span> @ <span style="""">CIN</span>"
"2024","5","2024-10-06 00:00:00","13","32","HOU","HOU","4","BUF","BUF","23","20","48.0","-1","Dome","","","","","","","Oct 6 1:00 PM","October","Day","HOU","20-23","43","1","0","1","1","0","<span style="""">BUF</span> @ <span style=""font-weight:700;color:#1da561 !important"">HOU</span>"
"2024","5","2024-10-06 00:00:00","13","14","JAX","JAX","13","IND","IND","37","34","45.0","-3.5","Grass","Rain","77.2","100%","Rain","5","25","Oct 6 1:00 PM","October","Day","JAX","34-37","71","3.5","1","0","0","1","<span style=""color:#1da561 !important"">IND</span> @ <span style=""font-weight:700;"">JAX</span>"
"2024","5","2024-10-06 00:00:00","13","18","NE","NE","16","MIA","MIA","10","15","37.0","2","Turf","Partly Cloudy Day","66.3","","","5","353","Oct 6 1:00 PM","October","Day","MIA","15-10","25","2","0","1","1","0","<span style=""font-weight:700;color:#1da561 !important"">MIA</span> @ <span style="""">NE</span>"
"2024","5","2024-10-06 00:00:00","13","31","WAS","WAS","8","CLE","CLE","34","13","43.5","-3","Grass","Clear Day","74.4","","","6.8","195","Oct 6 1:00 PM","October","Day","WAS","13-34","47","3","1","0","1","0","<span style="""">CLE</span> @ <span style=""font-weight:700;color:#1da561 !important"">WAS</span>"
"2024","5","2024-10-06 00:00:00","16","10","DEN","DEN","35","LV","LV","34","18","36.0","-3","Grass","Partly Cloudy Day","75","","","10.1","55","Oct 6 4:05 PM","October","Late","DEN","18-34","52","3","1","0","1","0","<span style="""">LV</span> @ <span style=""font-weight:700;color:#1da561 !important"">DEN</span>"
"2024","5","2024-10-06 00:00:00","16","27","SF","SF","1","ARI","ARI","23","24","49.0","-7","Grass","Clear Day","95.5","","","7.5","326","Oct 6 4:05 PM","October","Late","SF","24-23","47","7","0","1","0","1","<span style=""font-weight:700;color:#1da561 !important"">ARI</span> @ <span style="""">SF</span>"
"2024","5","2024-10-06 00:00:00","16","33","LAR","LAR","12","GB","GB","19","24","49.5","3","Dome","","","","","","","Oct 6 4:25 PM","October","Late","GB","24-19","43","3","0","1","1","0","<span style=""font-weight:700;color:#1da561 !important"">GB</span> @ <span style="""">LAR</span>"
"2024","5","2024-10-06 00:00:00","16","26","SEA","SEA","20","NYG","NYG","20","29","42.5","-7","Turf","Clear Day","64.7","","","5.1","190","Oct 6 4:25 PM","October","Late","SEA","29-20","49","7","1","0","0","1","<span style=""font-weight:700;color:#1da561 !important"">NYG</span> @ <span style="""">SEA</span>"
"2024","5","2024-10-06 00:00:00","20","24","PIT","PIT","9","DAL","DAL","17","20","44.0","-2.5","Grass","Rain","78.2","100%","Rain","12","207","Oct 6 8:20 PM","October","Night","PIT","20-17","37","2.5","0","1","0","1","<span style=""font-weight:700;color:#1da561 !important"">DAL</span> @ <span style="""">PIT</span>"
"2024","5","2024-10-07 00:00:00","20","15","KC","KC","19","NO","NO","26","13","43.0","-5","Grass","Clear Night","68.4","","","3.1","123","Oct 7 8:15 PM","October","Night","KC","13-26","39","5","0","1","1","0","<span style="""">NO</span> @ <span style=""font-weight:700;color:#1da561 !important"">KC</span>"
"2024","6","2024-10-10 00:00:00","20","26","SEA","SEA","27","SF","SF","24","36","48.5","3.5","Turf","Partly Cloudy Day","60.3","","","7.2","20","Oct 10 8:15 PM","October","Night","SF","36-24","60","3.5","1","0","1","0","<span style=""font-weight:700;color:#1da561 !important"">SF</span> @ <span style="""">SEA</span>"
"2024","6","2024-10-13 00:00:00","09","6","CHI","CHI","14","JAX","JAX","35","16","44.5","1.5","Turf","Cloudy","51.4","","","4.2","254","Oct 13 9:30 AM","October","","JAX","16-35","51","1.5","1","0","0","1","<span style="""">JAX</span> @ <span style=""font-weight:700;color:#1da561 !important"">CHI</span>"
"2024","6","2024-10-13 00:00:00","13","3","BAL","BAL","31","WAS","WAS","30","23","50.5","-7","Grass","Clear Day","72.7","","","9.8","173","Oct 13 1:00 PM","October","Day","BAL","23-30","53","7","1","0","0","0","<span style="""">WAS</span> @ <span style=""font-weight:700;"">BAL</span>"
"2024","6","2024-10-13 00:00:00","13","12","GB","GB","1","ARI","ARI","34","13","47.0","-5.5","Grass","Rain","49.8","100%","Rain","9.1","281","Oct 13 1:00 PM","October","Day","GB","13-34","47","5.5","0","0","1","0","<span style="""">ARI</span> @ <span style=""font-weight:700;color:#1da561 !important"">GB</span>"
"2024","6","2024-10-13 00:00:00","13","18","NE","NE","32","HOU","HOU","21","41","39.5","6.5","Turf","Partly Cloudy Day","52.6","","","4.1","1","Oct 13 1:00 PM","October","Day","HOU","41-21","62","6.5","1","0","1","0","<span style=""font-weight:700;color:#1da561 !important"">HOU</span> @ <span style="""">NE</span>"
"2024","6","2024-10-13 00:00:00","13","19","NO","NO","29","TB","TB","27","51","42.5","3.5","Dome","","","","","","","Oct 13 1:00 PM","October","Day","TB","51-27","78","3.5","1","0","1","0","<span style=""font-weight:700;color:#1da561 !important"">TB</span> @ <span style="""">NO</span>"
"2024","6","2024-10-13 00:00:00","13","23","PHI","PHI","8","CLE","CLE","20","16","42.0","-8","Grass","Partly Cloudy Day","75.9","","","7.9","210","Oct 13 1:00 PM","October","Day","PHI","16-20","36","8","0","1","0","1","<span style=""color:#1da561 !important"">CLE</span> @ <span style=""font-weight:700;"">PHI</span>"
"2024","6","2024-10-13 00:00:00","13","30","TEN","TEN","13","IND","IND","17","20","41.5","-2.5","Grass","Clear Day","81.7","","","11.5","254","Oct 13 1:00 PM","October","Day","TEN","20-17","37","2.5","0","1","0","1","<span style=""font-weight:700;color:#1da561 !important"">IND</span> @ <span style="""">TEN</span>"
"2024","6","2024-10-13 00:00:00","16","10","DEN","DEN","34","LAC","LAC","16","23","37.0","3","Grass","Partly Cloudy Day","64","","","9.6","342","Oct 13 4:05 PM","October","Late","LAC","23-16","39","3","1","0","1","0","<span style=""font-weight:700;color:#1da561 !important"">LAC</span> @ <span style="""">DEN</span>"
"2024","6","2024-10-13 00:00:00","16","35","LV","LV","24","PIT","PIT","13","32","37.0","3.5","Dome","","","","","","","Oct 13 4:05 PM","October","Late","PIT","32-13","45","3.5","1","0","1","0","<span style=""font-weight:700;color:#1da561 !important"">PIT</span> @ <span style="""">LV</span>"
"2024","6","2024-10-13 00:00:00","16","5","CAR","CAR","2","ATL","ATL","20","38","46.0","6","Grass","Clear Day","80.9","","","9.3","211","Oct 13 4:25 PM","October","Late","ATL","38-20","58","6","1","0","1","0","<span style=""font-weight:700;color:#1da561 !important"">ATL</span> @ <span style="""">CAR</span>"
"2024","6","2024-10-13 00:00:00","16","9","DAL","DAL","11","DET","DET","9","47","53.5","3.5","Dome","","","","","","","Oct 13 4:25 PM","October","Late","DET","47-9","56","3.5","1","0","1","0","<span style=""font-weight:700;color:#1da561 !important"">DET</span> @ <span style="""">DAL</span>"
"2024","6","2024-10-13 00:00:00","20","20","NYG","NYG","7","CIN","CIN","7","17","46.0","4","Turf","Clear Night","63.5","","","0.7","4","Oct 13 8:20 PM","October","Night","CIN","17-7","24","4","0","1","1","0","<span style=""font-weight:700;color:#1da561 !important"">CIN</span> @ <span style="""">NYG</span>"
"2024","6","2024-10-14 00:00:00","20","21","NYJ","NYJ","4","BUF","BUF","20","23","42.0","1","Turf","Clear Night","48.7","","","13.9","317","Oct 14 8:15 PM","October","Night","BUF","23-20","43","1","1","0","1","0","<span style=""font-weight:700;color:#1da561 !important"">BUF</span> @ <span style="""">NYJ</span>"
"2024","7","2024-10-17 00:00:00","20","19","NO","NO","10","DEN","DEN","10","33","37.0","2.5","Dome","","","","","","","Oct 17 8:15 PM","October","Night","DEN","33-10","43","2.5","1","0","1","0","<span style=""font-weight:700;color:#1da561 !important"">DEN</span> @ <span style="""">NO</span>"
"2024","7","2024-10-20 00:00:00","09","14","JAX","JAX","18","NE","NE","32","16","42.5","-6.5","Grass","Cloudy","62.7","","","17.7","209","Oct 20 9:30 AM","October","","JAX","16-32","48","6.5","1","0","1","0","<span style="""">NE</span> @ <span style=""font-weight:700;color:#1da561 !important"">JAX</span>"
"2024","7","2024-10-20 00:00:00","13","2","ATL","ATL","26","SEA","SEA","14","34","51.5","-3","Dome","","","","","","","Oct 20 1:00 PM","October","Day","ATL","34-14","48","3","0","1","0","1","<span style=""font-weight:700;color:#1da561 !important"">SEA</span> @ <span style="""">ATL</span>"
"2024","7","2024-10-20 00:00:00","13","4","BUF","BUF","30","TEN","TEN","34","10","41.0","-9.5","Turf","Partly Cloudy Day","66.7","","","16.6","218","Oct 20 1:00 PM","October","Day","BUF","10-34","44","9.5","1","0","1","0","<span style="""">TEN</span> @ <span style=""font-weight:700;color:#1da561 !important"">BUF</span>"
"2024","7","2024-10-20 00:00:00","13","8","CLE","CLE","7","CIN","CIN","14","21","42.5","5","Grass","Clear Day","66.9","","","4.8","279","Oct 20 1:00 PM","October","Day","CIN","21-14","35","5","0","1","1","0","<span style=""font-weight:700;color:#1da561 !important"">CIN</span> @ <span style="""">CLE</span>"
"2024","7","2024-10-20 00:00:00","13","12","GB","GB","32","HOU","HOU","24","22","47.5","-3","Grass","Clear Day","72.1","","","12.6","201","Oct 20 1:00 PM","October","Day","GB","22-24","46","3","0","1","0","1","<span style=""color:#1da561 !important"">HOU</span> @ <span style=""font-weight:700;"">GB</span>"
"2024","7","2024-10-20 00:00:00","13","13","IND","IND","16","MIA","MIA","16","10","44.0","-3","Dome","","","","","","","Oct 20 1:00 PM","October","Day","IND","10-16","26","3","0","1","1","0","<span style="""">MIA</span> @ <span style=""font-weight:700;color:#1da561 !important"">IND</span>"
"2024","7","2024-10-20 00:00:00","13","17","MIN","MIN","11","DET","DET","29","31","50.0","-1.5","Dome","","","","","","","Oct 20 1:00 PM","October","Day","MIN","31-29","60","1.5","1","0","0","1","<span style=""font-weight:700;color:#1da561 !important"">DET</span> @ <span style="""">MIN</span>"
"2024","7","2024-10-20 00:00:00","13","20","NYG","NYG","23","PHI","PHI","3","28","42.0","3","Turf","Clear Day","71.6","","","0.5","","Oct 20 1:00 PM","October","Day","PHI","28-3","31","3","0","1","1","0","<span style=""font-weight:700;color:#1da561 !important"">PHI</span> @ <span style="""">NYG</span>"
"2024","7","2024-10-20 00:00:00","16","33","LAR","LAR","35","LV","LV","20","15","43.5","-7","Dome","","","","","","","Oct 20 4:05 PM","October","Late","LAR","15-20","35","7","0","1","0","1","<span style=""color:#1da561 !important"">LV</span> @ <span style=""font-weight:700;"">LAR</span>"
"2024","7","2024-10-20 00:00:00","16","31","WAS","WAS","5","CAR","CAR","40","7","51.0","-10.5","Grass","Clear Day","74.3","","","2.6","7","Oct 20 4:05 PM","October","Late","WAS","7-40","47","10.5","0","1","1","0","<span style="""">CAR</span> @ <span style=""font-weight:700;color:#1da561 !important"">WAS</span>"
"2024","7","2024-10-20 00:00:00","16","27","SF","SF","15","KC","KC","18","28","48.0","-2.5","Grass","Clear Day","76.6","","","5.7","359","Oct 20 4:25 PM","October","Late","SF","28-18","46","2.5","0","1","0","1","<span style=""font-weight:700;color:#1da561 !important"">KC</span> @ <span style="""">SF</span>"
"2024","7","2024-10-20 00:00:00","20","24","PIT","PIT","21","NYJ","NYJ","37","15","40.0","2.5","Grass","Clear Night","65.3","","","5.7","252","Oct 20 8:20 PM","October","Night","NYJ","15-37","52","2.5","1","0","0","1","<span style="""">NYJ</span> @ <span style=""font-weight:700;color:#1da561 !important"">PIT</span>"
"2024","7","2024-10-21 00:00:00","20","29","TB","TB","3","BAL","BAL","31","41","51.0","4","Grass","Partly Cloudy Night","79","","","11.3","21","Oct 21 8:15 PM","October","Night","BAL","41-31","72","4","1","0","1","0","<span style=""font-weight:700;color:#1da561 !important"">BAL</span> @ <span style="""">TB</span>"
"2024","7","2024-10-21 00:00:00","21","1","ARI","ARI","34","LAC","LAC","17","15","44.5","1","Dome","","","","","","","Oct 21 9:00 PM","October","Night","LAC","15-17","32","1","0","1","0","1","<span style="""">LAC</span> @ <span style=""font-weight:700;color:#1da561 !important"">ARI</span>"
"2024","8","2024-10-24 00:00:00","20","33","LAR","LAR","17","MIN","MIN","30","20","47.0","2.5","Dome","","","","","","","Oct 24 8:15 PM","October","Night","MIN","20-30","50","2.5","1","0","0","1","<span style="""">MIN</span> @ <span style=""font-weight:700;color:#1da561 !important"">LAR</span>"
"2024","8","2024-10-27 00:00:00","13","7","CIN","CIN","23","PHI","PHI","17","37","47.5","-2.5","Turf","Clear Day","58.5","","","5.8","63","Oct 27 1:00 PM","October","Day","CIN","37-17","54","2.5","1","0","0","1","<span style=""font-weight:700;color:#1da561 !important"">PHI</span> @ <span style="""">CIN</span>"
"2024","8","2024-10-27 00:00:00","13","8","CLE","CLE","3","BAL","BAL","29","24","44.5","7.5","Grass","Partly Cloudy Day","55.1","","","6.7","214","Oct 27 1:00 PM","October","Day","BAL","24-29","53","7.5","1","0","0","1","<span style="""">BAL</span> @ <span style=""font-weight:700;color:#1da561 !important"">CLE</span>"
"2024","8","2024-10-27 00:00:00","13","11","DET","DET","30","TEN","TEN","52","14","45.5","-12.5","Dome","","","","","","","Oct 27 1:00 PM","October","Day","DET","14-52","66","12.5","1","0","1","0","<span style="""">TEN</span> @ <span style=""font-weight:700;color:#1da561 !important"">DET</span>"
"2024","8","2024-10-27 00:00:00","13","32","HOU","HOU","13","IND","IND","23","20","45.0","-5","Dome","","","","","","","Oct 27 1:00 PM","October","Day","HOU","20-23","43","5","0","1","0","1","<span style=""color:#1da561 !important"">IND</span> @ <span style=""font-weight:700;"">HOU</span>"
"2024","8","2024-10-27 00:00:00","13","14","JAX","JAX","12","GB","GB","27","30","49.0","3.5","Grass","Clear Day","82.3","","","3.1","36","Oct 27 1:00 PM","October","Day","GB","30-27","57","3.5","1","0","0","1","<span style=""font-weight:700;"">GB</span> @ <span style=""color:#1da561 !important"">JAX</span>"
"2024","8","2024-10-27 00:00:00","13","16","MIA","MIA","1","ARI","ARI","27","28","46.5","-5","Grass","Partly Cloudy Day","82.5","","","15.3","80","Oct 27 1:00 PM","October","Day","MIA","28-27","55","5","1","0","0","1","<span style=""font-weight:700;color:#1da561 !important"">ARI</span> @ <span style="""">MIA</span>"
"2024","8","2024-10-27 00:00:00","13","18","NE","NE","21","NYJ","NYJ","25","22","41.0","7","Turf","Clear Day","55.5","","","12.6","276","Oct 27 1:00 PM","October","Day","NYJ","22-25","47","7","1","0","0","1","<span style="""">NYJ</span> @ <span style=""font-weight:700;color:#1da561 !important"">NE</span>"
"2024","8","2024-10-27 00:00:00","13","29","TB","TB","2","ATL","ATL","26","31","47.5","1.5","Grass","Partly Cloudy Day","81.1","","","5.9","94","Oct 27 1:00 PM","October","Day","ATL","31-26","57","1.5","1","0","1","0","<span style=""font-weight:700;color:#1da561 !important"">ATL</span> @ <span style="""">TB</span>"
"2024","8","2024-10-27 00:00:00","16","34","LAC","LAC","19","NO","NO","26","8","41.5","-7.5","Dome","","","","","","","Oct 27 4:05 PM","October","Late","LAC","8-26","34","7.5","0","1","1","0","<span style="""">NO</span> @ <span style=""font-weight:700;color:#1da561 !important"">LAC</span>"
"2024","8","2024-10-27 00:00:00","16","26","SEA","SEA","4","BUF","BUF","10","31","45.0","3","Turf","Rain","56.1","100%","Rain","11.9","193","Oct 27 4:05 PM","October","Late","BUF","31-10","41","3","0","1","1","0","<span style=""font-weight:700;color:#1da561 !important"">BUF</span> @ <span style="""">SEA</span>"
"2024","8","2024-10-27 00:00:00","16","10","DEN","DEN","5","CAR","CAR","28","14","40.5","-13","Grass","Partly Cloudy Day","76.5","","","4.6","193","Oct 27 4:25 PM","October","Late","DEN","14-28","42","13","1","0","1","0","<span style="""">CAR</span> @ <span style=""font-weight:700;color:#1da561 !important"">DEN</span>"
"2024","8","2024-10-27 00:00:00","16","35","LV","LV","15","KC","KC","20","27","43.0","9","Dome","","","","","","","Oct 27 4:25 PM","October","Late","KC","27-20","47","9","1","0","0","1","<span style=""font-weight:700;"">KC</span> @ <span style=""color:#1da561 !important"">LV</span>"
"2024","8","2024-10-27 00:00:00","16","31","WAS","WAS","6","CHI","CHI","18","15","46.5","-1","Grass","Clear Day","58.6","","","1.8","31","Oct 27 4:25 PM","October","Late","WAS","15-18","33","1","0","1","1","0","<span style="""">CHI</span> @ <span style=""font-weight:700;color:#1da561 !important"">WAS</span>"
"2024","8","2024-10-27 00:00:00","20","27","SF","SF","9","DAL","DAL","30","24","47.5","-5.5","Grass","Partly Cloudy Day","69.2","","","10.8","339","Oct 27 8:20 PM","October","Night","SF","24-30","54","5.5","1","0","1","0","<span style="""">DAL</span> @ <span style=""font-weight:700;color:#1da561 !important"">SF</span>"
"2024","8","2024-10-28 00:00:00","20","24","PIT","PIT","20","NYG","NYG","26","18","37.5","-6","Grass","Partly Cloudy Night","58.8","","","4.5","118","Oct 28 8:15 PM","October","Night","PIT","18-26","44","6","1","0","1","0","<span style="""">NYG</span> @ <span style=""font-weight:700;color:#1da561 !important"">PIT</span>"
"2024","9","2024-10-31 00:00:00","20","21","NYJ","NYJ","32","HOU","HOU","21","13","43.5","-2.5","Turf","Clear Night","74.8","","","7.8","200","Oct 31 8:15 PM","October","Night","NYJ","13-21","34","2.5","0","1","1","0","<span style="""">HOU</span> @ <span style=""font-weight:700;color:#1da561 !important"">NYJ</span>"
"2024","9","2024-11-03 00:00:00","13","2","ATL","ATL","9","DAL","DAL","27","21","52.0","-3","Dome","","","","","","","Nov 3 1:00 PM","November","Day","ATL","21-27","48","3","0","1","1","0","<span style="""">DAL</span> @ <span style=""font-weight:700;color:#1da561 !important"">ATL</span>"
"2024","9","2024-11-03 00:00:00","13","3","BAL","BAL","10","DEN","DEN","41","10","46.5","-9","Grass","Partly Cloudy Day","56.2","","","4.2","120","Nov 3 1:00 PM","November","Day","BAL","10-41","51","9","1","0","1","0","<span style="""">DEN</span> @ <span style=""font-weight:700;color:#1da561 !important"">BAL</span>"
"2024","9","2024-11-03 00:00:00","13","4","BUF","BUF","16","MIA","MIA","30","27","49.0","-6","Turf","Partly Cloudy Day","54","","","10.7","80","Nov 3 1:00 PM","November","Day","BUF","27-30","57","6","1","0","0","1","<span style=""color:#1da561 !important"">MIA</span> @ <span style=""font-weight:700;"">BUF</span>"
"2024","9","2024-11-03 00:00:00","13","5","CAR","CAR","19","NO","NO","23","22","43.0","7","Grass","Partly Cloudy Day","65.6","","","7","48","Nov 3 1:00 PM","November","Day","NO","22-23","45","7","1","0","0","1","<span style="""">NO</span> @ <span style=""font-weight:700;color:#1da561 !important"">CAR</span>"
"2024","9","2024-11-03 00:00:00","13","7","CIN","CIN","35","LV","LV","41","24","44.0","-7.5","Turf","Clear Day","69.5","","","7.5","141","Nov 3 1:00 PM","November","Day","CIN","24-41","65","7.5","1","0","1","0","<span style="""">LV</span> @ <span style=""font-weight:700;color:#1da561 !important"">CIN</span>"
"2024","9","2024-11-03 00:00:00","13","8","CLE","CLE","34","LAC","LAC","10","27","41.5","2","Grass","Clear Day","64.1","","","11.5","110","Nov 3 1:00 PM","November","Day","LAC","27-10","37","2","0","1","1","0","<span style=""font-weight:700;color:#1da561 !important"">LAC</span> @ <span style="""">CLE</span>"
"2024","9","2024-11-03 00:00:00","13","20","NYG","NYG","31","WAS","WAS","22","27","44.0","4","Turf","Clear Day","53.1","","","5.1","358","Nov 3 1:00 PM","November","Day","WAS","27-22","49","4","1","0","1","0","<span style=""font-weight:700;color:#1da561 !important"">WAS</span> @ <span style="""">NYG</span>"
"2024","9","2024-11-03 00:00:00","13","30","TEN","TEN","18","NE","NE","20","17","38.0","-3.5","Grass","Partly Cloudy Day","78.3","","","15.6","170","Nov 3 1:00 PM","November","Day","TEN","17-20","37","3.5","0","1","0","1","<span style=""color:#1da561 !important"">NE</span> @ <span style=""font-weight:700;"">TEN</span>"
"2024","9","2024-11-03 00:00:00","16","1","ARI","ARI","6","CHI","CHI","29","9","44.5","-1.5","Dome","","","","","","","Nov 3 4:05 PM","November","Late","ARI","9-29","38","1.5","0","1","1","0","<span style="""">CHI</span> @ <span style=""font-weight:700;color:#1da561 !important"">ARI</span>"
"2024","9","2024-11-03 00:00:00","16","23","PHI","PHI","14","JAX","JAX","28","23","46.0","-7.5","Grass","Partly Cloudy Day","56.9","","","6.7","41","Nov 3 4:05 PM","November","Late","PHI","23-28","51","7.5","1","0","0","1","<span style=""color:#1da561 !important"">JAX</span> @ <span style=""font-weight:700;"">PHI</span>"
"2024","9","2024-11-03 00:00:00","16","12","GB","GB","11","DET","DET","14","24","48.5","2.5","Grass","Rain","49.9","100%","Rain","13.8","100","Nov 3 4:25 PM","November","Late","DET","24-14","38","2.5","0","1","1","0","<span style=""font-weight:700;color:#1da561 !important"">DET</span> @ <span style="""">GB</span>"
"2024","9","2024-11-03 00:00:00","16","26","SEA","SEA","33","LAR","LAR","20","26","48.5","2","Turf","Partly Cloudy Day","52.7","","","5.7","216","Nov 3 4:25 PM","November","Late","LAR","26-20","46","2","0","1","1","0","<span style=""font-weight:700;color:#1da561 !important"">LAR</span> @ <span style="""">SEA</span>"
"2024","9","2024-11-03 00:00:00","20","17","MIN","MIN","13","IND","IND","21","13","47.0","-5.5","Dome","","","","","","","Nov 3 8:20 PM","November","Night","MIN","13-21","34","5.5","0","1","1","0","<span style="""">IND</span> @ <span style=""font-weight:700;color:#1da561 !important"">MIN</span>"
"2024","9","2024-11-04 00:00:00","20","15","KC","KC","29","TB","TB","30","24","45.5","-9","Grass","Rain","62.1","100%","Rain","9.8","85","Nov 4 8:15 PM","November","Night","KC","24-30","54","9","1","0","0","1","<span style=""color:#1da561 !important"">TB</span> @ <span style=""font-weight:700;"">KC</span>"
"2024","10","2024-11-07 00:00:00","20","3","BAL","BAL","7","CIN","CIN","35","34","53.0","-6","Grass","Partly Cloudy Night","65.1","","","5.8","306","Nov 7 8:15 PM","November","Night","BAL","34-35","69","6","1","0","0","1","<span style=""color:#1da561 !important"">CIN</span> @ <span style=""font-weight:700;"">BAL</span>"
"2024","10","2024-11-10 00:00:00","09","5","CAR","CAR","20","NYG","NYG","20","17","40.5","6.5","Grass","Cloudy","39.1","","","3","70","Nov 10 9:30 AM","November","","NYG","17-20","37","6.5","0","1","0","1","<span style="""">NYG</span> @ <span style=""font-weight:700;color:#1da561 !important"">CAR</span>"
"2024","10","2024-11-10 00:00:00","13","6","CHI","CHI","18","NE","NE","3","19","37.5","-6","Grass","Partly Cloudy Day","61.1","","","18.7","207","Nov 10 1:00 PM","November","Day","CHI","19-3","22","6","0","1","0","1","<span style=""font-weight:700;color:#1da561 !important"">NE</span> @ <span style="""">CHI</span>"
"2024","10","2024-11-10 00:00:00","13","13","IND","IND","4","BUF","BUF","20","30","47.0","4.5","Dome","","","","","","","Nov 10 1:00 PM","November","Day","BUF","30-20","50","4.5","1","0","1","0","<span style=""font-weight:700;color:#1da561 !important"">BUF</span> @ <span style="""">IND</span>"
"2024","10","2024-11-10 00:00:00","13","14","JAX","JAX","17","MIN","MIN","7","12","42.5","7","Grass","Cloudy","78.2","","","16","123","Nov 10 1:00 PM","November","Day","MIN","12-7","19","7","0","1","0","1","<span style=""font-weight:700;"">MIN</span> @ <span style=""color:#1da561 !important"">JAX</span>"
"2024","10","2024-11-10 00:00:00","13","15","KC","KC","10","DEN","DEN","16","14","42.5","-7","Grass","Clear Day","58.3","","","10","285","Nov 10 1:00 PM","November","Day","KC","14-16","30","7","0","1","0","1","<span style=""color:#1da561 !important"">DEN</span> @ <span style=""font-weight:700;"">KC</span>"
"2024","10","2024-11-10 00:00:00","13","19","NO","NO","2","ATL","ATL","20","17","47.5","3.5","Dome","","","","","","","Nov 10 1:00 PM","November","Day","ATL","17-20","37","3.5","0","1","0","1","<span style="""">ATL</span> @ <span style=""font-weight:700;color:#1da561 !important"">NO</span>"
"2024","10","2024-11-10 00:00:00","13","29","TB","TB","27","SF","SF","20","23","50.0","6.5","Grass","Partly Cloudy Day","86","","","8.2","130","Nov 10 1:00 PM","November","Day","SF","23-20","43","6.5","0","1","0","1","<span style=""font-weight:700;"">SF</span> @ <span style=""color:#1da561 !important"">TB</span>"
"2024","10","2024-11-10 00:00:00","13","31","WAS","WAS","24","PIT","PIT","27","28","45.5","-2","Grass","Partly Cloudy Day","58.9","","","10","196","Nov 10 1:00 PM","November","Day","WAS","28-27","55","2","1","0","0","1","<span style=""font-weight:700;color:#1da561 !important"">PIT</span> @ <span style="""">WAS</span>"
"2024","10","2024-11-10 00:00:00","16","34","LAC","LAC","30","TEN","TEN","27","17","39.5","-8.5","Dome","","","","","","","Nov 10 4:05 PM","November","Late","LAC","17-27","44","8.5","1","0","1","0","<span style="""">TEN</span> @ <span style=""font-weight:700;color:#1da561 !important"">LAC</span>"
"2024","10","2024-11-10 00:00:00","16","1","ARI","ARI","21","NYJ","NYJ","31","6","46.0","2","Dome","","","","","","","Nov 10 4:25 PM","November","Late","NYJ","6-31","37","2","0","1","0","1","<span style="""">NYJ</span> @ <span style=""font-weight:700;color:#1da561 !important"">ARI</span>"
"2024","10","2024-11-10 00:00:00","16","9","DAL","DAL","23","PHI","PHI","6","34","44.5","7","Dome","","","","","","","Nov 10 4:25 PM","November","Late","PHI","34-6","40","7","0","1","1","0","<span style=""font-weight:700;color:#1da561 !important"">PHI</span> @ <span style="""">DAL</span>"
"2024","10","2024-11-10 00:00:00","20","32","HOU","HOU","11","DET","DET","23","26","49.0","4","Dome","","","","","","","Nov 10 8:20 PM","November","Night","DET","26-23","49","4","0","0","0","1","<span style=""font-weight:700;"">DET</span> @ <span style=""color:#1da561 !important"">HOU</span>"
"2024","10","2024-11-11 00:00:00","20","33","LAR","LAR","16","MIA","MIA","15","23","49.5","-2","Dome","","","","","","","Nov 11 8:15 PM","November","Night","LAR","23-15","38","2","0","1","0","1","<span style=""font-weight:700;color:#1da561 !important"">MIA</span> @ <span style="""">LAR</span>"
"2024","11","2024-11-14 00:00:00","20","23","PHI","PHI","31","WAS","WAS","26","18","49.0","-4.5","Grass","Partly Cloudy Night","44.9","","","9","60","Nov 14 8:15 PM","November","Night","PHI","18-26","44","4.5","0","1","1","0","<span style="""">WAS</span> @ <span style=""font-weight:700;color:#1da561 !important"">PHI</span>"
"2024","11","2024-11-17 00:00:00","13","6","CHI","CHI","12","GB","GB","19","20","41.0","6","Grass","Partly Cloudy Day","55.8","","","9.4","229","Nov 17 1:00 PM","November","Day","GB","20-19","39","6","0","1","0","1","<span style=""font-weight:700;"">GB</span> @ <span style=""color:#1da561 !important"">CHI</span>"
"2024","11","2024-11-17 00:00:00","13","11","DET","DET","14","JAX","JAX","52","6","47.5","-13.5","Dome","","","","","","","Nov 17 1:00 PM","November","Day","DET","6-52","58","13.5","1","0","1","0","<span style="""">JAX</span> @ <span style=""font-weight:700;color:#1da561 !important"">DET</span>"
"2024","11","2024-11-17 00:00:00","13","16","MIA","MIA","35","LV","LV","34","19","43.5","-8","Grass","Cloudy","81.3","","","11","48","Nov 17 1:00 PM","November","Day","MIA","19-34","53","8","1","0","1","0","<span style="""">LV</span> @ <span style=""font-weight:700;color:#1da561 !important"">MIA</span>"
"2024","11","2024-11-17 00:00:00","13","18","NE","NE","33","LAR","LAR","22","28","42.0","4","Turf","Clear Day","63.6","","","9.8","309","Nov 17 1:00 PM","November","Day","LAR","28-22","50","4","1","0","1","0","<span style=""font-weight:700;color:#1da561 !important"">LAR</span> @ <span style="""">NE</span>"
"2024","11","2024-11-17 00:00:00","13","19","NO","NO","8","CLE","CLE","35","14","44.0","1","Dome","","","","","","","Nov 17 1:00 PM","November","Day","CLE","14-35","49","1","1","0","0","1","<span style="""">CLE</span> @ <span style=""font-weight:700;color:#1da561 !important"">NO</span>"
"2024","11","2024-11-17 00:00:00","13","21","NYJ","NYJ","13","IND","IND","27","28","43.0","-4","Turf","Clear Day","62.8","","","5.1","318","Nov 17 1:00 PM","November","Day","NYJ","28-27","55","4","1","0","0","1","<span style=""font-weight:700;color:#1da561 !important"">IND</span> @ <span style="""">NYJ</span>"
"2024","11","2024-11-17 00:00:00","13","24","PIT","PIT","3","BAL","BAL","18","16","48.5","3","Grass","Partly Cloudy Day","50.6","","","6.6","158","Nov 17 1:00 PM","November","Day","BAL","16-18","34","3","0","1","0","1","<span style="""">BAL</span> @ <span style=""font-weight:700;color:#1da561 !important"">PIT</span>"
"2024","11","2024-11-17 00:00:00","13","30","TEN","TEN","17","MIN","MIN","13","23","40.0","6","Grass","Partly Cloudy Day","70.4","","","4.6","180","Nov 17 1:00 PM","November","Day","MIN","23-13","36","6","0","1","1","0","<span style=""font-weight:700;color:#1da561 !important"">MIN</span> @ <span style="""">TEN</span>"
"2024","11","2024-11-17 00:00:00","16","10","DEN","DEN","2","ATL","ATL","38","6","44.5","-2","Grass","Clear Day","52.1","","","6","135","Nov 17 4:05 PM","November","Late","DEN","6-38","44","2","0","1","1","0","<span style="""">ATL</span> @ <span style=""font-weight:700;color:#1da561 !important"">DEN</span>"
"2024","11","2024-11-17 00:00:00","16","27","SF","SF","26","SEA","SEA","17","20","48.5","-6","Grass","Cloudy","61.7","","","3.2","353","Nov 17 4:05 PM","November","Late","SF","20-17","37","6","0","1","0","1","<span style=""font-weight:700;color:#1da561 !important"">SEA</span> @ <span style="""">SF</span>"
"2024","11","2024-11-17 00:00:00","16","4","BUF","BUF","15","KC","KC","30","21","47.0","-2.5","Turf","Partly Cloudy Day","51.3","","","1.4","319","Nov 17 4:25 PM","November","Late","BUF","21-30","51","2.5","1","0","1","0","<span style="""">KC</span> @ <span style=""font-weight:700;color:#1da561 !important"">BUF</span>"
"2024","11","2024-11-17 00:00:00","20","34","LAC","LAC","7","CIN","CIN","34","27","48.0","-1","Dome","","","","","","","Nov 17 8:20 PM","November","Night","LAC","27-34","61","1","1","0","1","0","<span style="""">CIN</span> @ <span style=""font-weight:700;color:#1da561 !important"">LAC</span>"
"2024","11","2024-11-18 00:00:00","20","9","DAL","DAL","32","HOU","HOU","10","34","41.5","7","Dome","","","","","","","Nov 18 8:15 PM","November","Night","HOU","34-10","44","7","1","0","1","0","<span style=""font-weight:700;color:#1da561 !important"">HOU</span> @ <span style="""">DAL</span>"
"2024","12","2024-11-21 00:00:00","20","8","CLE","CLE","24","PIT","PIT","24","19","36.5","3.5","Grass","Cloudy","36","","","13.8","231","Nov 21 8:15 PM","November","Night","PIT","19-24","43","3.5","1","0","0","1","<span style="""">PIT</span> @ <span style=""font-weight:700;color:#1da561 !important"">CLE</span>"
"2024","12","2024-11-24 00:00:00","13","5","CAR","CAR","15","KC","KC","27","30","43.0","10.5","Grass","Partly Cloudy Day","62.5","","","1.1","332","Nov 24 1:00 PM","November","Day","KC","30-27","57","10.5","1","0","0","1","<span style=""font-weight:700;"">KC</span> @ <span style=""color:#1da561 !important"">CAR</span>"
"2024","12","2024-11-24 00:00:00","13","6","CHI","CHI","17","MIN","MIN","27","30","39.5","3","Grass","Partly Cloudy Day","48.6","","","9.2","139","Nov 24 1:00 PM","November","Day","MIN","30-27","57","3","1","0","0","0","<span style=""font-weight:700;"">MIN</span> @ <span style="""">CHI</span>"
"2024","12","2024-11-24 00:00:00","13","32","HOU","HOU","30","TEN","TEN","27","32","41.0","-8","Dome","","","","","","","Nov 24 1:00 PM","November","Day","HOU","32-27","59","8","1","0","0","1","<span style=""font-weight:700;color:#1da561 !important"">TEN</span> @ <span style="""">HOU</span>"
"2024","12","2024-11-24 00:00:00","13","13","IND","IND","11","DET","DET","6","24","50.5","7","Dome","","","","","","","Nov 24 1:00 PM","November","Day","DET","24-6","30","7","0","1","1","0","<span style=""font-weight:700;color:#1da561 !important"">DET</span> @ <span style="""">IND</span>"
"2024","12","2024-11-24 00:00:00","13","16","MIA","MIA","18","NE","NE","34","15","45.5","-7.5","Grass","Clear Day","78.6","","","9.1","72","Nov 24 1:00 PM","November","Day","MIA","15-34","49","7.5","1","0","1","0","<span style="""">NE</span> @ <span style=""font-weight:700;color:#1da561 !important"">MIA</span>"
"2024","12","2024-11-24 00:00:00","13","20","NYG","NYG","29","TB","TB","7","30","40.0","6","Turf","Partly Cloudy Day","53.3","","","13.8","312","Nov 24 1:00 PM","November","Day","TB","30-7","37","6","0","1","1","0","<span style=""font-weight:700;color:#1da561 !important"">TB</span> @ <span style="""">NYG</span>"
"2024","12","2024-11-24 00:00:00","13","31","WAS","WAS","9","DAL","DAL","26","34","44.5","-10.5","Grass","Partly Cloudy Day","57.5","","","7.8","263","Nov 24 1:00 PM","November","Day","WAS","34-26","60","10.5","1","0","0","1","<span style=""font-weight:700;color:#1da561 !important"">DAL</span> @ <span style="""">WAS</span>"
"2024","12","2024-11-24 00:00:00","16","35","LV","LV","10","DEN","DEN","19","29","41.5","5.5","Dome","","","","","","","Nov 24 4:05 PM","November","Late","DEN","29-19","48","5.5","1","0","1","0","<span style=""font-weight:700;color:#1da561 !important"">DEN</span> @ <span style="""">LV</span>"
"2024","12","2024-11-24 00:00:00","16","12","GB","GB","27","SF","SF","38","10","44.5","-6","Grass","Cloudy","43","","","11.3","60","Nov 24 4:25 PM","November","Late","GB","10-38","48","6","1","0","1","0","<span style="""">SF</span> @ <span style=""font-weight:700;color:#1da561 !important"">GB</span>"
"2024","12","2024-11-24 00:00:00","16","26","SEA","SEA","1","ARI","ARI","16","6","46.5","1","Turf","Rain","46.6","100%","Rain","7.1","151","Nov 24 4:25 PM","November","Late","ARI","6-16","22","1","0","1","0","1","<span style="""">ARI</span> @ <span style=""font-weight:700;color:#1da561 !important"">SEA</span>"
"2024","12","2024-11-24 00:00:00","20","33","LAR","LAR","23","PHI","PHI","20","37","48.5","3","Dome","","","","","","","Nov 24 8:20 PM","November","Night","PHI","37-20","57","3","1","0","1","0","<span style=""font-weight:700;color:#1da561 !important"">PHI</span> @ <span style="""">LAR</span>"
"2024","12","2024-11-25 00:00:00","20","34","LAC","LAC","3","BAL","BAL","23","30","50.5","3","Dome","","","","","","","Nov 25 8:15 PM","November","Night","BAL","30-23","53","3","1","0","1","0","<span style=""font-weight:700;color:#1da561 !important"">BAL</span> @ <span style="""">LAC</span>"
"2024","13","2024-11-28 00:00:00","12","11","DET","DET","6","CHI","CHI","23","20","48.0","-10","Dome","","","","","","","Nov 28 12:30 PM","November","Day","DET","20-23","43","10","0","1","0","1","<span style=""color:#1da561 !important"">CHI</span> @ <span style=""font-weight:700;"">DET</span>"
"2024","13","2024-11-28 00:00:00","16","9","DAL","DAL","20","NYG","NYG","27","20","39.0","-4","Dome","","","","","","","Nov 28 4:30 PM","November","Late","DAL","20-27","47","4","1","0","1","0","<span style="""">NYG</span> @ <span style=""font-weight:700;color:#1da561 !important"">DAL</span>"
"2024","13","2024-11-28 00:00:00","20","12","GB","GB","16","MIA","MIA","30","17","47.5","-3.5","Grass","Cloudy","27","","","10.2","280","Nov 28 8:20 PM","November","Night","GB","17-30","47","3.5","0","1","1","0","<span style="""">MIA</span> @ <span style=""font-weight:700;color:#1da561 !important"">GB</span>"
"2024","13","2024-11-29 00:00:00","15","15","KC","KC","35","LV","LV","19","17","42.5","-13.5","Grass","Partly Cloudy Day","38.2","","","5.8","274","Nov 29 3:00 PM","November","Day","KC","17-19","36","13.5","0","1","0","1","<span style=""color:#1da561 !important"">LV</span> @ <span style=""font-weight:700;"">KC</span>"
"2024","13","2024-12-01 00:00:00","13","2","ATL","ATL","34","LAC","LAC","13","17","48.0","1","Dome","","","","","","","Dec 1 1:00 PM","December","Day","LAC","17-13","30","1","0","1","1","0","<span style=""font-weight:700;color:#1da561 !important"">LAC</span> @ <span style="""">ATL</span>"
"2024","13","2024-12-01 00:00:00","13","7","CIN","CIN","24","PIT","PIT","38","44","46.0","-3","Turf","Clear Day","32.4","","","8.4","292","Dec 1 1:00 PM","December","Day","CIN","44-38","82","3","1","0","0","1","<span style=""font-weight:700;color:#1da561 !important"">PIT</span> @ <span style="""">CIN</span>"
"2024","13","2024-12-01 00:00:00","13","14","JAX","JAX","32","HOU","HOU","20","23","45.0","3","Grass","Clear Day","59.7","","","5.1","354","Dec 1 1:00 PM","December","Day","HOU","23-20","43","3","0","1","0","0","<span style=""font-weight:700;"">HOU</span> @ <span style="""">JAX</span>"
"2024","13","2024-12-01 00:00:00","13","17","MIN","MIN","1","ARI","ARI","23","22","45.5","-3.5","Dome","","","","","","","Dec 1 1:00 PM","December","Day","MIN","22-23","45","3.5","0","1","0","1","<span style=""color:#1da561 !important"">ARI</span> @ <span style=""font-weight:700;"">MIN</span>"
"2024","13","2024-12-01 00:00:00","13","18","NE","NE","13","IND","IND","24","25","41.0","2","Turf","Clear Day","38.2","","","11.4","219","Dec 1 1:00 PM","December","Day","IND","25-24","49","2","1","0","0","1","<span style=""font-weight:700;"">IND</span> @ <span style=""color:#1da561 !important"">NE</span>"
"2024","13","2024-12-01 00:00:00","13","21","NYJ","NYJ","26","SEA","SEA","21","26","41.5","-1.5","Turf","Clear Day","36.2","","","14.6","248","Dec 1 1:00 PM","December","Day","NYJ","26-21","47","1.5","1","0","0","1","<span style=""font-weight:700;color:#1da561 !important"">SEA</span> @ <span style="""">NYJ</span>"
"2024","13","2024-12-01 00:00:00","13","31","WAS","WAS","30","TEN","TEN","42","19","45.0","-6","Grass","Partly Cloudy Day","43.7","","","8.6","274","Dec 1 1:00 PM","December","Day","WAS","19-42","61","6","1","0","1","0","<span style="""">TEN</span> @ <span style=""font-weight:700;color:#1da561 !important"">WAS</span>"
"2024","13","2024-12-01 00:00:00","16","5","CAR","CAR","29","TB","TB","23","26","46.0","6.5","Grass","Partly Cloudy Day","51.3","","","7.1","254","Dec 1 4:05 PM","December","Late","TB","26-23","49","6.5","1","0","0","1","<span style=""font-weight:700;"">TB</span> @ <span style=""color:#1da561 !important"">CAR</span>"
"2024","13","2024-12-01 00:00:00","16","19","NO","NO","33","LAR","LAR","14","21","49.0","3","Dome","","","","","","","Dec 1 4:05 PM","December","Late","LAR","21-14","35","3","0","1","1","0","<span style=""font-weight:700;color:#1da561 !important"">LAR</span> @ <span style="""">NO</span>"
"2024","13","2024-12-01 00:00:00","16","3","BAL","BAL","23","PHI","PHI","19","24","50.0","-3","Grass","Partly Cloudy Day","40.9","","","11.7","281","Dec 1 4:25 PM","December","Late","BAL","24-19","43","3","0","1","0","1","<span style=""font-weight:700;color:#1da561 !important"">PHI</span> @ <span style="""">BAL</span>"
"2024","13","2024-12-01 00:00:00","20","4","BUF","BUF","27","SF","SF","35","10","45.5","-6.5","Turf","Snow","30.6","100%","Snow","13.9","253","Dec 1 8:20 PM","December","Night","BUF","10-35","45","6.5","0","1","1","0","<span style="""">SF</span> @ <span style=""font-weight:700;color:#1da561 !important"">BUF</span>"
"2024","13","2024-12-02 00:00:00","20","10","DEN","DEN","8","CLE","CLE","41","32","41.5","-6","Grass","Partly Cloudy Night","41.2","","","9","191","Dec 2 8:15 PM","December","Night","DEN","32-41","73","6","1","0","1","0","<span style="""">CLE</span> @ <span style=""font-weight:700;color:#1da561 !important"">DEN</span>"
"2024","14","2024-12-05 00:00:00","20","11","DET","DET","12","GB","GB","34","31","52.5","-3","Dome","","","","","","","Dec 5 8:15 PM","December","Night","DET","31-34","65","3","1","0","0","0","<span style="""">GB</span> @ <span style=""font-weight:700;"">DET</span>"
"2024","14","2024-12-08 00:00:00","13","16","MIA","MIA","21","NYJ","NYJ","32","26","45.0","-6.5","Grass","Partly Cloudy Day","77.6","","","11.4","88","Dec 8 1:00 PM","December","Day","MIA","26-32","58","6.5","1","0","0","1","<span style=""color:#1da561 !important"">NYJ</span> @ <span style=""font-weight:700;"">MIA</span>"
"2024","14","2024-12-08 00:00:00","13","17","MIN","MIN","2","ATL","ATL","42","21","46.5","-6","Dome","","","","","","","Dec 8 1:00 PM","December","Day","MIN","21-42","63","6","1","0","1","0","<span style="""">ATL</span> @ <span style=""font-weight:700;color:#1da561 !important"">MIN</span>"
"2024","14","2024-12-08 00:00:00","13","20","NYG","NYG","19","NO","NO","11","14","41.0","5.5","Turf","Clear Day","54.2","","","13.2","271","Dec 8 1:00 PM","December","Day","NO","14-11","25","5.5","0","1","0","1","<span style=""font-weight:700;"">NO</span> @ <span style=""color:#1da561 !important"">NYG</span>"
"2024","14","2024-12-08 00:00:00","13","23","PHI","PHI","5","CAR","CAR","22","16","45.0","-14","Grass","Partly Cloudy Day","57.9","","","23.3","261","Dec 8 1:00 PM","December","Day","PHI","16-22","38","14","0","1","0","1","<span style=""color:#1da561 !important"">CAR</span> @ <span style=""font-weight:700;"">PHI</span>"
"2024","14","2024-12-08 00:00:00","13","24","PIT","PIT","8","CLE","CLE","27","14","42.5","-6","Grass","Partly Cloudy Day","50.3","","","11","254","Dec 8 1:00 PM","December","Day","PIT","14-27","41","6","0","1","1","0","<span style="""">CLE</span> @ <span style=""font-weight:700;color:#1da561 !important"">PIT</span>"
"2024","14","2024-12-08 00:00:00","13","29","TB","TB","35","LV","LV","28","13","47.0","-6.5","Grass","Partly Cloudy Day","70.2","","","8.9","251","Dec 8 1:00 PM","December","Day","TB","13-28","41","6.5","0","1","1","0","<span style="""">LV</span> @ <span style=""font-weight:700;color:#1da561 !important"">TB</span>"
"2024","14","2024-12-08 00:00:00","13","30","TEN","TEN","14","JAX","JAX","6","10","40.5","-3","Grass","Cloudy","57.6","","","12.5","189","Dec 8 1:00 PM","December","Day","TEN","10-6","16","3","0","1","0","1","<span style=""font-weight:700;color:#1da561 !important"">JAX</span> @ <span style="""">TEN</span>"
"2024","14","2024-12-08 00:00:00","16","1","ARI","ARI","26","SEA","SEA","18","30","45.5","-3","Dome","","","","","","","Dec 8 4:05 PM","December","Late","ARI","30-18","48","3","1","0","0","1","<span style=""font-weight:700;color:#1da561 !important"">SEA</span> @ <span style="""">ARI</span>"
"2024","14","2024-12-08 00:00:00","16","33","LAR","LAR","4","BUF","BUF","44","42","50.5","3.5","Dome","","","","","","","Dec 8 4:25 PM","December","Late","BUF","42-44","86","3.5","1","0","0","1","<span style="""">BUF</span> @ <span style=""font-weight:700;color:#1da561 !important"">LAR</span>"
"2024","14","2024-12-08 00:00:00","16","27","SF","SF","6","CHI","CHI","38","13","43.5","-3","Grass","Partly Cloudy Day","68.2","","","4.1","327","Dec 8 4:25 PM","December","Late","SF","13-38","51","3","1","0","1","0","<span style="""">CHI</span> @ <span style=""font-weight:700;color:#1da561 !important"">SF</span>"
"2024","14","2024-12-08 00:00:00","20","15","KC","KC","34","LAC","LAC","19","17","43.0","-4.5","Grass","Cloudy","49.3","","","13.5","226","Dec 8 8:20 PM","December","Night","KC","17-19","36","4.5","0","1","0","1","<span style=""color:#1da561 !important"">LAC</span> @ <span style=""font-weight:700;"">KC</span>"
"2024","14","2024-12-09 00:00:00","20","9","DAL","DAL","7","CIN","CIN","20","27","50.5","4.5","Dome","","","","","","","Dec 9 8:15 PM","December","Night","CIN","27-20","47","4.5","0","1","1","0","<span style=""font-weight:700;color:#1da561 !important"">CIN</span> @ <span style="""">DAL</span>"
"2024","15","2024-12-12 00:00:00","20","27","SF","SF","33","LAR","LAR","6","12","48.5","-3","Grass","Rain","54.4","100%","Rain","4","246","Dec 12 8:15 PM","December","Night","SF","12-6","18","3","0","1","0","1","<span style=""font-weight:700;color:#1da561 !important"">LAR</span> @ <span style="""">SF</span>"
"2024","15","2024-12-15 00:00:00","13","5","CAR","CAR","9","DAL","DAL","14","30","42.0","-2.5","Grass","Cloudy","45.8","","","8.1","9","Dec 15 1:00 PM","December","Day","CAR","30-14","44","2.5","1","0","0","1","<span style=""font-weight:700;color:#1da561 !important"">DAL</span> @ <span style="""">CAR</span>"
"2024","15","2024-12-15 00:00:00","13","8","CLE","CLE","15","KC","KC","7","21","41.0","4","Grass","Cloudy","40.9","","","20.6","151","Dec 15 1:00 PM","December","Day","KC","21-7","28","4","0","1","1","0","<span style=""font-weight:700;color:#1da561 !important"">KC</span> @ <span style="""">CLE</span>"
"2024","15","2024-12-15 00:00:00","13","32","HOU","HOU","16","MIA","MIA","20","12","46.5","-2.5","Dome","","","","","","","Dec 15 1:00 PM","December","Day","HOU","12-20","32","2.5","0","1","1","0","<span style="""">MIA</span> @ <span style=""font-weight:700;color:#1da561 !important"">HOU</span>"
"2024","15","2024-12-15 00:00:00","13","14","JAX","JAX","21","NYJ","NYJ","25","32","41.5","3","Grass","Cloudy","64.4","","","9.2","16","Dec 15 1:00 PM","December","Day","NYJ","32-25","57","3","1","0","1","0","<span style=""font-weight:700;color:#1da561 !important"">NYJ</span> @ <span style="""">JAX</span>"
"2024","15","2024-12-15 00:00:00","13","19","NO","NO","31","WAS","WAS","19","20","44.5","7.5","Dome","","","","","","","Dec 15 1:00 PM","December","Day","WAS","20-19","39","7.5","0","1","0","1","<span style=""font-weight:700;"">WAS</span> @ <span style=""color:#1da561 !important"">NO</span>"
"2024","15","2024-12-15 00:00:00","13","20","NYG","NYG","3","BAL","BAL","14","35","43.5","16.5","Turf","Clear Day","37.6","","","6.1","54","Dec 15 1:00 PM","December","Day","BAL","35-14","49","16.5","1","0","1","0","<span style=""font-weight:700;color:#1da561 !important"">BAL</span> @ <span style="""">NYG</span>"
"2024","15","2024-12-15 00:00:00","13","30","TEN","TEN","7","CIN","CIN","27","37","46.0","6","Grass","Cloudy","55.6","","","11.2","189","Dec 15 1:00 PM","December","Day","CIN","37-27","64","6","1","0","1","0","<span style=""font-weight:700;color:#1da561 !important"">CIN</span> @ <span style="""">TEN</span>"
"2024","15","2024-12-15 00:00:00","16","1","ARI","ARI","18","NE","NE","30","17","46.5","-6","Dome","","","","","","","Dec 15 4:25 PM","December","Late","ARI","17-30","47","6","1","0","1","0","<span style="""">NE</span> @ <span style=""font-weight:700;color:#1da561 !important"">ARI</span>"
"2024","15","2024-12-15 00:00:00","16","10","DEN","DEN","13","IND","IND","31","13","44.0","-4.5","Grass","Partly Cloudy Day","54.1","","","14.4","309","Dec 15 4:25 PM","December","Late","DEN","13-31","44","4.5","0","0","1","0","<span style="""">IND</span> @ <span style=""font-weight:700;color:#1da561 !important"">DEN</span>"
"2024","15","2024-12-15 00:00:00","16","11","DET","DET","4","BUF","BUF","42","48","55.5","-2.5","Dome","","","","","","","Dec 15 4:25 PM","December","Late","DET","48-42","90","2.5","1","0","0","1","<span style=""font-weight:700;color:#1da561 !important"">BUF</span> @ <span style="""">DET</span>"
"2024","15","2024-12-15 00:00:00","16","34","LAC","LAC","29","TB","TB","17","40","46.0","-3","Dome","","","","","","","Dec 15 4:25 PM","December","Late","LAC","40-17","57","3","1","0","0","1","<span style=""font-weight:700;color:#1da561 !important"">TB</span> @ <span style="""">LAC</span>"
"2024","15","2024-12-15 00:00:00","16","23","PHI","PHI","24","PIT","PIT","27","13","43.0","-5.5","Grass","Partly Cloudy Day","40.7","","","5.7","68","Dec 15 4:25 PM","December","Late","PHI","13-27","40","5.5","0","1","1","0","<span style="""">PIT</span> @ <span style=""font-weight:700;color:#1da561 !important"">PHI</span>"
"2024","15","2024-12-15 00:00:00","20","26","SEA","SEA","12","GB","GB","13","30","48.0","3","Turf","Partly Cloudy Night","43.7","","","0.5","13","Dec 15 8:20 PM","December","Night","GB","30-13","43","3","0","1","1","0","<span style=""font-weight:700;color:#1da561 !important"">GB</span> @ <span style="""">SEA</span>"
"2024","15","2024-12-16 00:00:00","20","17","MIN","MIN","6","CHI","CHI","30","12","43.5","-7","Dome","","","","","","","Dec 16 8:00 PM","December","Night","MIN","12-30","42","7","0","1","1","0","<span style="""">CHI</span> @ <span style=""font-weight:700;color:#1da561 !important"">MIN</span>"
"2024","15","2024-12-16 00:00:00","20","35","LV","LV","2","ATL","ATL","9","15","44.5","6","Dome","","","","","","","Dec 16 8:30 PM","December","Night","ATL","15-9","24","6","0","1","0","0","<span style=""font-weight:700;"">ATL</span> @ <span style="""">LV</span>"
"2024","16","2024-12-19 00:00:00","20","34","LAC","LAC","10","DEN","DEN","34","27","41.5","-2.5","Dome","","","","","","","Dec 19 8:15 PM","December","Night","LAC","27-34","61","2.5","1","0","1","0","<span style="""">DEN</span> @ <span style=""font-weight:700;color:#1da561 !important"">LAC</span>"
"2024","16","2024-12-21 00:00:00","13","15","KC","KC","32","HOU","HOU","27","19","42.5","-3","Grass","Clear Day","31.8","","","2.5","62","Dec 21 1:00 PM","December","Day","KC","19-27","46","3","1","0","1","0","<span style="""">HOU</span> @ <span style=""font-weight:700;color:#1da561 !important"">KC</span>"
"2024","16","2024-12-21 00:00:00","16","3","BAL","BAL","24","PIT","PIT","34","17","44.0","-7","Grass","Partly Cloudy Day","34.8","","","16.5","295","Dec 21 4:30 PM","December","Late","BAL","17-34","51","7","1","0","1","0","<span style="""">PIT</span> @ <span style=""font-weight:700;color:#1da561 !important"">BAL</span>"
"2024","16","2024-12-22 00:00:00","13","2","ATL","ATL","20","NYG","NYG","34","7","43.0","-9.5","Dome","","","","","","","Dec 22 1:00 PM","December","Day","ATL","7-34","41","9.5","0","1","1","0","<span style="""">NYG</span> @ <span style=""font-weight:700;color:#1da561 !important"">ATL</span>"
"2024","16","2024-12-22 00:00:00","13","5","CAR","CAR","1","ARI","ARI","36","30","47.0","5.5","Grass","Clear Day","38.1","","","1","360","Dec 22 1:00 PM","December","Day","ARI","30-36","66","5.5","1","0","0","1","<span style="""">ARI</span> @ <span style=""font-weight:700;color:#1da561 !important"">CAR</span>"
"2024","16","2024-12-22 00:00:00","13","6","CHI","CHI","11","DET","DET","17","34","47.5","6.5","Grass","Cloudy","31.3","","","10.4","189","Dec 22 1:00 PM","December","Day","DET","34-17","51","6.5","1","0","1","0","<span style=""font-weight:700;color:#1da561 !important"">DET</span> @ <span style="""">CHI</span>"
"2024","16","2024-12-22 00:00:00","13","7","CIN","CIN","8","CLE","CLE","24","6","46.0","-10","Turf","Clear Day","31.6","","","3.1","219","Dec 22 1:00 PM","December","Day","CIN","6-24","30","10","0","1","1","0","<span style="""">CLE</span> @ <span style=""font-weight:700;color:#1da561 !important"">CIN</span>"
"2024","16","2024-12-22 00:00:00","13","13","IND","IND","30","TEN","TEN","38","30","42.5","-4","Dome","","","","","","","Dec 22 1:00 PM","December","Day","IND","30-38","68","4","1","0","1","0","<span style="""">TEN</span> @ <span style=""font-weight:700;color:#1da561 !important"">IND</span>"
"2024","16","2024-12-22 00:00:00","13","21","NYJ","NYJ","33","LAR","LAR","9","19","47.0","3","Turf","Clear Day","19.6","","","9.2","332","Dec 22 1:00 PM","December","Day","LAR","19-9","28","3","0","1","1","0","<span style=""font-weight:700;color:#1da561 !important"">LAR</span> @ <span style="""">NYJ</span>"
"2024","16","2024-12-22 00:00:00","13","31","WAS","WAS","23","PHI","PHI","36","33","47.0","4","Grass","Clear Day","33","","","10.8","329","Dec 22 1:00 PM","December","Day","PHI","33-36","69","4","1","0","0","1","<span style="""">PHI</span> @ <span style=""font-weight:700;color:#1da561 !important"">WAS</span>"
"2024","16","2024-12-22 00:00:00","16","26","SEA","SEA","17","MIN","MIN","24","27","43.0","2.5","Turf","Rain","48","100%","Rain","8.3","137","Dec 22 4:05 PM","December","Late","MIN","27-24","51","2.5","1","0","1","0","<span style=""font-weight:700;color:#1da561 !important"">MIN</span> @ <span style="""">SEA</span>"
"2024","16","2024-12-22 00:00:00","16","4","BUF","BUF","18","NE","NE","24","21","48.0","-14","Turf","Clear Day","14.5","","","","","Dec 22 4:25 PM","December","Late","BUF","21-24","45","14","0","1","0","1","<span style=""color:#1da561 !important"">NE</span> @ <span style=""font-weight:700;"">BUF</span>"
"2024","16","2024-12-22 00:00:00","16","35","LV","LV","14","JAX","JAX","19","14","41.5","-2.5","Dome","","","","","","","Dec 22 4:25 PM","December","Late","LV","14-19","33","2.5","0","1","1","0","<span style="""">JAX</span> @ <span style=""font-weight:700;color:#1da561 !important"">LV</span>"
"2024","16","2024-12-22 00:00:00","16","16","MIA","MIA","27","SF","SF","29","17","44.0","2","Grass","Partly Cloudy Day","75.2","","","10","50","Dec 22 4:25 PM","December","Late","SF","17-29","46","2","1","0","0","1","<span style="""">SF</span> @ <span style=""font-weight:700;color:#1da561 !important"">MIA</span>"
"2024","16","2024-12-22 00:00:00","20","9","DAL","DAL","29","TB","TB","26","24","47.5","4.5","Dome","","","","","","","Dec 22 8:20 PM","December","Night","TB","24-26","50","4.5","1","0","0","1","<span style="""">TB</span> @ <span style=""font-weight:700;color:#1da561 !important"">DAL</span>"
"2024","16","2024-12-23 00:00:00","20","12","GB","GB","19","NO","NO","34","0","43.5","-14","Grass","Cloudy","34","","","10.2","10","Dec 23 8:15 PM","December","Night","GB","0-34","34","14","0","1","1","0","<span style="""">NO</span> @ <span style=""font-weight:700;color:#1da561 !important"">GB</span>"
"2024","17","2024-12-25 00:00:00","13","24","PIT","PIT","15","KC","KC","10","29","46.0","2","Grass","Cloudy","39","","","5.4","98","Dec 25 1:00 PM","December","Day","KC","29-10","39","2","0","1","1","0","<span style=""font-weight:700;color:#1da561 !important"">KC</span> @ <span style="""">PIT</span>"
"2024","17","2024-12-25 00:00:00","16","32","HOU","HOU","3","BAL","BAL","2","31","47.0","6.5","Dome","","","","","","","Dec 25 4:30 PM","December","Late","BAL","31-2","33","6.5","0","1","1","0","<span style=""font-weight:700;color:#1da561 !important"">BAL</span> @ <span style="""">HOU</span>"
"2024","17","2024-12-26 00:00:00","20","6","CHI","CHI","26","SEA","SEA","3","6","42.5","4","Grass","Cloudy","48.4","","","6.9","160","Dec 26 8:15 PM","December","Night","SEA","6-3","9","4","0","1","0","1","<span style=""font-weight:700;"">SEA</span> @ <span style=""color:#1da561 !important"">CHI</span>"
"2024","17","2024-12-28 00:00:00","13","18","NE","NE","34","LAC","LAC","7","40","41.5","6","Turf","Rain","44.3","100%","Rain","3.2","138","Dec 28 1:00 PM","December","Day","LAC","40-7","47","6","1","0","1","0","<span style=""font-weight:700;color:#1da561 !important"">LAC</span> @ <span style="""">NE</span>"
"2024","17","2024-12-28 00:00:00","16","7","CIN","CIN","10","DEN","DEN","30","24","50.5","-3","Turf","Partly Cloudy Day","60.4","","","8.7","177","Dec 28 4:30 PM","December","Late","CIN","24-30","54","3","1","0","1","0","<span style="""">DEN</span> @ <span style=""font-weight:700;color:#1da561 !important"">CIN</span>"
"2024","17","2024-12-28 00:00:00","20","33","LAR","LAR","1","ARI","ARI","13","9","48.0","-6.5","Dome","","","","","","","Dec 28 8:10 PM","December","Night","LAR","9-13","22","6.5","0","1","0","1","<span style=""color:#1da561 !important"">ARI</span> @ <span style=""font-weight:700;"">LAR</span>"
"2024","17","2024-12-29 00:00:00","13","4","BUF","BUF","21","NYJ","NYJ","40","14","44.5","-10","Turf","Rain","54.2","100%","Rain","9.9","138","Dec 29 1:00 PM","December","Day","BUF","14-40","54","10","1","0","1","0","<span style="""">NYJ</span> @ <span style=""font-weight:700;color:#1da561 !important"">BUF</span>"
"2024","17","2024-12-29 00:00:00","13","14","JAX","JAX","30","TEN","TEN","20","13","38.5","1","Grass","Rain","64.5","100%","Rain","8.9","224","Dec 29 1:00 PM","December","Day","TEN","13-20","33","1","0","1","0","1","<span style="""">TEN</span> @ <span style=""font-weight:700;color:#1da561 !important"">JAX</span>"
"2024","17","2024-12-29 00:00:00","13","19","NO","NO","35","LV","LV","10","25","37.5","1.5","Dome","","","","","","","Dec 29 1:00 PM","December","Day","LV","25-10","35","1.5","0","1","1","0","<span style=""font-weight:700;color:#1da561 !important"">LV</span> @ <span style="""">NO</span>"
"2024","17","2024-12-29 00:00:00","13","20","NYG","NYG","13","IND","IND","45","33","40.5","7","Turf","Partly Cloudy Day","56.7","","","1.3","14","Dec 29 1:00 PM","December","Day","IND","33-45","78","7","1","0","0","1","<span style="""">IND</span> @ <span style=""font-weight:700;color:#1da561 !important"">NYG</span>"
"2024","17","2024-12-29 00:00:00","13","23","PHI","PHI","9","DAL","DAL","41","7","37.5","-7.5","Grass","Partly Cloudy Day","64.4","","","13.3","181","Dec 29 1:00 PM","December","Day","PHI","7-41","48","7.5","1","0","1","0","<span style="""">DAL</span> @ <span style=""font-weight:700;color:#1da561 !important"">PHI</span>"
"2024","17","2024-12-29 00:00:00","13","29","TB","TB","5","CAR","CAR","48","14","48.0","-10","Grass","Partly Cloudy Day","75.9","","","5.9","209","Dec 29 1:00 PM","December","Day","TB","14-48","62","10","1","0","1","0","<span style="""">CAR</span> @ <span style=""font-weight:700;color:#1da561 !important"">TB</span>"
"2024","17","2024-12-29 00:00:00","16","8","CLE","CLE","16","MIA","MIA","3","20","32.5","3","Grass","Rain","61","100%","Rain","10.3","150","Dec 29 4:05 PM","December","Late","MIA","20-3","23","3","0","1","1","0","<span style=""font-weight:700;color:#1da561 !important"">MIA</span> @ <span style="""">CLE</span>"
"2024","17","2024-12-29 00:00:00","16","17","MIN","MIN","12","GB","GB","27","25","49.0","-1","Dome","","","","","","","Dec 29 4:25 PM","December","Late","MIN","25-27","52","1","1","0","1","0","<span style="""">GB</span> @ <span style=""font-weight:700;color:#1da561 !important"">MIN</span>"
"2024","17","2024-12-29 00:00:00","20","31","WAS","WAS","2","ATL","ATL","30","24","46.5","-3.5","Grass","Rain","58.1","100%","Rain","10.8","166","Dec 29 8:20 PM","December","Night","WAS","24-30","54","3.5","1","0","1","0","<span style="""">ATL</span> @ <span style=""font-weight:700;color:#1da561 !important"">WAS</span>"
"2024","17","2024-12-30 00:00:00","20","27","SF","SF","11","DET","DET","34","40","50.0","3.5","Grass","Partly Cloudy Night","56.2","","","8.8","320","Dec 30 8:15 PM","December","Night","DET","40-34","74","3.5","1","0","1","0","<span style=""font-weight:700;color:#1da561 !important"">DET</span> @ <span style="""">SF</span>"
"2024","18","2025-01-04 00:00:00","16","3","BAL","BAL","8","CLE","CLE","35","10","42.0","-19.5","Grass","Partly Cloudy Day","30.5","","","19.5","277","Jan 4 4:30 PM","January","Late","BAL","10-35","45","19.5","1","0","1","0","<span style="""">CLE</span> @ <span style=""font-weight:700;color:#1da561 !important"">BAL</span>"
"2024","18","2025-01-04 00:00:00","20","24","PIT","PIT","7","CIN","CIN","17","19","48.5","2.5","Grass","Cloudy","19.3","","","9.3","265","Jan 4 8:00 PM","January","Night","CIN","19-17","36","2.5","0","1","0","1","<span style=""font-weight:700;"">CIN</span> @ <span style=""color:#1da561 !important"">PIT</span>"
"2024","18","2025-01-05 00:00:00","13","2","ATL","ATL","5","CAR","CAR","38","44","48.5","-8","Dome","","","","","","","Jan 5 1:00 PM","January","Day","ATL","44-38","82","8","1","0","0","1","<span style=""font-weight:700;color:#1da561 !important"">CAR</span> @ <span style="""">ATL</span>"
"2024","18","2025-01-05 00:00:00","13","9","DAL","DAL","31","WAS","WAS","19","23","43.5","7","Dome","","","","","","","Jan 5 1:00 PM","January","Day","WAS","23-19","42","7","0","1","0","1","<span style=""font-weight:700;"">WAS</span> @ <span style=""color:#1da561 !important"">DAL</span>"
"2024","18","2025-01-05 00:00:00","13","12","GB","GB","6","CHI","CHI","22","24","41.5","-10","Grass","Cloudy","16.1","","","9.1","329","Jan 5 1:00 PM","January","Day","GB","24-22","46","10","1","0","0","1","<span style=""font-weight:700;color:#1da561 !important"">CHI</span> @ <span style="""">GB</span>"
"2024","18","2025-01-05 00:00:00","13","13","IND","IND","14","JAX","JAX","26","23","46.0","-3.5","Dome","","","","","","","Jan 5 1:00 PM","January","Day","IND","23-26","49","3.5","1","0","0","1","<span style=""color:#1da561 !important"">JAX</span> @ <span style=""font-weight:700;"">IND</span>"
"2024","18","2025-01-05 00:00:00","13","18","NE","NE","4","BUF","BUF","23","16","36.5","3","Turf","Cloudy","35.3","","","15.3","298","Jan 5 1:00 PM","January","Day","BUF","16-23","39","3","1","0","0","1","<span style="""">BUF</span> @ <span style=""font-weight:700;color:#1da561 !important"">NE</span>"
"2024","18","2025-01-05 00:00:00","13","23","PHI","PHI","20","NYG","NYG","20","13","36.0","-3","Grass","Partly Cloudy Day","30.9","","","17","280","Jan 5 1:00 PM","January","Day","PHI","13-20","33","3","0","1","1","0","<span style="""">NYG</span> @ <span style=""font-weight:700;color:#1da561 !important"">PHI</span>"
"2024","18","2025-01-05 00:00:00","13","29","TB","TB","19","NO","NO","27","19","44.5","-15","Grass","Partly Cloudy Day","69.3","","","10.2","159","Jan 5 1:00 PM","January","Day","TB","19-27","46","15","1","0","0","1","<span style=""color:#1da561 !important"">NO</span> @ <span style=""font-weight:700;"">TB</span>"
"2024","18","2025-01-05 00:00:00","13","30","TEN","TEN","32","HOU","HOU","14","23","36.5","-2.5","Grass","Cloudy","38.2","","","8.9","115","Jan 5 1:00 PM","January","Day","TEN","23-14","37","2.5","1","0","0","1","<span style=""font-weight:700;color:#1da561 !important"">HOU</span> @ <span style="""">TEN</span>"
"2024","18","2025-01-05 00:00:00","16","1","ARI","ARI","27","SF","SF","47","24","43.0","-5","Dome","","","","","","","Jan 5 4:25 PM","January","Late","ARI","24-47","71","5","1","0","1","0","<span style="""">SF</span> @ <span style=""font-weight:700;color:#1da561 !important"">ARI</span>"
"2024","18","2025-01-05 00:00:00","16","10","DEN","DEN","15","KC","KC","38","0","40.5","-11","Grass","Partly Cloudy Day","27.7","","","3.2","","Jan 5 4:25 PM","January","Late","DEN","0-38","38","11","0","1","1","0","<span style="""">KC</span> @ <span style=""font-weight:700;color:#1da561 !important"">DEN</span>"
"2024","18","2025-01-05 00:00:00","16","33","LAR","LAR","26","SEA","SEA","25","30","38.5","7","Dome","","","","","","","Jan 5 4:25 PM","January","Late","SEA","30-25","55","7","1","0","0","1","<span style=""font-weight:700;"">SEA</span> @ <span style=""color:#1da561 !important"">LAR</span>"
"2024","18","2025-01-05 00:00:00","16","35","LV","LV","34","LAC","LAC","20","34","42.0","7","Dome","","","","","","","Jan 5 4:25 PM","January","Late","LAC","34-20","54","7","1","0","1","0","<span style=""font-weight:700;color:#1da561 !important"">LAC</span> @ <span style="""">LV</span>"
"2024","18","2025-01-05 00:00:00","16","21","NYJ","NYJ","16","MIA","MIA","32","20","39.5","-2","Turf","Clear Day","31.3","","","17","324","Jan 5 4:25 PM","January","Late","NYJ","20-32","52","2","1","0","1","0","<span style="""">MIA</span> @ <span style=""font-weight:700;color:#1da561 !important"">NYJ</span>"
"2024","18","2025-01-05 00:00:00","20","11","DET","DET","17","MIN","MIN","31","9","56.5","-3","Dome","","","","","","","Jan 5 8:20 PM","January","Night","DET","9-31","40","3","0","1","1","0","<span style="""">MIN</span> @ <span style=""font-weight:700;color:#1da561 !important"">DET</span>"
"2024","19","2025-01-11 00:00:00","16","32","HOU","HOU","34","LAC","LAC","32","12","42.0","2.5","Dome","","","","","","","Jan 11 4:30 PM","January","Late","LAC","12-32","44","2.5","1","0","0","1","<span style="""">LAC</span> @ <span style=""font-weight:700;color:#1da561 !important"">HOU</span>"
"2024","19","2025-01-11 00:00:00","20","3","BAL","BAL","24","PIT","PIT","28","14","45.0","-8.5","Grass","Clear Night","31","","","10.6","315","Jan 11 8:00 PM","January","Night","BAL","14-28","42","8.5","0","1","1","0","<span style="""">PIT</span> @ <span style=""font-weight:700;color:#1da561 !important"">BAL</span>"
"2024","19","2025-01-12 00:00:00","13","4","BUF","BUF","10","DEN","DEN","31","7","49.0","-7.5","Turf","Cloudy","31.7","","","8.9","202","Jan 12 1:00 PM","January","Day","BUF","7-31","38","7.5","0","1","1","0","<span style="""">DEN</span> @ <span style=""font-weight:700;color:#1da561 !important"">BUF</span>"
"2024","19","2025-01-12 00:00:00","16","23","PHI","PHI","12","GB","GB","22","10","46.0","-5.5","Grass","Partly Cloudy Day","40.9","","","5","303","Jan 12 4:30 PM","January","Late","PHI","10-22","32","5.5","0","1","1","0","<span style="""">GB</span> @ <span style=""font-weight:700;color:#1da561 !important"">PHI</span>"
"2024","19","2025-01-12 00:00:00","20","29","TB","TB","31","WAS","WAS","20","23","51.5","-3","Grass","Partly Cloudy Night","58.7","","","0.2","2","Jan 12 8:00 PM","January","Night","TB","23-20","43","3","0","1","0","1","<span style=""font-weight:700;color:#1da561 !important"">WAS</span> @ <span style="""">TB</span>"
"2024","19","2025-01-13 00:00:00","20","33","LAR","LAR","17","MIN","MIN","27","9","47.5","2","Dome","","","","","","","Jan 13 8:00 PM","January","Night","MIN","9-27","36","2","0","1","0","1","<span style="""">MIN</span> @ <span style=""font-weight:700;color:#1da561 !important"">LAR</span>"
"2024","20","2025-01-18 00:00:00","16","15","KC","KC","32","HOU","HOU","23","14","41.5","-9.5","Grass","Clear Day","23.3","","","19.1","335","Jan 18 4:30 PM","January","Late","KC","14-23","37","9.5","0","1","0","1","<span style=""color:#1da561 !important"">HOU</span> @ <span style=""font-weight:700;"">KC</span>"
"2024","20","2025-01-18 00:00:00","20","11","DET","DET","31","WAS","WAS","31","45","55.5","-8","Dome","","","","","","","Jan 18 8:00 PM","January","Night","DET","45-31","76","8","1","0","0","1","<span style=""font-weight:700;color:#1da561 !important"">WAS</span> @ <span style="""">DET</span>"
"2024","20","2025-01-19 00:00:00","15","23","PHI","PHI","33","LAR","LAR","28","22","43.5","-7","Grass","Rain","34","100%","Snow","11.3","20","Jan 19 3:00 PM","January","Day","PHI","22-28","50","7","1","0","0","1","<span style=""color:#1da561 !important"">LAR</span> @ <span style=""font-weight:700;"">PHI</span>"
"2024","20","2025-01-19 00:00:00","18","4","BUF","BUF","3","BAL","BAL","27","25","52.0","1.5","Turf","Cloudy","19.6","","","4","41","Jan 19 6:30 PM","January","Night","BAL","25-27","52","1.5","0","0","0","1","<span style="""">BAL</span> @ <span style=""font-weight:700;color:#1da561 !important"">BUF</span>"
"2024","21","2025-01-26 00:00:00","15","23","PHI","PHI","31","WAS","WAS","55","23","47.0","-6","Grass","Partly Cloudy Day","42.1","","","11.5","288","Jan 26 3:00 PM","January","Day","PHI","23-55","78","6","1","0","1","0","<span style="""">WAS</span> @ <span style=""font-weight:700;color:#1da561 !important"">PHI</span>"
"2024","21","2025-01-26 00:00:00","18","15","KC","KC","4","BUF","BUF","32","29","49.0","-1","Grass","Clear Day","31.8","","","7.5","315","Jan 26 6:30 PM","January","Night","KC","29-32","61","1","1","0","1","0","<span style="""">BUF</span> @ <span style=""font-weight:700;color:#1da561 !important"">KC</span>"
"2024","22","2025-02-09 00:00:00","18","23","PHI","PHI","15","KC","KC","40","22","48.5","1","Dome","","","","","","","Feb 9 6:30 PM","February","Night","KC","22-40","62","1","1","0","0","1","<span style="""">KC</span> @ <span style=""font-weight:700;color:#1da561 !important"">PHI</span>"
