player_id,player_name,position,season,week,season_type,team,air_yards_share,attempts,carries,completions,dakota,fantasy_points,fantasy_points_ppr,interceptions,pacr,passing_2pt_conversions,passing_air_yards,passing_epa,passing_first_downs,passing_tds,passing_yards,passing_yards_after_catch,qb_passing_yards,racr,rb_rushing_yards,receiving_2pt_conversions,receiving_air_yards,receiving_epa,receiving_first_downs,receiving_fumbles,receiving_fumbles_lost,receiving_tds,receiving_yards,receiving_yards_after_catch,receptions,rushing_2pt_conversions,rushing_epa,rushing_first_downs,rushing_fumbles,rushing_fumbles_lost,rushing_tds,rushing_yards,sack_fumbles,sack_fumbles_lost,sack_yards,sacks,special_teams_tds,target_share,targets,wopr,wr_rec_yards,wrte_receptions
00-0019596,T.Brady,QB,2019,1,REG,NE,0.0,35.835,0.0,24.1925,0.20522393297500016,25.6377,25.636799999999997,0.0,1.1912622720000032,0.0,286.3625,16.666640996250038,14.165,3.0075,339.505,136.8825,250.84051794279188,0.0,44.673233408492976,0.0,0.0,0.0,0.0,0.0,0.0,0.0,0.0,0.0,0.0,0.0,0.0,0.0,0.0,0.0,0.0,0.0,0.0,0.0,6.9225,1.0,0.0,0.0,0.0,0.0,11.387181202350344,1.4002484549638428
00-0019596,T.Brady,QB,2019,1,REG,NE,0.0,35.835,0.0,24.1925,0.20522393297500016,25.6377,25.636799999999997,0.0,1.1912622720000032,0.0,286.3625,16.666640996250038,14.165,3.0075,339.505,136.8825,250.84051794279188,0.0,44.673233408492976,0.0,0.0,0.0,0.0,0.0,0.0,0.0,0.0,0.0,0.0,0.0,0.0,0.0,0.0,0.0,0.0,0.0,0.0,0.0,6.9225,1.0,0.0,0.0,0.0,0.0,11.387181202350344,1.4002484549638428
00-0019596,T.Brady,QB,2019,2,REG,NE,0.0,28.2825,1.7725,20.04,0.25349317497500096,24.66124999999991,24.660499999999903,0.0,1.000690994975,0.0,264.1475,15.75250148399992,13.045,2.0325,263.8225,95.125,250.84051794279188,0.0,44.673233408492976,0.0,0.0,0.0,0.0,0.0,0.0,0.0,0.0,0.0,0.0,0.0,0.6443810053049974,0.9825,0.0,0.0,0.99,1.15,0.0,0.0,9.7725,1.925,0.0,0.0,0.0,0.0,11.387181202350344,1.4002484549638428
00-0019596,T.Brady,QB,2019,2,REG,NE,0.0,28.16,1.9225,20.1025,0.25609400305000096,24.66119999999991,24.660299999999907,0.0,1.0011738646,0.0,263.1675,15.729225623999922,13.24,2.005,264.985,94.045,250.84051794279188,0.0,44.673233408492976,0.0,0.0,0.0,0.0,0.0,0.0,0.0,0.0,0.0,0.0,0.0,0.7011622454149972,0.955,0.0,0.0,0.9975,1.04,0.0,0.0,9.19,1.92,0.0,0.0,0.0,0.0,11.387181202350344,1.4002484549638428
00-0019596,T.Brady,QB,2019,3,REG,NE,0.0,41.2775,1.955,28.0875,0.1784361633500009,20.138900000000113,20.13955000000012,0.0,1.0679670799999932,0.0,287.3125,11.156155003250074,16.0075,2.0025,306.6975,133.8675,250.84051794279188,0.0,44.673233408492976,0.0,0.0,0.0,0.0,0.0,0.0,0.0,0.0,0.0,0.0,0.0,-0.5334655823500026,0.0175,0.0,0.0,0.0,-0.85,0.0,0.0,0.0,0.0025,0.0,0.0,0.0,0.0,11.387181202350344,1.4002484549638428
00-0019596,T.Brady,QB,2019,3,REG,NE,0.0,41.4775,1.9575,28.0875,0.1781033695250008,20.139200000000113,20.139500000000123,0.0,1.067604495749994,0.0,288.44,11.199939896750072,15.9325,2.0025,306.5,138.32,250.84051794279188,0.0,44.673233408492976,0.0,0.0,0.0,0.0,0.0,0.0,0.0,0.0,0.0,0.0,0.0,-0.283504082075001,0.0075,0.0,0.0,0.0,-0.9625,0.0,0.0,0.0,0.0,0.0,0.0,0.0,0.0,11.387181202350344,1.4002484549638428
00-0019596,T.Brady,QB,2019,4,REG,NE,0.0,38.64,3.0375,18.2275,-0.03779944955300018,3.700150000000026,3.700700000000026,0.9625,0.5257196640750026,0.0,297.57,-13.657121399875082,5.8275,0.0975,147.665,87.0525,250.84051794279188,0.0,44.673233408492976,0.0,0.0,0.0,0.0,0.0,0.0,0.0,0.0,0.0,0.0,0.0,-0.056070128825,0.0,0.0,0.0,0.0,-2.95,0.0,0.0,0.0,0.0,0.0,0.0,0.0,0.0,11.387181202350344,1.4002484549638428
00-0019596,T.Brady,QB,2019,4,REG,NE,0.0,38.4675,2.9575,18.135,-0.03776951167700018,3.6997500000000256,3.700450000000026,1.0375,0.5179247623000027,0.0,295.85,-15.114371304750103,5.6125,0.0,148.02,87.88,250.84051794279188,0.0,44.673233408492976,0.0,0.0,0.0,0.0,0.0,0.0,0.0,0.0,0.0,0.0,0.0,-0.025326762759999996,0.0,0.0,0.0,0.0,-2.9675,0.0,0.0,0.0,0.0,0.0,0.0,0.0,0.0,11.387181202350344,1.4002484549638428
00-0019596,T.Brady,QB,2019,5,REG,NE,0.0,41.8075,0.0,28.1475,0.1744268530000002,23.91760000000004,23.920700000000032,1.015,1.0799816239250042,0.0,316.6925,12.834940449700056,16.11,2.9375,340.905,154.695,250.84051794279188,0.0,44.673233408492976,0.0,0.0,0.0,0.0,0.0,0.0,0.0,0.0,0.0,0.0,0.0,-0.004224852649999999,0.0,0.0,0.0,0.0,0.0,0.0,0.0,35.1375,3.9975,0.0,0.0,0.0,0.0,11.387181202350344,1.4002484549638428
00-0019596,T.Brady,QB,2019,5,REG,NE,0.0,41.7525,0.0,28.01,0.1741652203250002,23.91985000000005,23.91905000000004,0.99,1.102369405925004,0.0,316.9525,12.657372305200047,15.975,2.8475,342.7925,151.18,250.84051794279188,0.0,44.673233408492976,0.0,0.0,0.0,0.0,0.0,0.0,0.0,0.0,0.0,0.0,0.0,-0.004734380725,0.0,0.0,0.0,0.0,0.0,0.0,0.0,35.105,3.9875,0.0,0.0,0.0,0.0,11.387181202350344,1.4002484549638428
00-0019596,T.Brady,QB,2019,6,REG,NE,0.0,41.5325,6.015,30.66,0.1292887932702497,21.958799999999965,21.95769999999996,1.0075,1.1925877812500083,0.0,281.265,1.1801567006500058,16.7675,0.43,336.1275,157.995,250.84051794279188,0.0,44.673233408492976,0.0,0.0,0.0,0.0,0.0,0.0,0.0,0.0,0.0,0.0,0.0,-1.417812091275004,2.46,0.0,0.0,1.695,5.76,1.9925,1.0025,21.0125,3.0625,0.0,0.0,0.0,0.0,11.387181202350344,1.4002484549638428
00-0019596,T.Brady,QB,2019,6,REG,NE,0.0,41.425,6.4125,30.8475,0.12873492503999975,21.95849999999996,21.95824999999996,1.0,1.193106137500009,0.0,280.3425,-0.06091870992499984,17.0275,0.375,335.985,160.095,250.84051794279188,0.0,44.673233408492976,0.0,0.0,0.0,0.0,0.0,0.0,0.0,0.0,0.0,0.0,0.0,-1.5758127904875008,2.8525,0.0,0.0,1.6675,6.3225,1.94,0.94,20.975,3.025,0.0,0.0,0.0,0.0,11.387181202350344,1.4002484549638428
00-0019596,T.Brady,QB,2019,7,REG,NE,0.0,44.3925,0.0,31.28,0.12989785931000028,11.95940000000003,11.959500000000027,0.9375,1.119173542750002,0.0,222.5825,3.5126816358750057,12.7325,0.8625,250.4575,126.4425,250.84051794279188,0.0,44.673233408492976,0.0,0.0,0.0,0.0,0.0,0.0,0.0,0.0,0.0,0.0,0.0,0.0,0.0275,0.0,0.0,0.1025,0.0,0.09,0.0,0.0,0.01,0.0,0.0,0.0,0.0,11.387181202350344,1.4002484549638428
00-0019596,T.Brady,QB,2019,7,REG,NE,0.0,44.2575,0.0,31.2925,0.12537183031750027,11.95970000000003,11.959700000000028,0.9475,1.1201905360000017,0.0,221.955,3.983442570850006,12.5675,0.8275,249.13,124.72,250.84051794279188,0.0,44.673233408492976,0.0,0.0,0.0,0.0,0.0,0.0,0.0,0.0,0.0,0.0,0.0,0.0,0.03,0.0,0.0,0.0,0.0,0.0,0.0,0.0,0.0025,0.0,0.0,0.0,0.0,11.387181202350344,1.4002484549638428
00-0019596,T.Brady,QB,2019,8,REG,NE,0.0,35.3825,0.0,20.79,0.08919831423749948,18.36039999999989,18.36069999999989,0.11,1.0263823839250008,0.0,253.0525,4.420543473990011,11.12,2.0,258.505,111.18,250.84051794279188,0.0,44.673233408492976,0.0,0.0,0.0,0.0,0.0,0.0,0.0,0.0,0.0,0.0,0.0,0.0,0.0,0.0,0.0,0.0,0.0,0.0,0.0,19.975,2.985,0.0,0.0,0.0,0.0,11.387181202350344,1.4002484549638428
00-0019596,T.Brady,QB,2019,8,REG,NE,0.0,35.205,0.0,20.7,0.08784647052249955,18.360199999999885,18.360449999999886,0.075,1.0255916815250017,0.0,253.185,4.790159000042512,11.095,1.9975,258.4575,110.265,250.84051794279188,0.0,44.673233408492976,0.0,0.0,0.0,0.0,0.0,0.0,0.0,0.0,0.0,0.0,0.0,0.0,0.0,0.0,0.0,0.0,0.0,0.0,0.0,20.275,2.9825,0.0,0.0,0.0,0.0,11.387181202350344,1.4002484549638428
00-0019596,T.Brady,QB,2019,9,REG,NE,0.0,45.5425,0.0,30.2625,0.08086677960999986,13.399949999999963,13.399549999999968,0.8525,0.8980012428999945,0.0,318.825,2.4333321335100107,16.1725,0.985,287.93,146.3475,250.84051794279188,0.0,44.673233408492976,0.0,0.0,0.0,0.0,0.0,0.0,0.0,0.0,0.0,0.0,0.0,0.0,0.0,0.0,0.0,0.0,0.0,0.0,0.0,15.59,2.0175,0.0,0.0,0.0,0.0,11.387181202350344,1.4002484549638428
00-0019596,T.Brady,QB,2019,9,REG,NE,0.0,45.8,0.0,30.275,0.08648266599249999,13.399949999999963,13.399599999999966,0.9325,0.8975412125749949,0.0,319.1975,2.1674190216850104,16.5475,0.9925,288.09,152.675,250.84051794279188,0.0,44.673233408492976,0.0,0.0,0.0,0.0,0.0,0.0,0.0,0.0,0.0,0.0,0.0,0.0,0.0,0.0,0.0,0.0,0.0,0.0,0.0,16.3075,2.0125,0.0,0.0,0.0,0.0,11.387181202350344,1.4002484549638428
00-0019596,T.Brady,QB,2019,11,REG,NE,0.0,46.765,1.0025,26.175,-0.007729377181249958,8.53949999999997,8.539799999999971,0.3475,0.6577475009500006,0.0,332.595,-6.195910375000028,13.0075,0.02,220.315,127.7175,250.84051794279188,0.0,44.673233408492976,0.0,0.0,0.0,0.0,0.0,0.0,0.0,0.0,0.0,0.0,0.0,0.0,0.0,0.0,0.0,0.0,-1.0,0.0,0.0,8.075,1.005,0.0,0.0,0.0,0.0,11.387181202350344,1.4002484549638428
00-0019596,T.Brady,QB,2019,11,REG,NE,0.0,46.73,1.005,26.15,-0.014295404559250038,8.539049999999971,8.539699999999971,0.23,0.6523288249250008,0.0,333.0375,-6.129484930500034,13.18,0.0275,219.465,132.7325,250.84051794279188,0.0,44.673233408492976,0.0,0.0,0.0,0.0,0.0,0.0,0.0,0.0,0.0,0.0,0.0,0.0,0.0,0.0,0.0,0.0,-1.005,0.0,0.0,7.9,1.02,0.0,0.0,0.0,0.0,11.387181202350344,1.4002484549638428
00-0019596,T.Brady,QB,2019,12,REG,NE,0.0,36.745,2.0375,17.5225,-0.045543816994249975,11.300800000000084,11.30095000000008,0.0,0.5010616386999978,0.0,385.2325,-6.593906971249967,9.8975,0.955,191.22,67.8525,250.84051794279188,0.0,44.673233408492976,0.0,0.0,0.0,0.0,0.0,0.0,0.0,0.0,0.0,0.0,0.0,-1.3540164382874975,0.0,0.0,0.0,0.0,-2.69,0.9375,0.0,10.3675,1.97,0.0,0.0,0.0,0.0,11.387181202350344,1.4002484549638428
00-0019596,T.Brady,QB,2019,12,REG,NE,0.0,36.79,2.1075,17.4075,-0.04781126975167492,11.300600000000083,11.30075000000008,0.0,0.49544120077499776,0.0,391.0825,-6.54306069024997,9.9575,0.92,190.9475,61.3075,250.84051794279188,0.0,44.673233408492976,0.0,0.0,0.0,0.0,0.0,0.0,0.0,0.0,0.0,0.0,0.0,-1.3420419341749967,0.0,0.0,0.0,0.0,-2.7925,0.8475,0.0,10.065,1.9525,0.0,0.0,0.0,0.0,11.387181202350344,1.4002484549638428
00-0019596,T.Brady,QB,2019,13,REG,NE,0.0,45.9075,1.4625,24.5575,0.04399091767174986,24.341500000000075,24.34095000000009,0.91,0.6499284728749989,0.0,499.625,1.9358414871450083,15.5825,2.88,322.0,113.175,250.84051794279188,0.0,44.673233408492976,0.0,0.0,0.0,0.0,0.0,0.0,0.0,0.0,0.0,0.0,0.0,1.6012216527042533,0.995,0.0,0.0,0.0,10.9825,0.1525,0.0,21.18,3.1875,0.0,0.0,0.0,0.0,11.387181202350344,1.4002484549638428
00-0019596,T.Brady,QB,2019,13,REG,NE,0.0,47.025,1.2125,24.4975,0.042479855400199835,24.33995000000009,24.339200000000087,0.8525,0.654959680574999,0.0,501.545,2.652796041525006,15.92,3.0,324.025,123.2075,250.84051794279188,0.0,44.673233408492976,0.0,0.0,0.0,0.0,0.0,0.0,0.0,0.0,0.0,0.0,0.0,1.723520049252506,1.0125,0.0,0.0,0.0,12.7,0.1125,0.0,22.06,3.07,0.0,0.0,0.0,0.0,11.387181202350344,1.4002484549638428
00-0019596,T.Brady,QB,2019,14,REG,NE,0.0,35.465,2.095,18.98,-0.029866557077250153,10.7597500000001,10.759850000000101,1.275,0.6752647084749968,0.0,282.4125,-15.491709451550031,7.3875,0.9725,170.1,83.1225,250.84051794279188,0.0,44.673233408492976,0.0,0.0,0.0,0.0,0.0,0.0,0.0,0.0,0.0,0.0,0.0,3.516536292750002,2.0175,0.0,0.0,0.0,20.0,0.0,0.0,20.7425,2.98,0.0,0.0,0.0,0.0,11.387181202350344,1.4002484549638428
00-0019596,T.Brady,QB,2019,14,REG,NE,0.0,35.505,2.0675,19.0125,-0.024820251415075087,10.7597500000001,10.759850000000101,1.0275,0.677924202999997,0.0,260.43,-16.790850864750045,7.2525,0.995,170.8375,81.2125,250.84051794279188,0.0,44.673233408492976,0.0,0.0,0.0,0.0,0.0,0.0,0.0,0.0,0.0,0.0,0.0,3.751112973400002,2.03,0.0,0.0,0.0,21.2275,0.0,0.0,20.705,2.9825,0.0,0.0,0.0,0.0,11.387181202350344,1.4002484549638428
00-0019596,T.Brady,QB,2019,15,REG,NE,0.0,28.6875,1.935,15.2325,-0.02618383959099988,12.920050000000053,12.920150000000053,0.0375,0.8124059158250041,0.0,158.5975,-6.066498527999982,6.9125,1.835,131.99,87.645,250.84051794279188,0.0,44.673233408492976,0.0,0.0,0.0,0.0,0.0,0.0,0.0,0.0,0.0,0.0,0.0,-1.061597315054997,0.1325,0.0,0.0,0.0,-0.2925,0.0,0.0,12.6975,2.055,0.0,0.0,0.0,0.0,11.387181202350344,1.4002484549638428
00-0019596,T.Brady,QB,2019,15,REG,NE,0.0,28.67,1.96,15.2525,-0.02886912459324988,12.920000000000055,12.920050000000053,0.06,0.8195305625750038,0.0,157.905,-4.421712476249981,7.0325,1.8175,131.89,91.9425,250.84051794279188,0.0,44.673233408492976,0.0,0.0,0.0,0.0,0.0,0.0,0.0,0.0,0.0,0.0,0.0,-1.3332247446499974,0.005,0.0,0.0,0.0,-0.5325,0.0,0.0,12.2575,2.0625,0.0,0.0,0.0,0.0,11.387181202350344,1.4002484549638428
00-0019596,T.Brady,QB,2019,16,REG,NE,0.0,32.9675,3.745,25.435,0.2038146678249999,17.23794999999988,17.23729999999988,0.0,1.620691629500004,0.885,166.54,11.927439302750047,11.905,1.165,262.285,145.5975,250.84051794279188,0.0,44.673233408492976,0.0,0.0,0.0,0.0,0.0,0.0,0.0,0.0,0.0,0.0,0.0,-0.7320690529649978,0.9925,0.0,0.0,0.0,3.0175,0.0,0.0,0.0,0.0025,0.0,0.0,0.0,0.0,11.387181202350344,1.4002484549638428
00-0019596,T.Brady,QB,2019,16,REG,NE,0.0,33.115,3.7425,25.5175,0.20598197572499996,17.237649999999874,17.23774999999987,0.0,1.6104996620000034,0.865,166.62,12.093264212000033,11.4025,1.1675,263.665,145.77,250.84051794279188,0.0,44.673233408492976,0.0,0.0,0.0,0.0,0.0,0.0,0.0,0.0,0.0,0.0,0.0,-0.4818281567899972,0.9175,0.0,0.0,0.0,3.175,0.0,0.0,0.0,0.0,0.0,0.0,0.0,0.0,11.387181202350344,1.4002484549638428
00-0019596,T.Brady,QB,2019,17,REG,NE,0.0,29.215,0.0,16.2975,0.05302093702299995,14.840050000000083,14.840000000000082,0.95,0.7260276585749985,0.145,306.5325,-0.06059010294999993,8.23,1.9475,220.3075,84.49,250.84051794279188,0.0,44.673233408492976,0.0,0.0,0.0,0.0,0.0,0.0,0.0,0.0,0.0,0.0,0.0,0.0,0.0,0.0,0.0,0.0,0.0,0.0,0.0,3.9875,1.0,0.0,0.0,0.0,0.0,11.387181202350344,1.4002484549638428
00-0019596,T.Brady,QB,2019,17,REG,NE,0.0,29.325,0.0,16.31,0.048888308147499976,14.840050000000083,14.840000000000082,0.9325,0.7196519748249992,0.1725,305.9475,0.10355463579999996,8.17,1.9775,220.6525,86.3725,250.84051794279188,0.0,44.673233408492976,0.0,0.0,0.0,0.0,0.0,0.0,0.0,0.0,0.0,0.0,0.0,0.0,0.0,0.0,0.0,0.0,0.0,0.0,0.0,3.995,1.0025,0.0,0.0,0.0,0.0,11.387181202350344,1.4002484549638428
00-0019596,T.Brady,QB,2019,18,POST,NE,0.0,36.6475,0.0,20.2,-0.00828385051025003,6.359099999999993,6.359999999999993,1.0225,0.6411174674249988,0.0,329.0975,-3.513873481050011,10.3575,0.1275,213.6975,118.155,250.84051794279188,0.0,44.673233408492976,0.0,0.0,0.0,0.0,0.0,0.0,0.0,0.0,0.0,0.0,0.0,0.0,0.0,0.0,0.0,0.0,0.0,0.0,0.0,0.0,0.0,0.0,0.0,0.0,0.0,11.387181202350344,1.4002484549638428
00-0019596,T.Brady,QB,2019,18,POST,NE,0.0,36.705,0.0,20.2125,-0.009488259180575042,6.359399999999993,6.360349999999994,1.015,0.6406144460499987,0.0,329.8,-3.3953799060250134,10.7975,0.0725,211.8675,126.615,250.84051794279188,0.0,44.673233408492976,0.0,0.0,0.0,0.0,0.0,0.0,0.0,0.0,0.0,0.0,0.0,0.0,0.0,0.0,0.0,0.0,0.0,0.0,0.0,0.0,0.0,0.0,0.0,0.0,0.0,11.387181202350344,1.4002484549638428
00-0019596,T.Brady,QB,2020,1,REG,TB,0.0,35.9825,3.0,22.85,0.05005911184489479,20.461500000000015,20.461350000000017,1.8525,0.8142475885500052,0.0,291.95,-6.961742975854986,10.4,1.9025,238.5225,103.26,250.84051794279188,0.0,44.673233408492976,0.0,0.0,0.0,0.0,0.0,0.0,0.0,0.0,0.0,0.0,0.0,1.6430977941250011,1.7425,0.0,0.0,0.97,9.195,0.9975,0.0,14.8375,2.8775,0.0,0.0,0.0,0.0,11.387181202350344,1.4002484549638428
00-0019596,T.Brady,QB,2020,1,REG,TB,0.0,35.905,2.84,22.86,0.05584789209609967,20.461700000000015,20.461500000000015,1.9225,0.8179780769500046,0.0,292.3925,-7.413365993964985,10.09,1.875,239.4925,95.3775,250.84051794279188,0.0,44.673233408492976,0.0,0.0,0.0,0.0,0.0,0.0,0.0,0.0,0.0,0.0,0.0,1.6731430782000023,2.095,0.0,0.0,0.77,9.2075,0.9575,0.0,15.385,2.8,0.0,0.0,0.0,0.0,11.387181202350344,1.4002484549638428
00-0019596,T.Brady,QB,2020,2,REG,TB,0.0,35.0875,1.3325,23.14,0.07708414571750033,8.679999999999945,8.679949999999945,1.105,0.9291732220500041,0.0,235.4075,-1.0113081390649963,10.7175,0.9525,218.0175,104.9875,250.84051794279188,0.0,44.673233408492976,0.0,0.0,0.0,0.0,0.0,0.0,0.0,0.0,0.0,0.0,0.0,-5.1216440667500125,0.0025,1.0,1.0,0.015,-0.1875,0.005,0.0,0.0,0.0525,0.0,0.0,0.0,0.0,11.387181202350344,1.4002484549638428
00-0019596,T.Brady,QB,2020,2,REG,TB,0.0,35.0625,1.1275,23.1125,0.07606093391750027,8.679999999999945,8.679999999999945,1.045,0.9282340486250042,0.0,235.035,-0.07810863380000015,10.7675,0.9475,217.64,108.975,250.84051794279188,0.0,44.673233408492976,0.0,0.0,0.0,0.0,0.0,0.0,0.0,0.0,0.0,0.0,0.0,-5.083944484250009,0.0,1.0,1.0,0.0175,-0.0675,0.0025,0.0,0.0,0.13,0.0,0.0,0.0,0.0,11.387181202350344,1.4002484549638428
00-0019596,T.Brady,QB,2020,3,REG,TB,0.0,37.9275,4.01,24.85,0.15111692454499925,23.87709999999995,23.877199999999963,0.295,0.9541017691749992,0.0,311.94,11.406936932749941,12.58,3.0375,292.765,116.9125,250.84051794279188,0.0,44.673233408492976,0.0,0.0,0.0,0.0,0.0,0.0,0.0,0.0,0.0,0.0,0.0,-2.892023936795003,0.0,1.005,0.175,0.0,-0.045,0.0,0.0,11.97,1.985,0.0,0.0,0.0,0.0,11.387181202350344,1.4002484549638428
00-0019596,T.Brady,QB,2020,3,REG,TB,0.0,37.9525,4.665,25.125,0.1522531196349993,23.875599999999974,23.87659999999996,0.155,0.9545014574999995,0.0,311.7125,11.345751114749937,12.285,2.9925,295.6825,112.92,250.84051794279188,0.0,44.673233408492976,0.0,0.0,0.0,0.0,0.0,0.0,0.0,0.0,0.0,0.0,0.0,-3.695895468494988,0.0,0.99,0.1725,0.0,-0.0975,0.0,0.0,12.0075,1.9975,0.0,0.0,0.0,0.0,11.387181202350344,1.4002484549638428
00-0019596,T.Brady,QB,2020,4,REG,TB,0.0,45.915,2.925,30.115,0.2018924856000011,32.453799999999745,32.46924999999974,0.88,0.8494005559249935,0.0,432.03,13.84357460375006,19.45,4.74,367.87,111.765,250.84051794279188,0.0,44.673233408492976,0.0,0.0,0.0,0.0,0.0,0.0,0.0,0.0,0.0,0.0,0.0,-1.8342156235450093,0.0,0.1025,0.0,0.0,-2.8075,0.0,0.0,0.0,0.005,0.0,0.0,0.0,0.0,11.387181202350344,1.4002484549638428
00-0019596,T.Brady,QB,2020,4,REG,TB,0.0,45.97,2.935,30.215,0.2040928806500012,32.450449999999734,32.46784999999973,0.96,0.8491331973499936,0.0,432.8475,13.753258885000058,19.8075,4.8075,368.5525,110.615,250.84051794279188,0.0,44.673233408492976,0.0,0.0,0.0,0.0,0.0,0.0,0.0,0.0,0.0,0.0,0.0,-1.5958975426000088,0.0,0.1475,0.0,0.0,-2.995,0.0,0.0,0.0,0.0,0.0,0.0,0.0,0.0,11.387181202350344,1.4002484549638428
00-0019596,T.Brady,QB,2020,5,REG,TB,0.0,40.935,2.8825,25.0225,0.052925916715699926,14.119599999999933,14.118699999999931,0.3275,0.6627309885000027,0.0,385.425,-0.17335734278750145,12.1375,1.0375,252.1925,96.85,250.84051794279188,0.0,44.673233408492976,0.0,0.0,0.0,0.0,0.0,0.0,0.0,0.0,0.0,0.0,0.0,0.6464034478299985,1.01,0.83,0.0,0.0,0.5925,0.0,0.0,19.9175,2.9625,0.0,0.0,0.0,0.0,11.387181202350344,1.4002484549638428
00-0019596,T.Brady,QB,2020,5,REG,TB,0.0,41.045,2.9275,25.0925,0.04623279312569989,14.11924999999993,14.118399999999927,0.2325,0.6624538651750024,0.0,384.11,-0.3338648315000017,11.79,0.9925,252.2925,101.4475,250.84051794279188,0.0,44.673233408492976,0.0,0.0,0.0,0.0,0.0,0.0,0.0,0.0,0.0,0.0,0.0,1.0153317798749972,1.055,0.77,0.0,0.0,-0.0275,0.0,0.0,20.355,2.9625,0.0,0.0,0.0,0.0,11.387181202350344,1.4002484549638428
00-0019596,T.Brady,QB,2020,6,REG,TB,0.0,26.845,0.005,17.0025,0.17370811786500093,14.63915000000006,14.639550000000064,0.0,0.7210384910999966,0.0,231.5775,6.597907471750035,9.1675,1.9975,167.195,72.0375,250.84051794279188,0.0,44.673233408492976,0.0,0.0,0.0,0.0,0.0,0.0,0.0,0.0,0.0,0.0,0.0,-0.006097316,0.005,0.0025,0.0,0.0,0.0,0.0,0.0,0.0,0.01,0.0,0.0,0.0,0.0,11.387181202350344,1.4002484549638428
00-0019596,T.Brady,QB,2020,6,REG,TB,0.0,26.89,0.0,16.91,0.18960051973100103,14.638800000000055,14.639300000000063,0.0,0.7210052678749964,0.0,231.27,6.628883802500038,9.1675,2.0,165.7425,71.3825,250.84051794279188,0.0,44.673233408492976,0.0,0.0,0.0,0.0,0.0,0.0,0.0,0.0,0.0,0.0,0.0,0.004910404175000001,0.0025,0.0025,0.0,0.0,0.0,0.0,0.0,0.0,0.0125,0.0,0.0,0.0,0.0,11.387181202350344,1.4002484549638428
00-0019596,T.Brady,QB,2020,7,REG,TB,0.0,44.7275,1.095,33.1,0.3264984148750023,36.84125000000011,36.85025000000012,0.0,0.9232372745749955,0.0,397.665,26.537147625000003,20.73,3.9675,371.34,127.5725,250.84051794279188,0.0,44.673233408492976,0.0,0.0,0.0,0.0,0.0,0.0,0.0,0.0,0.0,0.0,0.0,1.253695867164992,0.985,0.0,0.0,0.9975,1.1625,0.0,0.0,0.0,0.0,0.0,0.0,0.0,0.0,11.387181202350344,1.4002484549638428
00-0019596,T.Brady,QB,2020,7,REG,TB,0.0,44.76,1.13,33.075,0.3291962791000023,36.84710000000011,36.8622500000001,0.0,0.919159988899996,0.0,397.8325,26.810753087500007,21.235,4.005,368.65,130.28,250.84051794279188,0.0,44.673233408492976,0.0,0.0,0.0,0.0,0.0,0.0,0.0,0.0,0.0,0.0,0.0,1.2517878856649924,0.98,0.0,0.0,0.965,1.1,0.0,0.0,0.0,0.0,0.0,0.0,0.0,0.0,11.387181202350344,1.4002484549638428
00-0019596,T.Brady,QB,2020,8,REG,TB,0.0,40.065,1.0075,27.8825,0.18370909883749997,19.059350000000155,19.059550000000158,0.0,0.7671169057749989,0.0,365.84,10.895552143500003,17.675,2.01,292.8525,97.1475,250.84051794279188,0.0,44.673233408492976,0.0,0.0,0.0,0.0,0.0,0.0,0.0,0.0,0.0,0.0,0.0,-1.130556160524996,0.0,0.0,0.0,0.0,-1.0525,0.0,0.0,15.98,2.0475,0.0,0.0,0.0,0.0,11.387181202350344,1.4002484549638428
00-0019596,T.Brady,QB,2020,8,REG,TB,0.0,40.0025,1.0,27.7575,0.18444621986500004,19.059350000000155,19.059550000000158,0.0,0.7672116807749984,0.0,366.27,10.964983397000008,17.77,2.0075,289.555,96.5225,250.84051794279188,0.0,44.673233408492976,0.0,0.0,0.0,0.0,0.0,0.0,0.0,0.0,0.0,0.0,0.0,-1.1249925154149951,0.0,0.0,0.0,0.0,-1.43,0.0,0.0,15.5525,2.0275,0.0,0.0,0.0,0.0,11.387181202350344,1.4002484549638428
00-0019596,T.Brady,QB,2020,9,REG,TB,0.0,38.0125,0.0,22.255,0.008068251799000024,2.3514500000000087,2.351700000000007,2.465,0.5757720000249966,0.0,365.565,-19.824364014599873,10.6925,0.0275,208.395,79.475,250.84051794279188,0.0,44.673233408492976,0.0,0.0,0.0,0.0,0.0,0.0,0.0,0.0,0.0,0.0,0.0,0.0,0.0,0.0,0.0,0.0,0.0,0.0,0.0,23.6575,3.035,0.0,0.0,0.0,0.0,11.387181202350344,1.4002484549638428
00-0019596,T.Brady,QB,2020,9,REG,TB,0.0,38.17,0.0,22.165,0.01353111560275003,2.348150000000007,2.352450000000006,3.045,0.5783930466249968,0.0,366.4,-20.893878273049854,10.4125,0.0075,207.5925,81.34,250.84051794279188,0.0,44.673233408492976,0.0,0.0,0.0,0.0,0.0,0.0,0.0,0.0,0.0,0.0,0.0,0.0,0.0,0.0,0.0,0.0,0.0,0.0,0.0,22.97,3.08,0.0,0.0,0.0,0.0,11.387181202350344,1.4002484549638428
00-0019596,T.Brady,QB,2020,10,REG,TB,0.0,38.845,1.7725,28.25,0.3124064703750014,31.83290000000008,31.83345000000008,0.3175,1.0392945684499986,0.0,320.8575,26.7012909925001,17.5525,2.935,347.8125,155.0625,250.84051794279188,0.0,44.673233408492976,0.0,0.0,0.0,0.0,0.0,0.0,0.0,0.0,0.0,0.0,0.0,-0.12893495438999972,1.0,0.0,0.0,1.005,1.685,0.0,0.0,7.19,1.0875,0.0,0.0,0.0,0.0,11.387181202350344,1.4002484549638428
00-0019596,T.Brady,QB,2020,10,REG,TB,0.0,38.7775,1.76,28.2675,0.3137733578000015,31.831550000000085,31.827250000000085,0.2575,1.0505345924999974,0.0,323.23,26.96750796750011,17.785,2.965,347.07,159.4875,250.84051794279188,0.0,44.673233408492976,0.0,0.0,0.0,0.0,0.0,0.0,0.0,0.0,0.0,0.0,0.0,-0.2348484775399989,0.93,0.0,0.0,0.985,2.0175,0.0,0.0,7.1125,1.005,0.0,0.0,0.0,0.0,11.387181202350344,1.4002484549638428
00-0019596,T.Brady,QB,2020,11,REG,TB,0.0,47.81,0.0,25.9375,-0.01785210436682504,12.640400000000014,12.641250000000014,1.9425,0.5238419954249981,0.0,419.4625,-9.720297916499943,13.54,1.79,230.61,92.8875,250.84051794279188,0.0,44.673233408492976,0.0,0.0,0.0,0.0,0.0,0.0,0.0,0.0,0.0,0.0,0.0,-0.00376264025,0.0,0.0,0.0,0.0,0.0,0.0,0.0,7.22,1.0,0.0,0.0,0.0,0.0,11.387181202350344,1.4002484549638428
00-0019596,T.Brady,QB,2020,11,REG,TB,0.0,47.835,0.0,26.005,-0.016232003192750033,12.640250000000012,12.641300000000015,1.8525,0.5282043623249989,0.0,421.1075,-9.508971816999942,13.6775,1.82,222.67,86.4125,250.84051794279188,0.0,44.673233408492976,0.0,0.0,0.0,0.0,0.0,0.0,0.0,0.0,0.0,0.0,0.0,0.0,0.0,0.0,0.0,0.0,0.0,0.0,0.0,7.34,1.0,0.0,0.0,0.0,0.0,11.387181202350344,1.4002484549638428
00-0019596,T.Brady,QB,2020,12,REG,TB,0.0,41.3375,1.0125,26.9625,0.1164348754974994,21.700899999999923,21.701749999999926,1.8625,0.8787921777999981,0.0,390.56,6.593725964019983,14.83,2.995,333.3175,139.9125,250.84051794279188,0.0,44.673233408492976,0.0,0.0,0.0,0.0,0.0,0.0,0.0,0.0,0.0,0.0,0.0,0.0,0.0,0.0,0.0,0.0,-1.0125,0.0,0.0,3.8575,1.0,0.0,0.0,0.0,0.0,11.387181202350344,1.4002484549638428
00-0019596,T.Brady,QB,2020,12,REG,TB,0.0,41.2175,1.0075,27.025,0.12063638019999949,21.700899999999923,21.701649999999923,2.0725,0.879086070724998,0.0,391.145,7.087216834399977,14.42,2.9925,339.5275,136.19,250.84051794279188,0.0,44.673233408492976,0.0,0.0,0.0,0.0,0.0,0.0,0.0,0.0,0.0,0.0,0.0,0.0,0.0,0.0,0.0,0.0,-1.005,0.0,0.0,3.275,1.0,0.0,0.0,0.0,0.0,11.387181202350344,1.4002484549638428
00-0019596,T.Brady,QB,2020,14,REG,TB,0.0,23.4075,3.0575,15.1975,0.23978682745000093,15.640000000000061,15.639600000000062,0.2175,0.8672310887750065,0.0,229.4175,9.026438005499953,8.3625,2.0225,195.8325,64.955,250.84051794279188,0.0,44.673233408492976,0.0,0.0,0.0,0.0,0.0,0.0,0.0,0.0,0.0,0.0,0.0,-2.2250648651999914,0.0,0.0,0.0,0.0,-2.28,0.0,0.0,0.0,0.0,0.0,0.0,0.0,0.0,11.387181202350344,1.4002484549638428
00-0019596,T.Brady,QB,2020,14,REG,TB,0.0,23.3175,2.9225,15.12,0.24230300505000085,15.639150000000075,15.63865000000008,0.15,0.8650511393500058,0.0,228.9375,8.947075514999952,8.24,2.06,196.26,62.3975,250.84051794279188,0.0,44.673233408492976,0.0,0.0,0.0,0.0,0.0,0.0,0.0,0.0,0.0,0.0,0.0,-2.331188711449989,0.0,0.0,0.0,0.0,-2.325,0.0,0.0,0.0,0.0,0.0,0.0,0.0,0.0,11.387181202350344,1.4002484549638428
00-0019596,T.Brady,QB,2020,15,REG,TB,0.0,44.5225,2.3025,30.9575,0.17669367201000102,23.400999999999843,23.400199999999835,0.0,1.1139527890500025,0.0,344.7125,14.231524436249979,18.89,2.085,376.3775,178.23,250.84051794279188,0.0,44.673233408492976,0.0,0.0,0.0,0.0,0.0,0.0,0.0,0.0,0.0,0.0,0.0,-3.3402285212999994,0.0,0.0,0.0,0.0,-1.715,0.0,0.0,24.905,3.04,0.0,0.0,0.0,0.0,11.387181202350344,1.4002484549638428
00-0019596,T.Brady,QB,2020,15,REG,TB,0.0,44.785,2.2725,30.8975,0.17930059094500111,23.400199999999845,23.400149999999847,0.0,1.124018309500003,0.0,346.225,14.166463926749987,18.905,2.0625,383.1825,187.6475,250.84051794279188,0.0,44.673233408492976,0.0,0.0,0.0,0.0,0.0,0.0,0.0,0.0,0.0,0.0,0.0,-3.4149168101374983,0.0,0.0,0.0,0.0,-1.8725,0.0,0.0,25.56,2.955,0.0,0.0,0.0,0.0,11.387181202350344,1.4002484549638428
00-0019596,T.Brady,QB,2020,16,REG,TB,0.0,27.3825,0.0,21.6825,0.43013937277500064,29.919950000000057,29.92170000000005,0.0,0.9703760526749992,0.0,357.835,25.81841683000009,16.745,4.045,349.025,108.0075,250.84051794279188,0.0,44.673233408492976,0.0,0.0,0.0,0.0,0.0,0.0,0.0,0.0,0.0,0.0,0.0,0.0,0.0,0.0,0.0,0.0,0.0,0.0,0.0,7.2075,1.06,0.0,0.0,0.0,0.0,11.387181202350344,1.4002484549638428
00-0019596,T.Brady,QB,2020,16,REG,TB,0.0,27.515,0.0,21.6925,0.4335836073250006,29.91920000000006,29.922100000000054,0.0,0.9679514912749986,0.0,356.895,26.17432449750011,17.1175,4.0475,348.18,94.8725,250.84051794279188,0.0,44.673233408492976,0.0,0.0,0.0,0.0,0.0,0.0,0.0,0.0,0.0,0.0,0.0,0.0,0.0,0.0,0.0,0.0,0.0,0.0,0.0,6.8625,1.005,0.0,0.0,0.0,0.0,11.387181202350344,1.4002484549638428
00-0019596,T.Brady,QB,2020,17,REG,TB,0.0,40.8875,4.5625,26.43,0.2716570970500019,30.265900000000144,30.288050000000155,0.83,0.8890525524749968,0.0,446.6975,21.60908142000002,19.66,3.9875,398.31,163.97,250.84051794279188,0.0,44.673233408492976,0.0,0.0,0.0,0.0,0.0,0.0,0.0,0.0,0.0,0.0,0.0,-3.2273953184999873,0.9925,0.0,0.0,0.0,3.345,0.0,0.0,7.305,1.005,0.0,0.0,0.0,0.0,11.387181202350344,1.4002484549638428
00-0019596,T.Brady,QB,2020,17,REG,TB,0.0,41.105,4.72,26.4925,0.271192760625002,30.263200000000147,30.278950000000158,0.8525,0.8906575870999973,0.0,446.47,21.61843876500001,19.68,3.99,399.785,179.465,250.84051794279188,0.0,44.673233408492976,0.0,0.0,0.0,0.0,0.0,0.0,0.0,0.0,0.0,0.0,0.0,-3.2648093844749893,0.95,0.0,0.0,0.0,2.845,0.0,0.0,7.92,1.0025,0.0,0.0,0.0,0.0,11.387181202350344,1.4002484549638428
00-0019596,T.Brady,QB,2020,18,POST,TB,0.0,39.055,2.995,23.1125,0.20533559982500005,23.040000000000067,23.040000000000067,0.19,0.834558543750004,0.0,459.835,18.254741792249973,17.815,2.115,379.72,133.68,250.84051794279188,0.0,44.673233408492976,0.0,0.0,0.0,0.0,0.0,0.0,0.0,0.0,0.0,0.0,0.0,-1.8863195061899902,0.1125,0.0,0.0,0.0,-1.225,0.0,0.0,18.6725,2.7575,0.0,0.0,0.0,0.0,11.387181202350344,1.4002484549638428
00-0019596,T.Brady,QB,2020,18,POST,TB,0.0,38.92,2.92,22.975,0.19870594862499996,23.040000000000067,23.040000000000067,0.1525,0.8306164554250042,0.0,459.93,18.198449218249973,17.875,2.1575,379.5975,127.915,250.84051794279188,0.0,44.673233408492976,0.0,0.0,0.0,0.0,0.0,0.0,0.0,0.0,0.0,0.0,0.0,-1.6375640246749932,0.13,0.0,0.0,0.0,-1.7,0.0,0.0,17.6625,2.9025,0.0,0.0,0.0,0.0,11.387181202350344,1.4002484549638428
00-0019596,T.Brady,QB,2020,19,POST,TB,0.0,32.885,4.7325,18.32,0.07305082978750041,22.15934999999992,22.159749999999914,0.0,0.6266770057999962,0.0,317.56,3.4057829678500053,12.36,1.9325,217.1975,91.23,250.84051794279188,0.0,44.673233408492976,0.0,0.0,0.0,0.0,0.0,0.0,0.0,0.0,0.0,0.0,0.0,-0.07781755711000034,1.6225,0.0,0.0,0.935,1.575,0.8175,0.0,9.205,1.29,0.0,0.0,0.0,0.0,11.387181202350344,1.4002484549638428
00-0019596,T.Brady,QB,2020,19,POST,TB,0.0,32.8375,4.67,18.145,0.06355726900250028,22.159599999999926,22.160799999999924,0.0,0.6305229086749962,0.0,317.9425,3.6512145046499995,12.4775,2.0,205.3025,91.305,250.84051794279188,0.0,44.673233408492976,0.0,0.0,0.0,0.0,0.0,0.0,0.0,0.0,0.0,0.0,0.0,0.2962910446849993,1.8275,0.0,0.0,0.9175,1.945,0.825,0.0,8.6725,1.0225,0.0,0.0,0.0,0.0,11.387181202350344,1.4002484549638428
00-0019596,T.Brady,QB,2020,20,POST,TB,0.0,35.565,1.3125,20.2325,0.13372281174000006,17.099850000000103,17.0999000000001,2.165,0.6778774237500048,0.0,414.73,9.08930287659995,12.7125,2.925,280.315,105.965,250.84051794279188,0.0,44.673233408492976,0.0,0.0,0.0,0.0,0.0,0.0,0.0,0.0,0.0,0.0,0.0,-0.9340735713949992,0.0825,0.0,0.0,0.0,-0.73,0.125,0.0,6.1525,1.0,0.0,0.0,0.0,0.0,11.387181202350344,1.4002484549638428
00-0019596,T.Brady,QB,2020,20,POST,TB,0.0,35.63,1.145,20.3525,0.134186342535,17.0992500000001,17.099250000000097,2.5175,0.6779733904000047,0.0,417.045,8.944904519749949,12.1175,2.945,280.4875,105.16,250.84051794279188,0.0,44.673233408492976,0.0,0.0,0.0,0.0,0.0,0.0,0.0,0.0,0.0,0.0,0.0,-0.990921408524999,0.0175,0.0,0.0,0.0,-0.93,0.1025,0.0,5.615,1.0,0.0,0.0,0.0,0.0,11.387181202350344,1.4002484549638428
00-0019596,T.Brady,QB,2020,21,POST,TB,0.0,29.2025,3.55,20.635,0.17608854136500046,19.84005000000007,19.841000000000065,0.27,1.1410262877999966,0.0,176.0,8.77753088549997,11.6525,2.9725,207.13,121.125,250.84051794279188,0.0,44.673233408492976,0.0,0.0,0.0,0.0,0.0,0.0,0.0,0.0,0.0,0.0,0.0,-2.3589914724749868,0.0,0.8575,0.0,0.0,-2.1575,0.0,0.0,5.3275,1.0,0.0,0.0,0.0,0.0,11.387181202350344,1.4002484549638428
00-0019596,T.Brady,QB,2020,21,POST,TB,0.0,29.175,3.7725,20.705,0.17860324840750036,19.840150000000065,19.840950000000063,0.335,1.1452135045749965,0.0,177.3875,8.802843398999975,11.69,2.9575,207.025,123.54,250.84051794279188,0.0,44.673233408492976,0.0,0.0,0.0,0.0,0.0,0.0,0.0,0.0,0.0,0.0,0.0,-2.3565698468749865,0.0,0.8275,0.0,0.0,-2.22,0.0,0.0,5.75,1.0,0.0,0.0,0.0,0.0,11.387181202350344,1.4002484549638428
00-0019596,T.Brady,QB,2021,1,REG,TB,0.0,49.085,0.01,32.37,0.1707634095024996,27.159949999999903,27.159949999999903,1.51,0.8503860678749969,0.0,430.59,13.90314328325006,21.085,3.8775,378.7,174.9975,250.84051794279188,0.0,44.673233408492976,0.0,0.0,0.0,0.0,0.0,0.0,0.0,0.0,0.0,0.0,0.0,0.0,0.0,0.015,0.0,0.0,0.0,0.0,0.0,0.0,0.0,0.0,0.0,0.0,0.0,11.387181202350344,1.4002484549638428
00-0019596,T.Brady,QB,2021,1,REG,TB,0.0,49.545,0.015,32.27,0.1697352140849996,27.1598999999999,27.159999999999904,1.7225,0.8512939245999961,0.0,445.855,14.151738367500059,21.275,3.8175,380.0775,177.775,250.84051794279188,0.0,44.673233408492976,0.0,0.0,0.0,0.0,0.0,0.0,0.0,0.0,0.0,0.0,0.0,0.0,0.0,0.03,0.0,0.0,0.0,0.0,0.0,0.0,0.0,0.0,0.0,0.0,0.0,11.387181202350344,1.4002484549638428
00-0019596,T.Brady,QB,2021,2,REG,TB,0.0,36.7975,1.0375,23.9725,0.11188556833000017,29.641449999999946,29.639749999999935,0.4425,0.7963967554749969,0.0,348.6975,2.6500426590249884,14.2875,4.8575,277.6425,99.92,250.84051794279188,0.0,44.673233408492976,0.0,0.0,0.0,0.0,0.0,0.0,0.0,0.0,0.0,0.0,0.0,1.3032807128600035,1.0,0.0,0.0,0.0,5.8125,1.0,1.0,16.99,2.8975,0.0,0.0,0.0,0.0,11.387181202350344,1.4002484549638428
00-0019596,T.Brady,QB,2021,2,REG,TB,0.0,36.7475,1.0225,24.06,0.11345228050500014,29.64219999999995,29.640499999999925,0.35,0.7953435860999964,0.0,347.44,2.7892010280499875,14.1475,4.8475,276.9225,94.965,250.84051794279188,0.0,44.673233408492976,0.0,0.0,0.0,0.0,0.0,0.0,0.0,0.0,0.0,0.0,0.0,1.3269069085750036,1.0,0.0,0.0,0.0,5.9275,1.0,1.0,17.2425,2.8275,0.0,0.0,0.0,0.0,11.387181202350344,1.4002484549638428
00-0019596,T.Brady,QB,2021,3,REG,TB,0.0,55.3025,2.655,39.78,0.1453463059999992,28.683400000000123,28.684050000000106,0.0,1.1154887456750067,0.0,382.9025,11.935876601024965,23.2675,1.3125,433.015,222.39,250.84051794279188,0.0,44.673233408492976,0.0,0.0,0.0,0.0,0.0,0.0,0.0,0.0,0.0,0.0,0.0,0.8102294647099997,1.0225,0.0,0.0,1.01,12.2425,0.98,0.125,19.9375,3.025,0.0,0.0,0.0,0.0,11.387181202350344,1.4002484549638428
00-0019596,T.Brady,QB,2021,3,REG,TB,0.0,55.3425,2.8825,40.065,0.14302979399999918,28.684500000000124,28.684650000000104,0.0,1.1356452981250065,0.0,384.4125,12.280995321324967,23.5525,1.24,434.495,228.45,250.84051794279188,0.0,44.673233408492976,0.0,0.0,0.0,0.0,0.0,0.0,0.0,0.0,0.0,0.0,0.0,0.7566881027100009,0.995,0.0,0.0,1.05,13.175,1.04,0.0625,21.0925,3.01,0.0,0.0,0.0,0.0,11.387181202350344,1.4002484549638428
00-0019596,T.Brady,QB,2021,4,REG,TB,0.0,42.6625,3.5,22.47,0.02985646202249993,11.059549999999984,11.059299999999986,0.0,0.5850753847999974,0.0,457.12,1.7934801782999958,12.645,0.04,267.6525,118.56,250.84051794279188,0.0,44.673233408492976,0.0,0.0,0.0,0.0,0.0,0.0,0.0,0.0,0.0,0.0,0.0,1.4624428822614939,1.005,0.0,0.0,0.055,6.72,0.15,0.0,8.12,1.0825,0.0,0.0,0.0,0.0,11.387181202350344,1.4002484549638428
00-0019596,T.Brady,QB,2021,4,REG,TB,0.0,42.505,3.5675,22.655,0.030264167203899947,11.058299999999981,11.058399999999985,0.0,0.5973951585749973,0.0,460.605,1.8948155333899956,12.3775,0.0225,269.4175,113.46,250.84051794279188,0.0,44.673233408492976,0.0,0.0,0.0,0.0,0.0,0.0,0.0,0.0,0.0,0.0,0.0,1.624048963079996,1.0275,0.0,0.0,0.0925,5.4575,0.1025,0.0,8.2075,1.0425,0.0,0.0,0.0,0.0,11.387181202350344,1.4002484549638428
00-0019596,T.Brady,QB,2021,5,REG,TB,0.0,41.3725,1.74,29.6325,0.3367924006499988,37.758449999999854,37.73534999999985,0.0,0.9563046849500005,0.0,422.9725,28.36843277749987,22.55,4.6525,422.3525,216.73,250.84051794279188,0.0,44.673233408492976,0.0,0.0,0.0,0.0,0.0,0.0,0.0,0.0,0.0,0.0,0.0,0.9765102822500055,1.04,0.0,0.0,0.0,11.4025,0.0,0.0,14.5825,2.0375,0.0,0.0,0.0,0.0,11.387181202350344,1.4002484549638428
00-0019596,T.Brady,QB,2021,5,REG,TB,0.0,41.36,1.4125,29.68,0.3385609615249986,37.77169999999987,37.73439999999985,0.0,0.9868927554000005,0.0,422.28,28.44578365999986,22.9,4.825,421.07,223.355,250.84051794279188,0.0,44.673233408492976,0.0,0.0,0.0,0.0,0.0,0.0,0.0,0.0,0.0,0.0,0.0,0.9888473800100054,1.025,0.0,0.0,0.0,11.91,0.0,0.0,15.105,2.0075,0.0,0.0,0.0,0.0,11.387181202350344,1.4002484549638428
00-0019596,T.Brady,QB,2021,6,REG,TB,0.0,42.85,3.73,33.18,0.23391021483500132,17.979799999999823,17.97989999999982,0.865,1.0479612347249982,0.0,288.845,13.607976203750086,17.1675,1.9225,310.0075,179.7925,250.84051794279188,0.0,44.673233408492976,0.0,0.0,0.0,0.0,0.0,0.0,0.0,0.0,0.0,0.0,0.0,-2.965161575545015,0.925,0.0,0.0,0.0,4.905,0.0,0.0,0.0,0.15,0.0,0.0,0.0,0.0,11.387181202350344,1.4002484549638428
00-0019596,T.Brady,QB,2021,6,REG,TB,0.0,42.8775,3.8275,33.1275,0.23095342414000133,17.97974999999982,17.97989999999982,0.905,1.0490022998999986,0.0,286.465,13.761362075250087,17.24,1.9225,307.4325,185.745,250.84051794279188,0.0,44.673233408492976,0.0,0.0,0.0,0.0,0.0,0.0,0.0,0.0,0.0,0.0,0.0,-3.2753870878900186,0.9875,0.0,0.0,0.0,2.6675,0.0,0.0,0.0,0.0,0.0,0.0,0.0,0.0,11.387181202350344,1.4002484549638428
00-0019596,T.Brady,QB,2021,7,REG,TB,0.0,35.61,0.005,20.42,0.1223119335124997,24.439399999999917,24.437549999999906,0.155,0.7506213493750021,0.0,282.74,8.336519744449966,11.885,3.86,214.1425,84.1875,250.84051794279188,0.0,44.673233408492976,0.0,0.0,0.0,0.0,0.0,0.0,0.0,0.0,0.0,0.0,0.0,0.0,0.0,0.0,0.0,0.0,0.0,0.0,0.0,0.0,0.0,0.0,0.0,0.0,0.0,11.387181202350344,1.4002484549638428
00-0019596,T.Brady,QB,2021,7,REG,TB,0.0,35.545,0.0,20.3975,0.11822715216249974,24.438499999999916,24.437649999999913,0.11,0.7525796694500021,0.0,282.42,8.254697660732468,12.01,3.9,212.87,80.7775,250.84051794279188,0.0,44.673233408492976,0.0,0.0,0.0,0.0,0.0,0.0,0.0,0.0,0.0,0.0,0.0,0.0,0.0,0.0,0.0,0.0,0.0,0.0,0.0,0.0,0.0,0.0,0.0,0.0,0.0,11.387181202350344,1.4002484549638428
00-0019596,T.Brady,QB,2021,8,REG,TB,0.0,40.12,1.0275,27.8425,0.0839357454600001,25.199300000000026,25.20025000000002,1.59,1.0981836161499934,0.0,340.045,3.2789193636000102,14.08,3.89,358.405,187.5225,250.84051794279188,0.0,44.673233408492976,0.0,0.0,0.0,0.0,0.0,0.0,0.0,0.0,0.0,0.0,0.0,0.5672705644299982,0.995,0.0,0.0,0.0,1.9975,1.0,1.0,24.91,3.07,0.0,0.0,0.0,0.0,11.387181202350344,1.4002484549638428
00-0019596,T.Brady,QB,2021,8,REG,TB,0.0,40.055,1.035,27.7625,0.08472277287125012,25.199300000000026,25.20050000000002,1.8275,1.0999184275749945,0.0,339.96,1.7263632887100078,13.3375,3.8375,366.86,195.41,250.84051794279188,0.0,44.673233408492976,0.0,0.0,0.0,0.0,0.0,0.0,0.0,0.0,0.0,0.0,0.0,0.5640357139749984,0.995,0.0,0.0,0.0,1.955,1.0,1.0,25.2125,2.96,0.0,0.0,0.0,0.0,11.387181202350344,1.4002484549638428
00-0019596,T.Brady,QB,2021,10,REG,TB,0.0,34.38,1.03,22.98,0.03204743215917508,12.9998,12.9998,1.8875,1.1143744839249965,0.0,198.8025,-1.5711013958500042,8.9925,1.81,219.725,116.1175,250.84051794279188,0.0,44.673233408492976,0.0,0.0,0.0,0.0,0.0,0.0,0.0,0.0,0.0,0.0,0.0,1.728011743660001,1.0,0.0,0.0,0.0,2.1625,0.0,0.0,0.0,0.0375,0.0,0.0,0.0,0.0,11.387181202350344,1.4002484549638428
00-0019596,T.Brady,QB,2021,10,REG,TB,0.0,34.3075,1.0225,22.9975,0.037597594457600095,13.0,12.999949999999998,1.925,1.1131978667499967,0.0,197.5925,-2.940909489631257,8.465,1.795,219.4675,115.8975,250.84051794279188,0.0,44.673233408492976,0.0,0.0,0.0,0.0,0.0,0.0,0.0,0.0,0.0,0.0,0.0,1.8331647028900013,1.0,0.0,0.0,0.0,2.135,0.0,0.0,0.0,0.01,0.0,0.0,0.0,0.0,11.387181202350344,1.4002484549638428
00-0019596,T.Brady,QB,2021,11,REG,TB,0.0,45.53,1.0375,29.8975,0.10952258033249944,19.281499999999944,19.28129999999994,1.2175,0.8937600191250057,0.0,344.51,5.448382523874984,15.0225,2.0975,309.2,130.1125,250.84051794279188,0.0,44.673233408492976,0.0,0.0,0.0,0.0,0.0,0.0,0.0,0.0,0.0,0.0,0.0,1.6294658260249997,1.045,0.0,0.0,0.0,8.915,0.0,0.0,0.0,0.0,0.0,0.0,0.0,0.0,11.387181202350344,1.4002484549638428
00-0019596,T.Brady,QB,2021,11,REG,TB,0.0,45.81,1.0025,29.95,0.11016250630999946,19.281699999999947,19.28204999999995,1.0925,0.8933925701250054,0.0,343.235,5.973211064224997,15.5775,2.015,307.3075,128.86,250.84051794279188,0.0,44.673233408492976,0.0,0.0,0.0,0.0,0.0,0.0,0.0,0.0,0.0,0.0,0.0,1.6482565186249984,1.005,0.0,0.0,0.0,9.61,0.0,0.0,0.0,0.0,0.0,0.0,0.0,0.0,11.387181202350344,1.4002484549638428
00-0019596,T.Brady,QB,2021,12,REG,TB,0.0,34.665,1.7025,24.8025,0.0770555801774248,11.239949999999897,11.239449999999893,0.9625,1.1810072492500021,0.0,191.8525,0.030194429017499354,11.3775,0.995,228.015,125.465,250.84051794279188,0.0,44.673233408492976,0.0,0.0,0.0,0.0,0.0,0.0,0.0,0.0,0.0,0.0,0.0,0.5895731427849982,0.8975,0.0,0.0,0.0,4.0975,0.0,0.0,8.955,1.9875,0.0,0.0,0.0,0.0,11.387181202350344,1.4002484549638428
00-0019596,T.Brady,QB,2021,12,REG,TB,0.0,34.41,1.725,24.8175,0.07824217179592483,11.239699999999905,11.238999999999898,0.975,1.179106491000002,0.0,192.19,-0.4122321563274978,11.35,0.9975,226.955,126.23,250.84051794279188,0.0,44.673233408492976,0.0,0.0,0.0,0.0,0.0,0.0,0.0,0.0,0.0,0.0,0.0,0.20067695456250043,0.985,0.0,0.0,0.0,3.4625,0.0,0.0,9.68,1.9975,0.0,0.0,0.0,0.0,11.387181202350344,1.4002484549638428
00-0019596,T.Brady,QB,2021,13,REG,TB,0.0,51.2475,1.04,37.585,0.19569026813999915,28.62305000000015,28.621850000000112,0.9575,1.142124488500005,0.0,321.925,15.36624086325009,20.86,3.8575,370.58,169.0625,250.84051794279188,0.0,44.673233408492976,0.0,0.0,0.0,0.0,0.0,0.0,0.0,0.0,0.0,0.0,0.0,-0.18508345225000003,0.005,0.0,0.0,0.0,-1.015,0.0,0.0,0.0,0.0,0.0,0.0,0.0,0.0,11.387181202350344,1.4002484549638428
00-0019596,T.Brady,QB,2021,13,REG,TB,0.0,51.2175,1.045,37.7925,0.19683306903999914,28.62350000000014,28.62215000000013,0.9825,1.140944152625006,0.0,321.5175,15.761407197500096,21.23,3.8925,371.925,167.4775,250.84051794279188,0.0,44.673233408492976,0.0,0.0,0.0,0.0,0.0,0.0,0.0,0.0,0.0,0.0,0.0,-0.0714125696,0.005,0.0,0.0,0.0,-0.9875,0.0,0.0,0.0,0.0,0.0,0.0,0.0,0.0,11.387181202350344,1.4002484549638428
00-0019596,T.Brady,QB,2021,14,REG,TB,0.0,46.005,6.2725,31.295,0.14544950337750062,30.111200000000185,30.112800000000174,0.3225,1.0535074429500049,0.0,347.5875,9.962908251824953,14.22,1.9875,364.1875,205.1825,250.84051794279188,0.0,44.673233408492976,0.0,0.0,0.0,0.0,0.0,0.0,0.0,0.0,0.0,0.0,0.0,1.7392641363750048,3.6425,0.0,0.0,0.9725,13.5675,0.0,0.0,11.965,2.0375,0.0,0.0,0.0,0.0,11.387181202350344,1.4002484549638428
00-0019596,T.Brady,QB,2021,14,REG,TB,0.0,45.955,6.4975,31.3775,0.14581414835250073,30.112000000000183,30.11405000000018,0.2175,1.050457017750005,0.0,348.975,9.810806386499944,13.7325,1.98,363.945,206.9925,250.84051794279188,0.0,44.673233408492976,0.0,0.0,0.0,0.0,0.0,0.0,0.0,0.0,0.0,0.0,0.0,1.684508784675005,3.5475,0.0,0.0,0.975,16.905,0.0,0.0,11.41,1.92,0.0,0.0,0.0,0.0,11.387181202350344,1.4002484549638428
00-0019596,T.Brady,QB,2021,15,REG,TB,0.0,48.14,1.905,25.835,-0.02816863377897489,4.761599999999992,4.761199999999991,0.9525,0.5385231937499999,0.0,397.48,-15.357317827050071,12.5875,0.0525,229.9425,97.1525,250.84051794279188,0.0,44.673233408492976,0.0,0.0,0.0,0.0,0.0,0.0,0.0,0.0,0.0,0.0,0.0,-3.379696437625012,0.04,1.01,1.0225,0.025,1.675,0.0,0.0,28.8775,4.0175,0.0,0.0,0.0,0.0,11.387181202350344,1.4002484549638428
00-0019596,T.Brady,QB,2021,15,REG,TB,0.0,48.2075,1.3975,25.8175,-0.03342573429674983,4.761349999999991,4.76134999999999,1.03,0.5463318913249998,0.0,400.775,-15.422916448750081,12.81,0.0075,218.445,99.2625,250.84051794279188,0.0,44.673233408492976,0.0,0.0,0.0,0.0,0.0,0.0,0.0,0.0,0.0,0.0,0.0,-4.0543787710000165,0.0525,1.0,1.025,0.0525,1.46,0.0,0.0,29.59,3.9625,0.0,0.0,0.0,0.0,11.387181202350344,1.4002484549638428
00-0019596,T.Brady,QB,2021,16,REG,TB,0.0,29.3725,1.045,18.7575,0.1894671026749989,14.379900000000088,14.380050000000088,0.03,0.9130548292249996,0.0,254.9475,10.256618096825013,12.03,0.9975,231.2875,86.8225,250.84051794279188,0.0,44.673233408492976,0.0,0.0,0.0,0.0,0.0,0.0,0.0,0.0,0.0,0.0,0.0,1.236312269582507,0.99,0.0,0.0,0.0,11.29,0.0,0.0,0.0,0.0025,0.0,0.0,0.0,0.0,11.387181202350344,1.4002484549638428
00-0019596,T.Brady,QB,2021,16,REG,TB,0.0,29.475,1.01,18.575,0.18782896101999888,14.380000000000088,14.38010000000009,0.0575,0.912017949575,0.0,254.6325,9.944515433750015,12.0175,1.0675,231.47,83.1775,250.84051794279188,0.0,44.673233408492976,0.0,0.0,0.0,0.0,0.0,0.0,0.0,0.0,0.0,0.0,0.0,1.1530207321250063,1.0175,0.0,0.0,0.0,11.095,0.0,0.0,0.0,0.0,0.0,0.0,0.0,0.0,11.387181202350344,1.4002484549638428
00-0019596,T.Brady,QB,2021,17,REG,TB,0.0,49.96,0.0,33.6825,0.24608334277499871,26.39109999999987,26.41494999999986,0.87,0.8156511788500012,0.0,500.385,21.648398047499917,20.745,3.005,398.2875,142.8575,250.84051794279188,0.0,44.673233408492976,0.0,0.0,0.0,0.0,0.0,0.0,0.0,0.0,0.0,0.0,0.0,0.0020564921,0.005,0.0,0.0,0.0,0.0,0.0,0.0,4.99,1.0075,0.0,0.0,0.0,0.0,11.387181202350344,1.4002484549638428
00-0019596,T.Brady,QB,2021,17,REG,TB,0.0,49.9125,0.0,33.5925,0.2471648650999988,26.393449999999856,26.408999999999857,0.8975,0.8158891259500005,0.0,495.67,21.746273447499906,20.9025,3.0475,406.885,144.03,250.84051794279188,0.0,44.673233408492976,0.0,0.0,0.0,0.0,0.0,0.0,0.0,0.0,0.0,0.0,0.0,-0.011365143550000002,0.005,0.0,0.0,0.0,0.0,0.0,0.0,5.01,1.04,0.0,0.0,0.0,0.0,11.387181202350344,1.4002484549638428
00-0019596,T.Brady,QB,2021,18,REG,TB,0.0,37.08,0.0,28.7225,0.2768397702250012,25.039800000000138,25.039600000000142,0.0725,1.160419777249997,0.0,286.075,18.125784865000107,15.5925,2.9775,327.3225,144.4,250.84051794279188,0.0,44.673233408492976,0.0,0.0,0.0,0.0,0.0,0.0,0.0,0.0,0.0,0.0,0.0,0.0,0.0,0.0,0.0,0.0,0.0,0.0,0.0,2.77,1.0,0.0,0.0,0.0,0.0,11.387181202350344,1.4002484549638428
00-0019596,T.Brady,QB,2021,18,REG,TB,0.0,37.0325,0.0,28.775,0.2760767463500013,25.03975000000014,25.03955000000014,0.0575,1.1619307322499965,0.0,283.54,18.03814153000011,15.6175,2.99,327.245,145.8575,250.84051794279188,0.0,44.673233408492976,0.0,0.0,0.0,0.0,0.0,0.0,0.0,0.0,0.0,0.0,0.0,0.0,0.0,0.0,0.0,0.0,-0.0025,0.0,0.0,2.4875,1.0225,0.0,0.0,0.0,0.0,11.387181202350344,1.4002484549638428
00-0019596,T.Brady,QB,2021,19,POST,TB,0.0,37.105,0.0,28.645,0.16835125800750056,18.837750000000067,18.837450000000068,0.0,1.6205011235000029,0.0,167.23,8.683843179874993,14.1175,1.99,273.5675,148.435,250.84051794279188,0.0,44.673233408492976,0.0,0.0,0.0,0.0,0.0,0.0,0.0,0.0,0.0,0.0,0.0,0.0,0.0,0.0,0.0,0.0,0.0,0.0,0.0,28.5475,4.04,0.0,0.0,0.0,0.0,11.387181202350344,1.4002484549638428
00-0019596,T.Brady,QB,2021,19,POST,TB,0.0,37.05,0.0,28.785,0.1651350275425006,18.836550000000067,18.83660000000006,0.0,1.6400590585000034,0.0,167.2075,8.806997930624991,13.96,1.995,271.9225,150.74,250.84051794279188,0.0,44.673233408492976,0.0,0.0,0.0,0.0,0.0,0.0,0.0,0.0,0.0,0.0,0.0,0.0,0.0,0.0,0.0,0.0,0.0,0.0,0.0,27.7575,4.22,0.0,0.0,0.0,0.0,11.387181202350344,1.4002484549638428
00-0019596,T.Brady,QB,2021,20,POST,TB,0.0,53.8525,0.83,30.0625,-0.016895691430250073,13.159649999999928,13.159999999999927,0.9925,0.7780271668500012,0.0,422.865,-12.791736739600012,14.3225,0.99,323.8125,165.445,250.84051794279188,0.0,44.673233408492976,0.0,0.0,0.0,0.0,0.0,0.0,0.0,0.0,0.0,0.0,0.0,-0.001972742149999999,0.0,0.0,0.0,0.0,-0.19,1.0,1.0,21.5875,3.12,0.0,0.0,0.0,0.0,11.387181202350344,1.4002484549638428
00-0019596,T.Brady,QB,2021,20,POST,TB,0.0,53.8925,0.785,30.1225,-0.019238966072060083,13.15979999999993,13.160149999999929,1.0225,0.7677327506500009,0.0,427.9225,-13.29561233275001,14.3025,0.985,328.32,167.79,250.84051794279188,0.0,44.673233408492976,0.0,0.0,0.0,0.0,0.0,0.0,0.0,0.0,0.0,0.0,0.0,-0.0020835468399999987,0.0,0.0,0.0,0.0,-0.165,1.0025,1.0,21.545,3.185,0.0,0.0,0.0,0.0,11.387181202350344,1.4002484549638428
00-0019596,T.Brady,QB,2022,1,REG,TB,0.0,28.0,1.915,17.83,0.061914731101999916,10.380050000000079,10.380050000000075,1.0175,0.6963909942249995,0.0,304.79,0.7512993135974985,9.3475,0.9875,211.6925,88.4875,250.84051794279188,0.0,44.673233408492976,0.0,0.0,0.0,0.0,0.0,0.0,0.0,0.0,0.0,0.0,0.0,-1.1878529116374938,0.0,0.0,0.0,0.0,-0.7825,0.0,0.0,15.825,1.9975,0.0,0.0,0.0,0.0,11.387181202350344,1.4002484549638428
00-0019596,T.Brady,QB,2022,1,REG,TB,0.0,27.69,1.965,17.84,0.07320890092074986,10.379800000000078,10.379800000000076,0.99,0.6962951722500003,0.0,304.7025,0.6342906664100019,9.1225,1.0,211.63,85.09,250.84051794279188,0.0,44.673233408492976,0.0,0.0,0.0,0.0,0.0,0.0,0.0,0.0,0.0,0.0,0.0,-1.2762576824749932,0.0,0.0,0.0,0.0,-1.0875,0.0,0.0,17.12,2.015,0.0,0.0,0.0,0.0,11.387181202350344,1.4002484549638428
00-0019596,T.Brady,QB,2022,2,REG,TB,0.0,34.07,2.83,18.17,0.008066825081499987,9.40000000000006,9.40010000000006,0.1875,0.6036385872000016,0.0,314.155,0.9109932005749948,8.36,0.9975,191.4325,83.335,250.84051794279188,0.0,44.673233408492976,0.0,0.0,0.0,0.0,0.0,0.0,0.0,0.0,0.0,0.0,0.0,-6.293043381374986,0.0,1.0,1.0,0.0,-2.2,0.0,0.0,4.3125,1.015,0.0,0.0,0.0,0.0,11.387181202350344,1.4002484549638428
00-0019596,T.Brady,QB,2022,2,REG,TB,0.0,34.1625,2.96,18.1825,-0.005221486967050002,9.399900000000061,9.399850000000061,0.09,0.6017752238750016,0.0,313.4775,1.5347879065999968,8.2725,1.015,191.4525,84.1375,250.84051794279188,0.0,44.673233408492976,0.0,0.0,0.0,0.0,0.0,0.0,0.0,0.0,0.0,0.0,0.0,-6.566940156249977,0.0,1.0075,1.0,0.0,-2.165,0.0,0.0,3.675,1.0875,0.0,0.0,0.0,0.0,11.387181202350344,1.4002484549638428
00-0019596,T.Brady,QB,2022,3,REG,TB,0.0,42.45,1.02,29.9775,0.07110583758469974,14.739899999999869,14.739849999999866,0.0,1.140453269124997,0.0,236.5,2.0264653667649934,14.5825,1.015,273.2375,130.245,250.84051794279188,0.0,44.673233408492976,0.0,0.0,0.0,0.0,0.0,0.0,0.0,0.0,0.0,0.0,0.0,-0.5304620572750001,0.0,0.0,0.0,0.0,-0.9575,0.0,0.0,18.425,3.0525,0.0,0.0,0.0,0.0,11.387181202350344,1.4002484549638428
00-0019596,T.Brady,QB,2022,3,REG,TB,0.0,42.465,1.0025,30.2275,0.07766628813324968,14.739949999999867,14.739799999999866,0.0,1.147056220749996,0.0,235.2225,1.5513586080650013,14.645,1.01,272.375,126.75,250.84051794279188,0.0,44.673233408492976,0.0,0.0,0.0,0.0,0.0,0.0,0.0,0.0,0.0,0.0,0.0,-0.15885683485500005,0.0,0.0,0.0,0.0,-0.9825,0.0,0.0,19.2675,3.035,0.0,0.0,0.0,0.0,11.387181202350344,1.4002484549638428
00-0019596,T.Brady,QB,2022,4,REG,TB,0.0,52.0975,0.0,38.835,0.15151689869749962,25.399299999999815,25.39914999999982,0.0,1.1786842792499974,0.0,322.34,10.316354346949945,22.4675,2.8525,388.8425,193.3675,250.84051794279188,0.0,44.673233408492976,0.0,0.0,0.0,0.0,0.0,0.0,0.0,0.0,0.0,0.0,0.0,0.0,0.0,0.0,0.0,0.0,0.0,1.0025,1.0,10.575,1.43,0.0,0.0,0.0,0.0,11.387181202350344,1.4002484549638428
00-0019596,T.Brady,QB,2022,4,REG,TB,0.0,52.2075,0.0025,38.955,0.15205738733749963,25.399149999999818,25.398999999999823,0.0,1.1807258334999977,0.0,326.555,10.103493055574937,22.7525,2.9375,393.28,203.5875,250.84051794279188,0.0,44.673233408492976,0.0,0.0,0.0,0.0,0.0,0.0,0.0,0.0,0.0,0.0,0.0,0.0,0.0,0.0,0.0,0.0,0.0,1.0025,1.0,11.095,1.1775,0.0,0.0,0.0,0.0,11.387181202350344,1.4002484549638428
00-0019596,T.Brady,QB,2022,5,REG,TB,0.0,51.61,2.38,35.1875,0.15687325129999896,19.737699999999865,19.739149999999874,0.0,0.9765527334000045,0.8475,364.135,12.719362398000051,17.165,1.3825,351.9175,179.9525,250.84051794279188,0.0,44.673233408492976,0.0,0.0,0.0,0.0,0.0,0.0,0.0,0.0,0.0,0.0,0.0,-3.700098159520008,0.0,0.0,0.0,0.0,-3.1075,0.0,0.0,0.0,0.0,0.0,0.0,0.0,0.0,11.387181202350344,1.4002484549638428
00-0019596,T.Brady,QB,2022,5,REG,TB,0.0,51.75,3.015,35.1625,0.15683569924999888,19.73899999999987,19.74019999999988,0.0,0.9698140420750044,0.88,363.095,12.92863111525005,17.3125,1.265,351.595,180.8825,250.84051794279188,0.0,44.673233408492976,0.0,0.0,0.0,0.0,0.0,0.0,0.0,0.0,0.0,0.0,0.0,-3.489106959270008,0.0,0.0,0.0,0.0,-3.03,0.0,0.0,0.0,0.0,0.0,0.0,0.0,0.0,11.387181202350344,1.4002484549638428
00-0019596,T.Brady,QB,2022,6,REG,TB,0.0,40.015,1.335,25.6375,0.12215333609249943,13.72099999999999,13.719599999999993,0.0,0.8047970720249978,0.1225,302.27,7.959816853249991,11.4725,1.0,242.7425,95.795,250.84051794279188,0.0,44.673233408492976,0.0,0.0,0.0,0.0,0.0,0.0,0.0,0.0,0.0,0.0,0.0,-1.3860490875149916,0.0,0.0,0.0,0.0,-0.2475,0.9525,0.0,13.99,2.0,0.0,0.0,0.0,0.0,11.387181202350344,1.4002484549638428
00-0019596,T.Brady,QB,2022,6,REG,TB,0.0,39.9425,1.1775,25.6075,0.12341691627749946,13.721199999999989,13.719599999999993,0.0,0.8044179287999973,0.185,301.28,7.90605560834999,11.5825,1.0,242.72,91.8375,250.84051794279188,0.0,44.673233408492976,0.0,0.0,0.0,0.0,0.0,0.0,0.0,0.0,0.0,0.0,0.0,-1.2619768164249925,0.0,0.0,0.0,0.0,-0.3425,0.9275,0.0,13.6425,1.995,0.0,0.0,0.0,0.0,11.387181202350344,1.4002484549638428
00-0019596,T.Brady,QB,2022,7,REG,TB,0.0,49.0875,1.035,31.995,0.02362140198134989,11.699799999999911,11.69989999999991,0.0,0.8065951737000059,0.0,357.7275,-1.419763856109999,14.015,0.0575,286.335,128.8575,250.84051794279188,0.0,44.673233408492976,0.0,0.0,0.0,0.0,0.0,0.0,0.0,0.0,0.0,0.0,0.0,-0.6686544373500019,0.0,0.0,0.0,0.0,1.125,0.0425,0.0,12.1075,1.2375,0.0,0.0,0.0,0.0,11.387181202350344,1.4002484549638428
00-0019596,T.Brady,QB,2022,7,REG,TB,0.0,49.2975,1.025,32.0225,0.02067851992525,11.699699999999915,11.69989999999991,0.0,0.807633945975006,0.0,357.5675,-1.7830400180524988,14.105,0.075,289.1525,130.555,250.84051794279188,0.0,44.673233408492976,0.0,0.0,0.0,0.0,0.0,0.0,0.0,0.0,0.0,0.0,0.0,-0.6312127907000035,0.0,0.0,0.0,0.0,1.145,0.0525,0.0,13.0275,1.11,0.0,0.0,0.0,0.0,11.387181202350344,1.4002484549638428
00-0019596,T.Brady,QB,2022,8,REG,TB,0.0,43.275,1.175,27.2225,0.07832400637750035,17.099600000000102,17.099500000000102,0.0,1.128057302849994,0.0,288.03,4.3247564079125045,13.2525,0.9775,321.855,171.2825,250.84051794279188,0.0,44.673233408492976,0.0,0.0,0.0,0.0,0.0,0.0,0.0,0.0,0.0,0.0,0.0,-0.8931346773249987,0.0,0.0,0.0,0.0,0.845,0.0,0.0,22.5525,2.7425,0.0,0.0,0.0,0.0,11.387181202350344,1.4002484549638428
00-0019596,T.Brady,QB,2022,8,REG,TB,0.0,43.205,1.2425,27.2675,0.07609742063200044,17.099400000000102,17.0993500000001,0.0,1.1294058972499943,0.0,288.39,4.341084968962506,13.075,1.0,323.1025,173.195,250.84051794279188,0.0,44.673233408492976,0.0,0.0,0.0,0.0,0.0,0.0,0.0,0.0,0.0,0.0,0.0,-0.9209691268174984,0.0,0.0,0.0,0.0,0.945,0.0,0.0,21.0,2.9475,0.0,0.0,0.0,0.0,11.387181202350344,1.4002484549638428
00-0019596,T.Brady,QB,2022,9,REG,TB,0.0,57.82,0.04,35.8475,0.005204518932350002,15.200149999999892,15.200449999999897,0.0,1.0340776203250028,0.0,271.58,-3.1217020990149833,15.1,1.0,280.01,135.8475,250.84051794279188,0.0,44.673233408492976,0.0,0.0,0.0,0.0,0.0,0.0,0.0,0.0,0.0,0.0,0.0,0.0,0.0,0.0,0.0,0.0,0.0,0.0,0.0,8.525,1.08,0.0,0.0,0.0,0.0,11.387181202350344,1.4002484549638428
00-0019596,T.Brady,QB,2022,9,REG,TB,0.0,57.8375,0.02,36.085,0.00046511748799999797,15.20059999999989,15.200749999999893,0.0,1.034043355300003,0.0,270.29,-3.700692109627482,15.0425,1.0025,280.425,134.94,250.84051794279188,0.0,44.673233408492976,0.0,0.0,0.0,0.0,0.0,0.0,0.0,0.0,0.0,0.0,0.0,0.0,0.0,0.0,0.0,0.0,0.0,0.0,0.0,7.9875,1.0025,0.0,0.0,0.0,0.0,11.387181202350344,1.4002484549638428
00-0019596,T.Brady,QB,2022,10,REG,TB,0.06163986475750039,28.825,4.9825,21.635,0.2761378635749986,16.019950000000147,16.021850000000146,0.79,1.0420448966250013,0.0,247.935,14.811555977249945,14.695,1.9875,258.14,96.31,250.84051794279188,0.0,44.673233408492976,0.0,15.2525,-4.474972334600012,0.0,0.0,0.0,0.0,0.0,0.0,0.02,0.0,-3.0479994329999975,0.0,0.0,0.0,0.0,-2.87,0.0,0.0,0.0,0.0,0.0,0.034553006389999884,1.0025,0.09469118907500017,11.387181202350344,1.4002484549638428
00-0019596,T.Brady,QB,2022,10,REG,TB,0.06219107762500038,28.88,5.355,21.71,0.27600086004999846,16.02000000000015,16.021850000000146,0.7975,1.0410570772500014,0.0,248.1275,14.785352244499947,14.82,1.99,259.26,94.39,250.84051794279188,0.0,44.673233408492976,0.0,16.13,-4.530756465550011,0.0,0.0,0.0,0.0,0.0,0.0,0.0275,0.0,-3.112370930324997,0.0,0.0,0.0,0.0,-2.9975,0.0,0.0,0.0,0.0,0.0,0.03457665039499989,1.005,0.09468332425500017,11.387181202350344,1.4002484549638428
00-0019596,T.Brady,QB,2022,12,REG,TB,0.0,43.2375,1.515,28.105,0.049335593613750055,18.039549999999995,18.04034999999999,0.395,0.6329483609999975,0.0,392.74,-1.2074272583499956,10.6475,1.985,250.155,136.995,250.84051794279188,0.0,44.673233408492976,0.0,0.0,-0.016572513125,0.0,0.0,0.0,0.0,0.0,0.0,0.0025,0.0,1.191948924592108,1.0,0.0,0.0,0.0,2.085,0.0,0.0,17.0225,2.8825,0.0,0.0,0.0,0.0,11.387181202350344,1.4002484549638428
00-0019596,T.Brady,QB,2022,12,REG,TB,0.0,43.1625,1.4275,28.1,0.04893283531050006,18.04049999999998,18.04084999999998,0.2625,0.6440658756499981,0.0,392.68,-1.215416259664996,9.9275,1.9875,249.045,141.0975,250.84051794279188,0.0,44.673233408492976,0.0,0.0,-0.018014467125,0.0,0.0,0.0,0.0,0.0,0.0,0.0,0.0,1.2153670038242563,1.0,0.0,0.0,0.0,1.7775,0.0,0.0,17.14,2.8925,0.0,0.0,0.0,0.0,11.387181202350344,1.4002484549638428
00-0019596,T.Brady,QB,2022,13,REG,TB,0.0,53.5575,1.0325,35.675,0.0597098539299998,17.13740000000008,17.137750000000082,0.8925,0.9033654971250052,0.0,312.6425,0.1486554189574987,17.51,1.99,289.3425,152.42,250.84051794279188,0.0,44.673233408492976,0.0,0.0,0.0,0.0,0.0,0.0,0.0,0.0,0.0,0.0,0.0,-0.06190065014750002,0.0,0.0,0.0,0.0,-0.955,0.0,0.0,7.2425,1.165,0.0,0.0,0.0,0.0,11.387181202350344,1.4002484549638428
00-0019596,T.Brady,QB,2022,13,REG,TB,0.0,53.335,1.025,35.735,0.0586521079509248,17.13735000000008,17.13770000000008,0.8425,0.9118695430750051,0.0,308.3775,0.5533159951824981,17.925,1.975,289.25,151.4525,250.84051794279188,0.0,44.673233408492976,0.0,0.0,0.0,0.0,0.0,0.0,0.0,0.0,0.0,0.0,0.0,-0.015990179843750004,0.0025,0.0,0.0,0.0,-0.995,0.0,0.0,7.065,1.02,0.0,0.0,0.0,0.0,11.387181202350344,1.4002484549638428
00-0019596,T.Brady,QB,2022,14,REG,TB,0.0,54.8325,1.985,33.8725,0.013736763538260022,10.12024999999992,10.120149999999919,1.9025,0.7119889407000014,0.0,354.7025,-6.875188135075027,14.1375,0.985,252.59,113.81,250.84051794279188,0.0,44.673233408492976,0.0,0.0,0.0,0.0,0.0,0.0,0.0,0.0,0.0,0.0,0.0,-1.479908945525004,0.0,0.0,0.0,0.0,-0.2525,0.0,0.0,0.0,0.0,0.0,0.0,0.0,0.0,11.387181202350344,1.4002484549638428
00-0019596,T.Brady,QB,2022,14,REG,TB,0.0,54.7875,2.01,33.8075,0.010401107278689967,10.12019999999992,10.120099999999919,1.945,0.7154232977500017,0.0,355.96,-8.183157081750037,14.185,1.02,251.325,110.4075,250.84051794279188,0.0,44.673233408492976,0.0,0.0,0.0,0.0,0.0,0.0,0.0,0.0,0.0,0.0,0.0,-1.6503257198000045,0.0,0.0,0.0,0.0,0.0675,0.0,0.0,0.0,0.0,0.0,0.0,0.0,0.0,11.387181202350344,1.4002484549638428
00-0019596,T.Brady,QB,2022,15,REG,TB,0.0,44.31,2.205,30.3825,0.08299850225924964,16.580199999999945,16.579949999999943,1.8575,0.9925325566750028,0.0,313.9775,4.114566692260003,17.63,2.6975,314.5825,127.48,250.84051794279188,0.0,44.673233408492976,0.0,0.0,0.0,0.0,0.0,0.0,0.0,0.0,0.0,0.0,0.0,-6.873632834499993,0.0,1.01,1.0,0.0,0.7325,1.0,1.0,8.0,1.005,0.0,0.0,0.0,0.0,11.387181202350344,1.4002484549638428
00-0019596,T.Brady,QB,2022,15,REG,TB,0.0,44.3625,2.1575,30.2175,0.07963393326349961,16.580149999999943,16.57989999999994,1.975,0.9962123073750021,0.0,314.3025,3.6995639751874982,17.93,2.805,314.4675,126.415,250.84051794279188,0.0,44.673233408492976,0.0,0.0,0.0,0.0,0.0,0.0,0.0,0.0,0.0,0.0,0.0,-7.052150001999993,0.0,1.01,1.0025,0.0,1.0425,1.0,1.0,7.97,1.0025,0.0,0.0,0.0,0.0,11.387181202350344,1.4002484549638428
00-0019596,T.Brady,QB,2022,16,REG,TB,0.0,48.015,2.0225,32.0575,0.025141519027749935,11.34260000000006,11.342800000000063,2.035,1.240667369750003,0.0,228.08,-1.3974462367099967,15.1575,1.1025,287.785,201.915,250.84051794279188,0.0,44.673233408492976,0.0,0.0,0.0,0.0,0.0,0.0,0.0,0.0,0.0,0.0,0.0,0.5854051604850019,1.07,0.0,0.0,0.0,2.0875,0.0,0.0,0.0,0.0,0.0,0.0,0.0,0.0,11.387181202350344,1.4002484549638428
00-0019596,T.Brady,QB,2022,16,REG,TB,0.0,47.8975,2.0275,32.165,0.01952737007989995,11.342050000000059,11.343000000000057,1.9975,1.240977102000003,0.0,227.37,-1.2008775509649947,15.0275,0.9975,287.64,210.2425,250.84051794279188,0.0,44.673233408492976,0.0,0.0,0.0,0.0,0.0,0.0,0.0,0.0,0.0,0.0,0.0,0.8354842306975021,1.0575,0.0,0.0,0.0,1.4225,0.0,0.0,0.0,0.0,0.0,0.0,0.0,0.0,11.387181202350344,1.4002484549638428
00-0019596,T.Brady,QB,2022,17,REG,TB,0.0,45.7675,3.03,34.1025,0.23378972540000087,37.68205000000014,37.71685000000016,0.2325,1.220841962775003,0.9325,349.2875,17.66992651700002,17.95,3.01,415.5725,192.4975,250.84051794279188,0.0,44.673233408492976,0.0,0.0,0.0,0.0,0.0,0.0,0.0,0.0,0.0,0.0,0.0,3.186279771250016,2.82,0.0,0.0,0.9775,3.865,0.0,0.0,20.83,3.04,0.0,0.0,0.0,0.0,11.387181202350344,1.4002484549638428
00-0019596,T.Brady,QB,2022,17,REG,TB,0.0,45.57,3.0575,34.11,0.23817737215000107,37.698650000000136,37.72000000000016,0.1225,1.2236816086500029,0.9175,353.985,18.199407528250017,17.9325,3.115,422.2925,190.2225,250.84051794279188,0.0,44.673233408492976,0.0,0.0,0.0,0.0,0.0,0.0,0.0,0.0,0.0,0.0,0.0,3.141758568150019,2.9575,0.0,0.0,0.9775,5.2525,0.0,0.0,21.485,2.86,0.0,0.0,0.0,0.0,11.387181202350344,1.4002484549638428
00-0019596,T.Brady,QB,2022,18,REG,TB,0.0,17.125,0.0225,12.905,0.1511452963125008,7.3609500000000105,7.360800000000012,0.0,1.327617550074996,0.0225,78.81,3.26973586180752,5.19,0.835,88.0725,54.83,250.84051794279188,0.0,44.673233408492976,0.0,0.0,0.0,0.0,0.0,0.0,0.0,0.0,0.0,0.0,0.0,0.00710742475,0.0,0.0,0.0,0.0,0.0,0.0,0.0,0.0,0.0175,0.0,0.0,0.0,0.0,11.387181202350344,1.4002484549638428
00-0019596,T.Brady,QB,2022,18,REG,TB,0.0,17.025,0.0,12.885,0.1460631027150008,7.361250000000009,7.361150000000009,0.0,1.254726972999994,0.015,73.795,3.087857144790021,5.0975,0.915,88.955,55.5275,250.84051794279188,0.0,44.673233408492976,0.0,0.0,0.0,0.0,0.0,0.0,0.0,0.0,0.0,0.0,0.0,0.0,0.0175,0.0,0.0,0.0025,0.0,0.0,0.0,0.0,0.0,0.0,0.0,0.0,0.0,11.387181202350344,1.4002484549638428
00-0019596,T.Brady,QB,2022,19,POST,TB,0.0,64.1175,0.0725,35.3475,-0.007622362547750021,22.04035000000004,22.039900000000042,0.985,0.9769651597500044,0.98,360.3675,-4.766087099049982,19.04,2.1425,351.485,185.615,250.84051794279188,0.0,44.673233408492976,0.0,0.0,0.0,0.0,0.0,0.0,0.0,0.0,0.0,0.0,0.0,0.0,0.0,0.0,0.0,0.0,0.0,0.91,0.0,17.0125,1.9975,0.0,0.0,0.0,0.0,11.387181202350344,1.4002484549638428
00-0019596,T.Brady,QB,2022,19,POST,TB,0.0,64.075,0.06,35.2825,-0.019064014083999888,22.040100000000034,22.039350000000045,0.89,0.9757990946250037,0.965,360.4775,-5.214204304049985,19.215,2.1175,348.4875,183.84,250.84051794279188,0.0,44.673233408492976,0.0,0.0,0.0,0.0,0.0,0.0,0.0,0.0,0.0,0.0,0.0,0.0,0.0,0.0,0.0,0.0,0.0,0.825,0.0,16.815,1.98,0.0,0.0,0.0,0.0,11.387181202350344,1.4002484549638428
00-0020531,D.Brees,QB,2019,1,REG,NO,0.0,42.9725,0.0,31.925,0.21490976894999925,20.79990000000011,20.799750000000113,1.0025,1.25254988525,0.0,295.9675,13.529745933749968,18.92,1.9975,368.0125,136.97,250.84051794279188,0.0,44.673233408492976,0.0,0.0,0.0,0.0,0.0,0.0,0.0,0.0,0.0,0.0,0.0,0.0,0.0,0.0,0.0,0.0,0.0,0.0,0.0,7.9675,1.0025,0.0,0.0,0.0,0.0,11.387181202350344,1.4002484549638428
00-0020531,D.Brees,QB,2019,1,REG,NO,0.0,42.9725,0.0,31.925,0.21490976894999925,20.79990000000011,20.799750000000113,1.0025,1.25254988525,0.0,295.9675,13.529745933749968,18.92,1.9975,368.0125,136.97,250.84051794279188,0.0,44.673233408492976,0.0,0.0,0.0,0.0,0.0,0.0,0.0,0.0,0.0,0.0,0.0,0.0,0.0,0.0,0.0,0.0,0.0,0.0,0.0,7.9675,1.0025,0.0,0.0,0.0,0.0,11.387181202350344,1.4002484549638428
00-0020531,D.Brees,QB,2019,2,REG,NO,0.0,5.0225,0.0,2.9975,0.010375284460749977,-0.484849999999998,-0.4840499999999981,1.0,0.8204308311499993,0.0,53.0825,-2.462030145650009,1.8975,0.005,36.6675,7.5325,250.84051794279188,0.0,44.673233408492976,0.0,0.0,0.0,0.0,0.0,0.0,0.0,0.0,0.0,0.0,0.0,0.0,0.0,0.0,0.0,0.0,-0.0125,0.0,0.0,0.0,0.0,0.0,0.0,0.0,0.0,11.387181202350344,1.4002484549638428
00-0020531,D.Brees,QB,2019,2,REG,NO,0.0,5.02,0.0,2.9,0.010822232454299969,-0.4849499999999983,-0.48629999999999846,0.9825,0.7455388370249999,0.0,52.285,-2.264028359632506,1.8775,0.0,35.0875,7.465,250.84051794279188,0.0,44.673233408492976,0.0,0.0,0.0,0.0,0.0,0.0,0.0,0.0,0.0,0.0,0.0,0.0,0.0,0.0,0.0,0.0,-0.0375,0.0,0.0,0.0,0.0,0.0,0.0,0.0,0.0,11.387181202350344,1.4002484549638428
00-0020531,D.Brees,QB,2019,8,REG,NO,0.0,43.945,0.0,33.055,0.1798180278574998,24.919000000000043,24.919850000000025,1.0275,1.6332805007499926,0.0,226.75,13.923774482075064,19.45,2.9775,374.76,226.1675,250.84051794279188,0.0,44.673233408492976,0.0,0.0,0.0,0.0,0.0,0.0,0.0,0.0,0.0,0.0,0.0,-0.0011701654999999999,0.0,0.0,0.0,0.0,0.0,0.0,0.0,0.0,0.0025,0.0,0.0,0.0,0.0,11.387181202350344,1.4002484549638428
00-0020531,D.Brees,QB,2019,8,REG,NO,0.0,44.0975,0.0,32.6625,0.17899745944749973,24.918300000000013,24.91900000000001,0.98,1.6285113892499925,0.0,226.7325,13.701811466825063,19.4975,2.95,373.22,231.195,250.84051794279188,0.0,44.673233408492976,0.0,0.0,0.0,0.0,0.0,0.0,0.0,0.0,0.0,0.0,0.0,-0.0011701654999999999,0.0,0.0,0.0,0.0,0.0,0.0,0.0,0.0,0.0075,0.0,0.0,0.0,0.0,11.387181202350344,1.4002484549638428
00-0020531,D.Brees,QB,2019,10,REG,NO,0.0,45.1725,0.0,32.2025,0.03455777175774975,11.480099999999968,11.479949999999967,0.65,1.103617003275006,0.0,260.23,-13.534228085924912,13.0275,0.1525,286.0925,150.2375,250.84051794279188,0.0,44.673233408492976,0.0,0.0,0.0,0.0,0.0,0.0,0.0,0.0,0.0,0.0,0.0,0.0,0.0,0.0,0.0,0.0,0.0,0.0,0.0,43.5675,5.84,0.0,0.0,0.0,0.0,11.387181202350344,1.4002484549638428
00-0020531,D.Brees,QB,2019,10,REG,NO,0.0,45.1775,0.0025,32.35,0.03610428875699979,11.480099999999968,11.479899999999965,0.23,1.1067279887500052,0.0,260.26,-14.926901322574931,12.83,0.1525,285.0125,152.105,250.84051794279188,0.0,44.673233408492976,0.0,0.0,0.0,0.0,0.0,0.0,0.0,0.0,0.0,0.0,0.0,0.0,0.0,0.0,0.0,0.0,0.0,0.0,0.0,45.235,5.8875,0.0,0.0,0.0,0.0,11.387181202350344,1.4002484549638428
00-0020531,D.Brees,QB,2019,11,REG,NO,0.0,34.9475,2.8975,27.7325,0.2314205386400011,21.118249999999943,21.119249999999937,0.0,1.4537153507499985,0.0,157.845,11.880586765250019,13.42,2.8475,233.8225,131.245,250.84051794279188,0.0,44.673233408492976,0.0,0.0,0.0,0.0,0.0,0.0,0.0,0.0,0.0,0.0,0.0,1.6673117559249946,1.0425,0.0,0.0,0.0,0.8425,0.0,0.0,0.0,0.0325,0.0,0.0,0.0,0.0,11.387181202350344,1.4002484549638428
00-0020531,D.Brees,QB,2019,11,REG,NO,0.0,35.06,2.8575,27.79,0.2440877707500011,21.118549999999946,21.119499999999945,0.0,1.450384955249998,0.0,157.4925,11.831833730000012,13.8675,2.79,229.4325,130.275,250.84051794279188,0.0,44.673233408492976,0.0,0.0,0.0,0.0,0.0,0.0,0.0,0.0,0.0,0.0,0.0,1.7512673726999939,1.015,0.0,0.0,0.0,0.085,0.0,0.0,0.0,0.035,0.0,0.0,0.0,0.0,11.387181202350344,1.4002484549638428
00-0020531,D.Brees,QB,2019,12,REG,NO,0.0,39.93,0.0,29.61,0.16182739352000008,22.439499999999907,22.44079999999989,0.94,0.8322227412500013,0.0,375.0325,9.492126748824921,16.74,2.9975,311.17,126.335,250.84051794279188,0.0,44.673233408492976,0.0,0.0,0.0,0.0,0.0,0.0,0.0,0.0,0.0,0.0,0.0,-0.00044278789999999997,0.0,0.0,0.0,0.0,0.0,0.0,0.0,10.9975,2.0175,0.0,0.0,0.0,0.0,11.387181202350344,1.4002484549638428
00-0020531,D.Brees,QB,2019,12,REG,NO,0.0,40.4425,0.0,29.4675,0.16627289947,22.440749999999895,22.44089999999989,0.9775,0.8326350957500014,0.0,372.9475,9.413280219249927,17.1825,2.9975,311.2925,124.595,250.84051794279188,0.0,44.673233408492976,0.0,0.0,0.0,0.0,0.0,0.0,0.0,0.0,0.0,0.0,0.0,-0.008620780350000001,0.0025,0.0,0.0,0.0,0.0,0.0,0.0,10.9675,1.9475,0.0,0.0,0.0,0.0,11.387181202350344,1.4002484549638428
00-0020531,D.Brees,QB,2019,13,REG,NO,0.0,30.11,1.0125,18.0275,0.011221458787999992,11.259300000000085,11.258400000000087,0.37,1.107593870125003,0.0,168.31,-1.9917151549249892,9.83,1.0,188.475,110.39,250.84051794279188,0.0,44.673233408492976,0.0,0.0,0.0,0.0,0.0,0.0,0.0,0.0,0.0,0.0,0.0,-1.8904595163500064,0.0,0.0,0.0,0.0,-0.995,0.0,0.0,0.0,0.0325,0.0,0.0,0.0,0.0,11.387181202350344,1.4002484549638428
00-0020531,D.Brees,QB,2019,13,REG,NO,0.0,30.065,1.0075,18.045,0.00467922246399997,11.26010000000009,11.259650000000097,0.21,1.1206370105250023,0.0,164.0325,-1.0791761131499955,9.8525,1.0025,185.995,110.8425,250.84051794279188,0.0,44.673233408492976,0.0,0.0,0.0,0.0,0.0,0.0,0.0,0.0,0.0,0.0,0.0,-1.9164251678925084,0.0,0.0,0.0,0.0,-1.005,0.0,0.0,0.0,0.0,0.0,0.0,0.0,0.0,11.387181202350344,1.4002484549638428
00-0020531,D.Brees,QB,2019,14,REG,NO,0.0,39.375,1.05,28.83,0.2040499562075011,39.99369999999985,40.15379999999985,0.0,1.6195188862500023,0.0,215.1025,16.74839471050008,17.04,4.6275,346.615,195.4975,250.84051794279188,0.0,44.673233408492976,0.0,0.0,0.0,0.0,0.0,0.0,0.0,0.0,0.0,0.0,0.0,1.8943815011999945,0.99,0.0,0.0,0.9775,1.1125,0.0,0.0,0.0,0.0,0.0,0.0,0.0,0.0,11.387181202350344,1.4002484549638428
00-0020531,D.Brees,QB,2019,14,REG,NO,0.0,39.605,1.055,28.8425,0.20479699080000113,40.033799999999864,40.09044999999989,0.0,1.6191458217500014,0.0,215.5025,17.527238423250093,17.0025,4.705,349.0425,196.105,250.84051794279188,0.0,44.673233408492976,0.0,0.0,0.0,0.0,0.0,0.0,0.0,0.0,0.0,0.0,0.0,1.9275965560849955,0.9775,0.0,0.0,0.98,0.92,0.0,0.0,0.0,0.0,0.0,0.0,0.0,0.0,11.387181202350344,1.4002484549638428
00-0020531,D.Brees,QB,2019,15,REG,NO,0.0,31.19,0.0,27.7975,0.3845090042500005,28.284500000000083,28.284150000000103,0.0,1.5077947730000114,0.0,201.6725,21.928728247499905,17.8275,4.005,313.64,129.485,250.84051794279188,0.0,44.673233408492976,0.0,0.0,0.0,0.0,0.0,0.0,0.0,0.0,0.0,0.0,0.0,0.053835939675000014,0.0,0.0,0.0,0.0,0.0,0.0,0.0,0.0,0.0,0.0,0.0,0.0,0.0,11.387181202350344,1.4002484549638428
00-0020531,D.Brees,QB,2019,15,REG,NO,0.0,31.1425,0.0,28.0,0.3872110292000003,28.284850000000088,28.284300000000098,0.0,1.503652609000011,0.0,201.0925,21.903908332499906,17.8275,4.0175,307.43,118.7075,250.84051794279188,0.0,44.673233408492976,0.0,0.0,0.0,0.0,0.0,0.0,0.0,0.0,0.0,0.0,0.0,0.22107765862499984,0.0025,0.0,0.0,0.0,-0.005,0.0,0.0,0.0,0.0,0.0,0.0,0.0,0.0,11.387181202350344,1.4002484549638428
00-0020531,D.Brees,QB,2019,16,REG,NO,0.0,37.91,2.9275,27.0775,0.14728350650000083,22.862149999999946,22.86104999999995,0.0,1.0679621342500016,0.0,262.545,8.658372304499991,15.5275,2.9425,280.4325,130.785,250.84051794279188,0.0,44.673233408492976,0.0,0.0,0.0,0.0,0.0,0.0,0.0,0.0,0.0,0.0,0.0,-0.006093288050000001,0.0,0.0,0.0,0.0,-2.9875,0.0,0.0,23.875,3.02,0.0,0.0,0.0,0.0,11.387181202350344,1.4002484549638428
00-0020531,D.Brees,QB,2019,16,REG,NO,0.0,37.9625,2.925,27.08,0.14501028974750077,22.86074999999994,22.860349999999947,0.0,1.067866010500001,0.0,262.75,8.73113974449999,15.37,3.0025,280.4125,136.0075,250.84051794279188,0.0,44.673233408492976,0.0,0.0,0.0,0.0,0.0,0.0,0.0,0.0,0.0,0.0,0.0,-0.006253403534999999,0.0,0.0,0.0,0.0,-3.0,0.0,0.0,23.735,2.975,0.0,0.0,0.0,0.0,11.387181202350344,1.4002484549638428
00-0020531,D.Brees,QB,2019,17,REG,NO,0.0,29.2425,1.0325,19.995,0.28075737464999845,22.020450000000213,22.02050000000022,0.0,1.1843827645000102,0.0,213.3625,17.894880137500135,14.5575,2.99,258.2825,150.2375,250.84051794279188,0.0,44.673233408492976,0.0,0.0,0.0,0.0,0.0,0.0,0.0,0.0,0.0,0.0,0.0,-0.006435130525,0.0,0.0,0.0,0.0,-1.0075,0.0,0.0,0.0,0.005,0.0,0.0,0.0,0.0,11.387181202350344,1.4002484549638428
00-0020531,D.Brees,QB,2019,17,REG,NO,0.0,29.075,1.0,19.9925,0.2822285457249984,22.020750000000206,22.020900000000214,0.0,1.1845596495000108,0.0,213.64,17.971452314750135,14.69,2.9775,259.12,149.6775,250.84051794279188,0.0,44.673233408492976,0.0,0.0,0.0,0.0,0.0,0.0,0.0,0.0,0.0,0.0,0.0,-0.011586101160000003,0.0,0.0,0.0,0.0,-0.985,0.0,0.0,0.0,0.0,0.0,0.0,0.0,0.0,11.387181202350344,1.4002484549638428
00-0020531,D.Brees,QB,2019,18,POST,NO,0.0,33.5625,1.0625,24.83,0.058202741987750196,8.820000000000057,8.819200000000055,1.0025,1.0425418668750046,0.0,199.6675,-12.222501339189966,11.245,0.9275,208.5375,97.985,250.84051794279188,0.0,44.673233408492976,0.0,0.0,0.0,0.0,0.0,0.0,0.0,0.0,0.0,0.0,0.0,0.13053981727364983,0.0,0.0,0.0,0.0,4.52,1.0,1.0,30.0925,3.11,0.0,0.0,0.0,0.0,11.387181202350344,1.4002484549638428
00-0020531,D.Brees,QB,2019,18,POST,NO,0.0,33.475,1.015,25.3075,0.06164722517325024,8.820650000000056,8.819600000000055,1.1225,1.039994916725004,0.0,199.6425,-12.632963617999973,11.11,0.99,208.305,91.31,250.84051794279188,0.0,44.673233408492976,0.0,0.0,0.0,0.0,0.0,0.0,0.0,0.0,0.0,0.0,0.0,0.1464880037424999,0.0,0.0,0.0,0.0,4.9325,1.0,1.0,29.875,3.08,0.0,0.0,0.0,0.0,11.387181202350344,1.4002484549638428
00-0020531,D.Brees,QB,2020,1,REG,NO,0.0,29.66,1.8975,17.995,0.030697756599749867,14.399999999999942,14.39989999999994,0.07,1.0963651862000072,0.0,145.315,-4.155634469724976,8.9825,1.9975,161.925,94.685,250.84051794279188,0.0,44.673233408492976,0.0,0.0,0.0,0.0,0.0,0.0,0.0,0.0,0.0,0.0,0.0,-0.7779847529249974,0.0,0.0,0.0,0.0,1.09,0.0,0.0,8.845,1.0625,0.0,0.0,0.0,0.0,11.387181202350344,1.4002484549638428
00-0020531,D.Brees,QB,2020,1,REG,NO,0.0,29.685,1.9325,17.9625,0.020716130030749916,14.399999999999942,14.39984999999994,0.095,1.1026173715750067,0.0,145.1875,-3.2632877409999814,9.0675,2.0025,161.755,95.7225,250.84051794279188,0.0,44.673233408492976,0.0,0.0,0.0,0.0,0.0,0.0,0.0,0.0,0.0,0.0,0.0,-0.9018454720874962,0.0,0.0,0.0,0.0,0.875,0.0,0.0,8.69,1.0125,0.0,0.0,0.0,0.0,11.387181202350344,1.4002484549638428
00-0020531,D.Brees,QB,2020,2,REG,NO,0.0,37.8975,0.0,25.545,0.05806582840174972,14.476549999999913,14.47744999999992,0.9075,1.5866282685000015,0.0,196.1925,3.236893044659991,15.7475,1.0175,311.8725,206.9675,250.84051794279188,0.0,44.673233408492976,0.0,0.0,0.0,0.0,0.0,0.0,0.0,0.0,0.0,0.0,0.0,0.0,0.0,0.0,0.0,0.0,0.0,0.0,0.0,0.0,0.0,0.0,0.0,0.0,0.0,11.387181202350344,1.4002484549638428
00-0020531,D.Brees,QB,2020,2,REG,NO,0.0,37.87,0.0,25.4775,0.06033839513499967,14.4772999999999,14.477249999999898,0.945,1.5931882675000018,0.0,195.9825,3.1114074216499903,16.2225,1.02,309.5425,211.81,250.84051794279188,0.0,44.673233408492976,0.0,0.0,0.0,0.0,0.0,0.0,0.0,0.0,0.0,0.0,0.0,0.0,0.0,0.0,0.0,0.0,0.0,0.0,0.0,0.0,0.0,0.0,0.0,0.0,0.0,11.387181202350344,1.4002484549638428
00-0020531,D.Brees,QB,2020,3,REG,NO,0.0,36.445,0.0,28.5275,0.17845119798000073,23.520350000000224,23.520150000000235,0.1175,1.8869409214999993,0.0,153.885,10.571911294199966,14.765,2.93,287.4025,169.345,250.84051794279188,0.0,44.673233408492976,0.0,0.0,0.0,0.0,0.0,0.0,0.0,0.0,0.0,0.0,0.0,0.0,0.0,0.0,0.0,0.0,0.0,0.9975,0.0,12.98,2.005,0.0,0.0,0.0,0.0,11.387181202350344,1.4002484549638428
00-0020531,D.Brees,QB,2020,3,REG,NO,0.0,36.46,0.0,28.5975,0.17838725308000083,23.52005000000024,23.520000000000238,0.115,1.8726354659999993,0.0,153.0425,10.518083434024964,14.45,3.03,286.945,168.065,250.84051794279188,0.0,44.673233408492976,0.0,0.0,0.0,0.0,0.0,0.0,0.0,0.0,0.0,0.0,0.0,0.0,0.0,0.0,0.0,0.0,0.0,0.97,0.0,12.765,1.955,0.0,0.0,0.0,0.0,11.387181202350344,1.4002484549638428
00-0020531,D.Brees,QB,2020,4,REG,NO,0.0,25.49,2.515,19.1,0.25457032570000143,15.536199999999992,15.5361,0.79,1.0561532888749965,0.0,229.915,10.977588793500006,14.03,1.975,248.16,100.0925,250.84051794279188,0.0,44.673233408492976,0.0,0.0,0.0,0.0,0.0,0.0,0.0,0.0,0.0,0.0,0.0,-2.0332875826499883,0.0,0.0,0.0,0.0,-3.03,0.1675,0.0,16.155,2.0625,0.0,0.0,0.0,0.0,11.387181202350344,1.4002484549638428
00-0020531,D.Brees,QB,2020,4,REG,NO,0.0,25.6075,3.075,19.1175,0.25541745272500144,15.537199999999984,15.536649999999987,0.8275,1.054423587374996,0.0,232.94,10.941925124750007,14.4475,2.0,250.1025,94.5775,250.84051794279188,0.0,44.673233408492976,0.0,0.0,0.0,0.0,0.0,0.0,0.0,0.0,0.0,0.0,0.0,-2.050757509224988,0.0,0.0,0.0,0.0,-3.0275,0.1625,0.0,17.175,2.0175,0.0,0.0,0.0,0.0,11.387181202350344,1.4002484549638428
00-0020531,D.Brees,QB,2020,5,REG,NO,0.0,46.7575,1.465,32.7225,0.0667471478842495,21.100350000000148,21.100200000000154,1.0475,1.021740100574997,0.0,318.355,-0.19676877380750107,17.15,1.0675,322.5525,104.8225,250.84051794279188,0.0,44.673233408492976,0.0,0.0,0.0,0.0,0.0,0.0,0.0,0.0,0.0,0.0,0.0,1.7113915108877558,1.0,0.0,0.0,0.975,1.205,0.0,0.0,13.03,1.9975,0.0,0.0,0.0,0.0,11.387181202350344,1.4002484549638428
00-0020531,D.Brees,QB,2020,5,REG,NO,0.0,46.8175,1.17,32.6,0.06762704632749951,21.10020000000015,21.10020000000015,0.9975,1.0234648694999968,0.0,317.5425,-0.04139375432499994,17.1575,1.0925,324.52,103.88,250.84051794279188,0.0,44.673233408492976,0.0,0.0,0.0,0.0,0.0,0.0,0.0,0.0,0.0,0.0,0.0,1.7356843978900072,1.0,0.0,0.0,0.98,0.8825,0.0,0.0,12.585,2.0,0.0,0.0,0.0,0.0,11.387181202350344,1.4002484549638428
00-0020531,D.Brees,QB,2020,7,REG,NO,0.0,36.0625,2.925,28.84,0.2589342724999986,23.680150000000125,23.679550000000127,0.0325,1.60571848025001,0.0,181.5775,14.870625983749942,16.175,1.9525,287.565,139.4225,250.84051794279188,0.0,44.673233408492976,0.0,0.0,0.0,0.0,0.0,0.0,0.0,0.0,0.0,0.0,0.0,0.3362023128250008,1.8575,0.0,0.0,0.98,2.29,1.0,1.0,9.08,1.0025,0.0,0.0,0.0,0.0,11.387181202350344,1.4002484549638428
00-0020531,D.Brees,QB,2020,7,REG,NO,0.0,36.1375,3.21,28.8775,0.2580980011249987,23.68010000000013,23.679550000000127,0.095,1.6158562190000114,0.0,179.3825,14.869211900249953,16.18,1.945,286.58,139.8975,250.84051794279188,0.0,44.673233408492976,0.0,0.0,0.0,0.0,0.0,0.0,0.0,0.0,0.0,0.0,0.0,0.11614367609499933,1.905,0.0,0.0,0.9925,2.2475,1.0,1.0,9.3825,1.0225,0.0,0.0,0.0,0.0,11.387181202350344,1.4002484549638428
00-0020531,D.Brees,QB,2020,8,REG,NO,0.0,41.11,3.045,30.6825,0.14117339158749945,19.60095000000013,19.601150000000136,0.0,1.4865424947499921,0.0,190.2475,8.389370892499972,12.2925,2.005,279.8375,165.8,250.84051794279188,0.0,44.673233408492976,0.0,0.0,0.0,0.0,0.0,0.0,0.0,0.0,0.0,0.0,0.0,-0.9558468420849967,1.01,0.0,0.0,0.02,3.795,0.9475,0.1025,8.12,1.0,0.0,0.0,0.0,0.0,11.387181202350344,1.4002484549638428
00-0020531,D.Brees,QB,2020,8,REG,NO,0.0,41.09,3.04,30.745,0.1391015492424994,19.60090000000013,19.601100000000134,0.0,1.4813213967499916,0.0,190.3575,8.153493611599968,11.8525,2.005,280.2125,170.205,250.84051794279188,0.0,44.673233408492976,0.0,0.0,0.0,0.0,0.0,0.0,0.0,0.0,0.0,0.0,0.0,-0.8777304279624976,0.9875,0.0,0.0,0.02,3.99,0.9725,0.0825,8.0675,1.0,0.0,0.0,0.0,0.0,11.387181202350344,1.4002484549638428
00-0020531,D.Brees,QB,2020,9,REG,NO,0.0,32.505,2.04,25.735,0.27312997677499873,22.679950000000122,22.679800000000117,0.0,1.3814730473500052,0.0,161.4125,12.144529811999966,11.7925,3.7975,218.79,98.745,250.84051794279188,0.0,44.673233408492976,0.0,0.0,0.0,0.0,0.0,0.0,0.0,0.0,0.0,0.0,0.0,-0.5838065797175002,0.0125,0.0,0.0,0.0,-1.3775,1.035,0.885,2.075,1.0275,0.0,0.0,0.0,0.0,11.387181202350344,1.4002484549638428
00-0020531,D.Brees,QB,2020,9,REG,NO,0.0,32.3225,2.08,25.8075,0.2776567928999986,22.679900000000117,22.67985000000012,0.0,1.3797876211000055,0.0,161.1175,12.15434872274996,11.9875,3.855,218.41,95.61,250.84051794279188,0.0,44.673233408492976,0.0,0.0,0.0,0.0,0.0,0.0,0.0,0.0,0.0,0.0,0.0,-0.24730039979749993,0.015,0.0,0.0,0.0,-1.935,1.0,0.8825,1.2475,1.0275,0.0,0.0,0.0,0.0,11.387181202350344,1.4002484549638428
00-0020531,D.Brees,QB,2020,10,REG,NO,0.0,12.8075,1.0,7.9725,0.013256462478749953,6.9418000000000415,6.939600000000044,0.0,1.4409417898499965,0.0,51.59,-0.0012183578024998999,4.0675,0.9,79.485,62.4975,250.84051794279188,0.0,44.673233408492976,0.0,0.0,0.0,0.0,0.0,0.0,0.0,0.0,0.0,0.0,0.0,-0.0022197165350000005,0.0,0.0,0.0,0.0,-1.01,0.9375,0.1075,0.0,0.0275,0.0,0.0,0.0,0.0,11.387181202350344,1.4002484549638428
00-0020531,D.Brees,QB,2020,10,REG,NO,0.0,12.78,1.0,7.96,0.014520942520174933,6.941600000000042,6.938350000000045,0.0,1.4799379748249977,0.0,51.91,0.783186331646251,4.01,0.9725,79.03,62.83,250.84051794279188,0.0,44.673233408492976,0.0,0.0,0.0,0.0,0.0,0.0,0.0,0.0,0.0,0.0,0.0,-0.00017101666,0.0,0.0,0.0,0.0,-1.0025,0.915,0.145,0.0,0.0125,0.0,0.0,0.0,0.0,11.387181202350344,1.4002484549638428
00-0020531,D.Brees,QB,2020,15,REG,NO,0.0,33.185,0.0,15.4725,-0.07513760500152518,19.360349999999872,19.360349999999872,0.9325,0.8645036166749979,0.0,271.565,-3.1867906991500177,9.73,2.83,236.215,133.3025,250.84051794279188,0.0,44.673233408492976,0.0,0.0,0.0,0.0,0.0,0.0,0.0,0.0,0.0,0.0,0.0,0.0,0.0,0.0,0.0,0.0,0.0,0.2125,0.0,9.0,1.0,0.0,0.0,0.0,0.0,11.387181202350344,1.4002484549638428
00-0020531,D.Brees,QB,2020,15,REG,NO,0.0,33.2975,0.0,15.64,-0.08603872980910003,19.360149999999873,19.36009999999987,0.9825,0.8591923649749985,0.0,271.6675,-3.3446622202500174,9.88,2.8775,235.3275,134.6525,250.84051794279188,0.0,44.673233408492976,0.0,0.0,0.0,0.0,0.0,0.0,0.0,0.0,0.0,0.0,0.0,0.0,0.0,0.0,0.0,0.0,0.0,0.1475,0.0,8.9825,1.0,0.0,0.0,0.0,0.0,11.387181202350344,1.4002484549638428
00-0020531,D.Brees,QB,2020,16,REG,NO,0.0,26.545,2.58,19.0475,0.23180787814500106,8.141599999999974,8.142899999999976,1.5575,1.183687089749995,0.0,263.83,11.281891720499996,12.7475,0.285,303.46,145.75,250.84051794279188,0.0,44.673233408492976,0.0,0.0,0.0,0.0,0.0,0.0,0.0,0.0,0.0,0.0,0.0,-2.312343911900007,0.0,0.0,0.0,0.0,-3.0,0.0,0.0,0.0,0.0,0.0,0.0,0.0,0.0,11.387181202350344,1.4002484549638428
00-0020531,D.Brees,QB,2020,16,REG,NO,0.0,26.365,3.23,19.045,0.23543557340000112,8.141649999999975,8.142499999999977,1.8975,1.1846626849999955,0.0,263.78,11.327220509749996,12.775,0.2225,308.225,141.2375,250.84051794279188,0.0,44.673233408492976,0.0,0.0,0.0,0.0,0.0,0.0,0.0,0.0,0.0,0.0,0.0,-2.3343944494200084,0.0,0.0,0.0,0.0,-3.08,0.0,0.0,0.0,0.0,0.0,0.0,0.0,0.0,11.387181202350344,1.4002484549638428
00-0020531,D.Brees,QB,2020,17,REG,NO,0.0,31.7125,0.0025,21.8475,0.14579125350749944,20.03919999999998,20.039949999999976,0.375,1.0035888064499998,0.0,201.02,5.513016890249985,11.0125,2.8275,201.5725,88.455,250.84051794279188,0.0,44.673233408492976,0.0,0.0,0.0,0.0,0.0,0.0,0.0,0.0,0.0,0.0,0.0,0.0,0.0,0.0,0.0,0.0,0.0,0.975,0.0,9.97,2.0475,0.0,0.0,0.0,0.0,11.387181202350344,1.4002484549638428
00-0020531,D.Brees,QB,2020,17,REG,NO,0.0,31.835,0.0,21.9825,0.14512334857499934,20.039999999999974,20.040299999999974,0.1675,1.0025808509249998,0.0,201.0175,5.5275683527499835,11.0225,2.885,201.0975,87.0275,250.84051794279188,0.0,44.673233408492976,0.0,0.0,0.0,0.0,0.0,0.0,0.0,0.0,0.0,0.0,0.0,0.0,0.0,0.0,0.0,0.0,0.0,0.975,0.0,10.19,1.96,0.0,0.0,0.0,0.0,11.387181202350344,1.4002484549638428
00-0020531,D.Brees,QB,2020,18,POST,NO,0.0,38.645,2.8675,27.7025,0.16044399817499927,18.799400000000116,18.79970000000011,0.0,1.4344964567499985,0.0,184.175,12.772759558750051,14.3,2.0125,262.7125,153.4225,250.84051794279188,0.0,44.673233408492976,0.0,0.0,0.0,0.0,0.0,0.0,0.0,0.0,0.0,0.0,0.0,-4.843305052999989,0.9625,0.9875,0.0,0.0,1.945,0.0,0.0,0.0,0.0275,0.0,0.0,0.0,0.0,11.387181202350344,1.4002484549638428
00-0020531,D.Brees,QB,2020,18,POST,NO,0.0,38.765,3.045,27.855,0.16128168284999936,18.799450000000114,18.800150000000112,0.0,1.4408474592499991,0.0,184.3425,13.556094934500077,14.4525,2.01,264.4325,159.73,250.84051794279188,0.0,44.673233408492976,0.0,0.0,0.0,0.0,0.0,0.0,0.0,0.0,0.0,0.0,0.0,-4.9057914762199895,0.955,0.9175,0.0,0.0,1.6475,0.0,0.0,0.0,0.0,0.0,0.0,0.0,0.0,11.387181202350344,1.4002484549638428
00-0020531,D.Brees,QB,2020,19,POST,NO,0.0,34.12,2.0875,18.8,-0.038331300592499874,3.656950000000015,3.6576500000000163,2.485,0.7760304165749985,0.0,180.715,-16.734278835249935,6.2525,0.8025,133.5875,70.25,250.84051794279188,0.0,44.673233408492976,0.0,0.0,0.0,0.0,0.0,0.0,0.0,0.0,0.0,0.0,0.0,0.2041420027374988,1.9425,0.0275,0.0,0.0,3.4825,0.0,0.0,0.0,0.0,0.0,0.0,0.0,0.0,11.387181202350344,1.4002484549638428
