sport,league,player_id,name,team,position_abb,position,injury,depth_chart_rank,starter_flag,backup_flag,team_id,season,guid,uid
football,nfl,2574056,Kevin Byard,NE,FS,Free Safety,healthy,1,1,0,17,2026,c50eb210-156c-8797-f486-3ff7c1655b26,s:20~l:28~a:2574056
football,nfl,4047941,Brenden Schooler,NE,FS,Free Safety,Out,2,0,1,17,2026,7be16a4a-b582-78d7-59ac-89490b217c3c,s:20~l:28~a:4047941
football,nfl,3916923,Carlton Davis III,NE,LCB,Left Cornerback,healthy,1,1,0,17,2026,96c9630b-edc2-9b22-c7f3-0b5487d35ac1,s:20~l:28~a:3916923
football,nfl,4372030,Christian Barmore,NE,LDE,Left Defensive End,healthy,1,1,0,17,2026,fa3a5772-eeb1-b2c0-1b0a-03209a6e1e32,s:20~l:28~a:4372030
football,nfl,4431598,Leonard Taylor III,NE,LDE,Left Defensive End,healthy,2,0,1,17,2026,f4789e62-425e-3576-a9d4-0afee7e4f804,s:20~l:28~a:4431598
football,nfl,4245273,Christian Elliss,NE,LILB,Left Inside Linebacker,healthy,1,1,0,17,2026,44b553f6-6063-4c69-6c73-baf804a989e5,s:20~l:28~a:4245273
football,nfl,4428072,Darius Muasau,NE,LILB,Left Inside Linebacker,healthy,2,0,1,17,2026,a733f087-d550-dbf8-e099-b6f16f650964,s:20~l:28~a:4428072
football,nfl,5085407,Namdi Obiazor,NE,LILB,Left Inside Linebacker,healthy,3,0,1,17,2026,420f5999-171c-3f55-87de-cf65d36d6af8,s:20~l:28~a:5085407
football,nfl,4241720,Marcus Jones,NE,NB,Nickel Back,healthy,1,1,0,17,2026,9fdf2b8e-7248-27fe-49dc-42f6a8b60372,s:20~l:28~a:4241720
football,nfl,4368113,Charles Woods,NE,NB,Nickel Back,healthy,2,0,1,17,2026,aeb6d2b8-9d2c-4135-4d8a-4728cdd4d00f,s:20~l:28~a:4368113
football,nfl,4240042,Cory Durden,NE,NT,Nose Tackle,healthy,1,1,0,17,2026,f86c7173-ac32-3e3e-9e69-45f3e1b6b224,s:20~l:28~a:4240042
football,nfl,4570970,Isaiah Iton,NE,NT,Nose Tackle,Injured Reserve,2,0,1,17,2026,2254c27d-1010-2a67-c7d5-954ef7232f74,s:20~l:28~a:4570970
football,nfl,4686772,Christian Gonzalez,NE,RCB,Right Cornerback,healthy,1,1,0,17,2026,ba95b578-b00e-3156-8e2b-b24e3974f8ef,s:20~l:28~a:4686772
football,nfl,4606666,Karon Prunty,NE,RCB,Right Cornerback,healthy,2,0,1,17,2026,5eead36a-101d-3559-94c5-eff030f61281,s:20~l:28~a:4606666
football,nfl,4688779,Channing Canada,NE,RCB,Right Cornerback,healthy,3,0,1,17,2026,0eb6173b-e95e-32a5-8d2a-5af0c1b1c0f9,s:20~l:28~a:4688779
football,nfl,4239699,Milton Williams,NE,RDE,Right Defensive End,healthy,1,1,0,17,2026,b723c7a2-93cd-295c-ea06-cbf0b55d61e0,s:20~l:28~a:4239699
football,nfl,4611993,Joshua Farmer,NE,RDE,Right Defensive End,healthy,2,0,1,17,2026,da9b89ed-9352-31cf-ba9a-b2ef7a485eb3,s:20~l:28~a:4611993
football,nfl,3129446,Robert Spillane,NE,RILB,Right Inside Linebacker,healthy,1,1,0,17,2026,43a7cb2e-55d4-7888-23a0-105966f4d326,s:20~l:28~a:3129446
football,nfl,4890074,Erick Hunter,NE,RILB,Right Inside Linebacker,healthy,2,0,1,17,2026,697f6f06-5b5c-3219-bbfa-4d52de66be24,s:20~l:28~a:4890074
football,nfl,4912116,Khalil Jacobs,NE,RILB,Right Inside Linebacker,Injured Reserve,3,0,1,17,2026,a57ebae9-ed2b-3ef7-b490-99a343078628,s:20~l:28~a:4912116
football,nfl,3915525,Dre'Mont Jones,NE,SLB,Strongside Linebacker,healthy,1,1,0,17,2026,d033ff61-2021-70c9-8241-dee18db8b5b5,s:20~l:28~a:3915525
football,nfl,4837244,Gabe Jacas,NE,SLB,Strongside Linebacker,healthy,2,0,1,17,2026,4a9a1830-c559-3425-a8b9-3a1ff2cfa8fe,s:20~l:28~a:4837244
football,nfl,4428930,Craig Woodson,NE,SS,Strong Safety,healthy,1,1,0,17,2026,56f68589-ee1b-53e9-ef1e-fa35bf6a3c9a,s:20~l:28~a:4428930
football,nfl,4428232,Dell Pettus,NE,SS,Strong Safety,healthy,2,0,1,17,2026,0760904a-8713-3193-f17f-315b784da962,s:20~l:28~a:4428232
football,nfl,4432758,Jaylen Reed,NE,SS,Strong Safety,healthy,3,0,1,17,2026,a0a7312a-296e-3cd9-865e-03be2e347a51,s:20~l:28~a:4432758
football,nfl,4688432,Elijah Ponder,NE,WLB,Weakside Linebacker,healthy,1,1,0,17,2026,ae1ff2d9-b32a-3e93-bfd0-18bf5c9fc589,s:20~l:28~a:4688432
football,nfl,4698181,Quintayvious Hutchins,NE,WLB,Weakside Linebacker,healthy,2,0,1,17,2026,12ae1c90-9a30-3b8c-a412-a272624c672c,s:20~l:28~a:4698181
football,nfl,3122793,Harold Landry III,NE,WLB,Weakside Linebacker,Out,3,0,1,17,2026,b1065a6e-ee40-a2f6-faf1-65eaf396ddf7,s:20~l:28~a:3122793
football,nfl,4240545,Bryce Baringer,NE,H,Holder,Injured Reserve,1,1,0,17,2026,4be7e79b-7ad0-dae2-55df-b85332b80448,s:20~l:28~a:4240545
football,nfl,4613202,Kyle Williams,NE,KR,Kick Returner,healthy,1,1,0,17,2026,2944cdd5-757b-3462-ab34-9d15aa8ef0cf,s:20~l:28~a:4613202
football,nfl,4695193,Efton Chism III,NE,KR,Kick Returner,healthy,2,0,1,17,2026,c10735fc-cc78-3252-b11a-525d9cb0298e,s:20~l:28~a:4695193
football,nfl,4695254,Julian Ashby,NE,LS,Long Snapper,healthy,1,1,0,17,2026,66ecbdcc-bc28-3351-a176-8ee788878b2f,s:20~l:28~a:4695254
football,nfl,4240545,Bryce Baringer,NE,P,Punter,Injured Reserve,1,1,0,17,2026,4be7e79b-7ad0-dae2-55df-b85332b80448,s:20~l:28~a:4240545
football,nfl,4569923,Andy Borregales,NE,PK,Place Kicker,healthy,1,1,0,17,2026,fa8ee11d-9490-303f-95ff-bab0c55161d5,s:20~l:28~a:4569923
football,nfl,4241720,Marcus Jones,NE,PR,Punt Returner,healthy,1,1,0,17,2026,9fdf2b8e-7248-27fe-49dc-42f6a8b60372,s:20~l:28~a:4241720
football,nfl,4427095,DeMario Douglas,NE,PR,Punt Returner,healthy,2,0,1,17,2026,71ece68a-acb1-12a8-cce6-9331bdea0f83,s:20~l:28~a:4427095
football,nfl,4599198,Jared Wilson,NE,C,Center,healthy,1,1,0,17,2026,003d3a7c-a5e0-3b5d-a478-6d9bf50c012e,s:20~l:28~a:4599198
football,nfl,4039505,Reggie Gilliam,NE,FB,Fullback,healthy,1,1,0,17,2026,f89e1992-6878-69ea-0fe3-b4d514a1bd0a,s:20~l:28~a:4039505
football,nfl,4259646,Alijah Vera-Tucker,NE,LG,Left Guard,healthy,1,1,0,17,2026,37f6451b-c281-8193-d7e9-c0dc0395a2d8,s:20~l:28~a:4259646
football,nfl,15718,Greg Van Roten,NE,LG,Left Guard,healthy,2,0,1,17,2026,a7ddea19-5b4b-10bf-d3d5-f2e5f900936c,s:20~l:28~a:15718
football,nfl,4685298,Will Campbell,NE,LT,Left Tackle,healthy,1,1,0,17,2026,f46f0143-892d-3a44-aab2-b9ce2072676a,s:20~l:28~a:4685298
football,nfl,4431526,Dametrious Crownover,NE,LT,Left Tackle,healthy,2,0,1,17,2026,1e453821-11ed-350b-a7d1-c6db0c7a2aa0,s:20~l:28~a:4431526
football,nfl,4431452,Drake Maye,NE,QB,Quarterback,healthy,1,1,0,17,2026,2fbd2f9e-624d-3e63-9bb5-9bb965782b68,s:20~l:28~a:4431452
football,nfl,4240391,Tommy DeVito,NE,QB,Quarterback,healthy,2,0,1,17,2026,6902e0f6-2223-d48b-2eb7-e8bdd2f9ce96,s:20~l:28~a:4240391
football,nfl,4431465,Behren Morton,NE,QB,Quarterback,healthy,3,0,1,17,2026,c8031159-d62e-36cb-ab31-c254bc2d4de5,s:20~l:28~a:4431465
football,nfl,4569173,Rhamondre Stevenson,NE,RB,Running Back,healthy,1,1,0,17,2026,819826d3-6398-f473-46df-252be8a68036,s:20~l:28~a:4569173
football,nfl,4432710,TreVeyon Henderson,NE,RB,Running Back,Questionable,2,0,1,17,2026,714eed1f-95d7-3242-83da-3b34074b4424,s:20~l:28~a:4432710
football,nfl,4431431,Corey Kiner,NE,RB,Running Back,healthy,3,0,1,17,2026,9e203f94-bcd5-32ba-9f25-e982073036d7,s:20~l:28~a:4431431
football,nfl,4676889,Myles Montgomery,NE,RB,Running Back,Injured Reserve,4,0,1,17,2026,28024291-4bb9-34dc-9eea-6fbd5de07fc7,s:20~l:28~a:4676889
football,nfl,4046545,Mike Onwenu,NE,RG,Right Guard,healthy,1,1,0,17,2026,44a779a5-c59c-bc8a-bb5f-c1e03b12aa76,s:20~l:28~a:4046545
football,nfl,4428394,Walter Rouse,NE,RG,Right Guard,healthy,2,0,1,17,2026,7d4560cb-9e1c-b8df-4e81-17e5e6963a70,s:20~l:28~a:4428394
football,nfl,16771,Morgan Moses,NE,RT,Right Tackle,healthy,1,1,0,17,2026,62369aa1-bdb6-6b21-ea1e-e79d281fca87,s:20~l:28~a:16771
football,nfl,4921438,Caleb Lomu,NE,RT,Right Tackle,healthy,2,0,1,17,2026,1b7b7a1d-60fb-363b-b243-5003a2c98f94,s:20~l:28~a:4921438
football,nfl,4565293,Marcus Bryant,NE,RT,Right Tackle,Injured Reserve,3,0,1,17,2026,c6357783-3bf6-3aa6-8331-ee75a80bdd26,s:20~l:28~a:4565293
football,nfl,3046439,Hunter Henry,NE,TE,Tight End,healthy,1,1,0,17,2026,aa4d3e91-bafe-5ffe-bae4-36e00386dd19,s:20~l:28~a:3046439
football,nfl,4831959,Eli Raridon,NE,TE,Tight End,healthy,2,0,1,17,2026,6387de16-b056-305b-9ee8-d7262e0e87d5,s:20~l:28~a:4831959
football,nfl,4683308,Tanner Arkin,NE,TE,Tight End,healthy,3,0,1,17,2026,db5e941e-60a5-3783-910d-f3077bc41ef1,s:20~l:28~a:4683308
football,nfl,4372026,Cameron Latu,NE,TE,Tight End,healthy,4,0,1,17,2026,dd9918dd-49b6-b271-d4fe-5a188f521f5e,s:20~l:28~a:4372026
football,nfl,4365395,Julian Hill,NE,TE,Tight End,Injured Reserve,5,0,1,17,2026,45fff139-ee63-e870-a7dc-23ac3755fea6,s:20~l:28~a:4365395
football,nfl,4047646,A.J. Brown,NE,WR,Wide Receiver,healthy,1,1,0,17,2026,53cf1afe-22f9-ea1f-7d9b-a992d25c8ac5,s:20~l:28~a:4047646
football,nfl,4361432,Romeo Doubs,NE,WR,Wide Receiver,healthy,2,0,1,17,2026,931aa964-f11a-a6ef-f449-c1649f193837,s:20~l:28~a:4361432
football,nfl,4427095,DeMario Douglas,NE,WR,Wide Receiver,healthy,3,0,1,17,2026,71ece68a-acb1-12a8-cce6-9331bdea0f83,s:20~l:28~a:4427095
football,nfl,2991662,Mack Hollins,NE,WR,Wide Receiver,healthy,4,0,1,17,2026,f125b093-8b6f-4d5d-8984-87d3babbc871,s:20~l:28~a:2991662
football,nfl,4613202,Kyle Williams,NE,WR,Wide Receiver,healthy,5,0,1,17,2026,2944cdd5-757b-3462-ab34-9d15aa8ef0cf,s:20~l:28~a:4613202
football,nfl,4695193,Efton Chism III,NE,WR,Wide Receiver,healthy,6,0,1,17,2026,c10735fc-cc78-3252-b11a-525d9cb0298e,s:20~l:28~a:4695193
football,nfl,4572655,Jeremiah Webb,NE,WR,Wide Receiver,Injured Reserve,7,0,1,17,2026,4e5eaf92-dfb7-7a60-f6c5-d7bc2240964e,s:20~l:28~a:4572655
